predicted_calc_PCE_percent,DA_manual
8.3254,"['CCCCC(CC)Cc1ccc(-c2c3cc(C)sc3c(-c3ccc(CC(CC)CCCC)s3)c3ccsc23)s1', 'c1ccsc1', 'CCCCC(CC)COC(=O)c1csc2c(C(=O)OCC(CC)CCCC)csc12', 'Cc1cccs1', '.', 'C=C1C(=O)c2ccccc2C1=C(C#N)C#N', 'c1cc2sccc2s1', 'CCCCCCc1ccc(-c2(-c3ccc(CCCCCC)cc3)cccc2)cc1', 'c1ccccc1', 'CCCCCCc1ccc(-c2(-c3ccc(CCCCCC)cc3)cccc2)cc1', 'c1cc2sccc2s1', 'C=C1C(=O)c2ccccc2C1=C(C#N)C#N']"
6.1238313,"['CCCCC(CC)Cc1ccc(-c2c3ccsc3c(-c3ccc(CCCCC(C)CC)s3)c3cc(C)sc23)s1', 'c1ccsc1', 'CCCCCCCCC(CCCCCC)Cn1nc2cc(F)c(F)cc2n1', 'Cc1cccs1', '.', 'C=c1sc(=C(C#N)C#N)n(CC)c1=O', 'CCCCCCCCn1nc2ccccc2n1', 'c1cc2sccc2s1', 'CCCCCCc1ccc(-c2(-c3ccc(CCCCCC)cc3)cccc2)cc1', 'c1ccccc1', 'CCCCCCc1ccc(-c2(-c3ccc(CCCCCC)cc3)cccc2)cc1', 'c1cc2sccc2s1', 'CCCCCCCCn1nc2ccccc2n1', 'C=c1sc(=C(C#N)C#N)n(CC)c1=O']"
6.549841,"['CCCCC(CC)Cc1ccc(-c2c3cc(C)sc3c(-c3ccc(CC(CC)CCCC)s3)c3ccsc23)s1', 'CCCCC(CC)COC(=O)c1sc2csc(C)c2c1F', '.', 'C=C1C(=O)c2ccccc2C1=C(C#N)C#N', 'c1ccsc1', 'CCCCCCc1(CCCCCC)cccc1', 'c1ccccc1', 'CCCCCCc1(CCCCCC)cccc1', 'c1ccsc1', 'C=C1C(=O)c2ccccc2C1=C(C#N)C#N']"
7.0011015,"['CCCCCCCCCCCCSSc1ccc(-c2c3cc(C)sc3c(-c3ccc(SSCCCCCCCCCCCC)s3)c3ccsc23)s1', 'c1ccsc1', 'CCCCCCCCC(CCCCCC)Cn1nc2cc(F)c(F)cc2n1', 'Cc1cccs1', '.', 'C=C1C(=O)c2ccccc2C1=C(C#N)C#N', 'c1ccsc1', 'CCCCCCc1ccc(-c2(-c3ccc(CCCCCC)cc3)cccc2)cc1', 'c1ccccc1', 'CCCCCCc1ccc(-c2(-c3ccc(CCCCCC)cc3)cccc2)cc1', 'c1ccsc1', 'C=C1C(=O)c2ccccc2C1=C(C#N)C#N']"
6.592823,"['CCCCCCCCCCCCSSc1ccc(-c2c3cc(C)sc3c(-c3ccc(SSCCCCCCCCCCCC)s3)c3ccsc23)s1', 'c1ccsc1', 'CCCCCCCCC(CCCCCC)Cn1nc2cc(F)c(F)cc2n1', 'Cc1cccs1', '.', 'C=C/C=C1\\C(=O)c2ccccc2C1=C(C#N)C#N', 'c1ccsc1', 'CCCCCCc1ccc(-c2(-c3ccc(CCCCCC)cc3)cccc2)cc1', 'c1ccccc1', 'CCCCCCc1ccc(-c2(-c3ccc(CCCCCC)cc3)cccc2)cc1', 'c1ccsc1', 'C=C/C=C1\\C(=O)c2ccccc2C1=C(C#N)C#N']"
10.476853,"['CCCCC(CC)Cc1ccc(-c2c3cc(C)sc3c(-c3ccc(CC(CC)CCCC)s3)c3ccsc23)s1', 'c1ccsc1', 'CCCCC(CC)Cc1sc(CC(CC)CCCC)c2c1C(=O)c1cscc1C2=O', 'Cc1cccs1', '.', 'C=C1C(=O)c2cc3ccccc3cc2C1=C(C#N)C#N', 'c1cc2sccc2s1', 'CCCCCCC(CCCC)CSOc1ccc(-c2(-c3ccc(OSCC(CCCC)CCCCCC)cc3)cccc2)cc1', 'c1ccccc1', 'CCCCCCC(CCCC)CSOc1ccc(-c2(-c3ccc(OSCC(CCCC)CCCCCC)cc3)cccc2)cc1', 'c1cc2sccc2s1', 'C=C1C(=O)c2cc3ccccc3cc2C1=C(C#N)C#N']"
10.500405,"['CCCCC(CC)Cc1ccc(-c2c3ccsc3c(-c3ccc(CCCCC(C)CC)s3)c3cc(C)sc23)s1', 'c1ccsc1', 'CCCCCCCCC(CCCCCC)Cn1nc2cc(F)c(F)cc2n1', 'Cc1cccs1', '.', 'C=C1C(=O)c2cc(F)c(F)cc2C1=C(C#N)C#N', 'CCCCC(CC)COc1ccsc1', 'c1ccsc1', 'CCCCCCc1ccc(-c2(-c3ccc(CCCCCC)cc3)cccc2)cc1', 'c1ccccc1', 'CCCCCCc1ccc(-c2(-c3ccc(CCCCCC)cc3)cccc2)cc1', 'c1ccsc1', 'CCCCC(CC)COc1ccsc1', 'C=C1C(=O)c2cc(F)c(F)cc2C1=C(C#N)C#N']"
10.931431,"['CCC[Si](CCC)(CCC)c1ccc(-c2c3cc(C)sc3c(-c3ccc([Si](CCC)(CCC)CCC)s3)c3ccsc23)s1', 'c1ccsc1', 'CCCCCCCCC(CCCCCC)Cn1nc2cc(F)c(F)cc2n1', 'Cc1cccs1', '.', 'C=C1C(=O)c2cscc2C1=C(C#N)C#N', 'c1cc2sccc2s1', 'CCCCCCc1ccc(-c2(-c3ccc(CCCCCC)cc3)cccc2)cc1', 'c1ccccc1', 'CCCCCCc1ccc(-c2(-c3ccc(CCCCCC)cc3)cccc2)cc1', 'c1cc2sccc2s1', 'C=C1C(=O)c2cscc2C1=C(C#N)C#N']"
6.1544557,"['CCCCC(CC)Cc1ccc(-c2c3ccsc3c(-c3ccc(CCCCC(C)CC)s3)c3cc(C)sc23)s1', 'c1ccsc1', 'CCCCCCCCC(CCCCCC)Cn1nc2cc(F)c(F)cc2n1', 'Cc1cccs1', '.', 'C=C1C(=O)c2ccccc2C1=C(C#N)C#N', 'c1cc2sccc2s1', 'CCCCCCc1ccc(-c2(-c3ccc(CCCCCC)cc3)cccc2)cc1', 'c1ccccc1', 'CCCCCCc1ccc(-c2(-c3ccc(CCCCCC)cc3)cccc2)cc1', 'c1cc2sccc2s1', 'C=C1C(=O)c2ccccc2C1=C(C#N)C#N']"
10.401967,"['CCCCCCCCCCCCSSc1ccc(-c2c3cc(C)sc3c(-c3ccc(SSCCCCCCCCCCCC)s3)c3ccsc23)s1', 'c1ccsc1', 'CCCCCCCCC(CCCCCC)Cn1nc2cc(F)c(F)cc2n1', 'Cc1cccs1', '.', 'C=C1C(=O)c2ccccc2C1=C(C#N)C#N', 'c1cc2sccc2s1', 'CCCCCCc1cccc(-c2(-c3cccc(CCCCCC)c3)cccc2)c1', 'c1ccccc1', 'CCCCCCc1cccc(-c2(-c3cccc(CCCCCC)c3)cccc2)c1', 'c1cc2sccc2s1', 'C=C1C(=O)c2ccccc2C1=C(C#N)C#N']"
7.826374,"['CCCCCCCCCCCCSSc1ccc(-c2c3cc(C)sc3c(-c3ccc(SSCCCCCCCCCCCC)s3)c3ccsc23)s1', 'c1ccoc1', 'CCCCCCCCC(CCCCCC)Cn1nc2cc(F)c(F)cc2n1', 'Cc1ccco1', '.', 'C=C1C(=O)c2ccccc2C1=C(C#N)C#N', 'c1cc2sccc2s1', 'CCCCCCc1ccc(-c2(-c3ccc(CCCCCC)cc3)cccc2)cc1', 'c1ccccc1', 'CCCCCCc1ccc(-c2(-c3ccc(CCCCCC)cc3)cccc2)cc1', 'c1cc2sccc2s1', 'C=C1C(=O)c2ccccc2C1=C(C#N)C#N']"
8.672369,"['CCC[Si](CCC)(CCC)c1ccc(-c2c3cc(C)oc3c(-c3ccc([Si](CCC)(CCC)CCC)s3)c3ccoc23)s1', 'c1ccsc1', 'CCCCCCCCC(CCCCCC)Cn1nc2cc(F)c(F)cc2n1', 'Cc1cccs1', '.', 'C=C1C(=O)c2ccccc2C1=C(C#N)C#N', 'c1cc2sccc2s1', 'CCCCCCc1cccc(-c2(-c3cccc(CCCCCC)c3)cccc2)c1', 'c1ccccc1', 'CCCCCCc1cccc(-c2(-c3cccc(CCCCCC)c3)cccc2)c1', 'c1cc2sccc2s1', 'C=C1C(=O)c2ccccc2C1=C(C#N)C#N']"
5.712747,"['CCCCC(CC)Cc1ccc(-c2c3cc(C)sc3c(-c3ccc(CC(CC)CCCC)s3)c3ccsc23)s1', 'Cc1scc(F)c1F', '.', 'C=C1C(=O)c2ccccc2C1=C(C#N)C#N', 'c1cc2sccc2s1', 'CCCCCCc1ccc(-c2(-c3ccc(CCCCCC)cc3)cccc2)cc1', 'c1ccccc1', 'CCCCCCc1ccc(-c2(-c3ccc(CCCCCC)cc3)cccc2)cc1', 'c1cc2sccc2s1', 'C=C1C(=O)c2ccccc2C1=C(C#N)C#N']"
6.4782853,"['CCCCC(CC)COc1c2cc(C)sc2c(OCC(CC)CCCC)c2ccsc12', 'Cc1cccs1', '.', 'C=C1C(=O)c2ccccc2C1=C(C#N)C#N', 'c1cc2sccc2s1', 'CCCCCCc1ccc(-c2(-c3ccc(CCCCCC)cc3)cccc2)cc1', 'c1ccccc1', 'CCCCCCc1ccc(-c2(-c3ccc(CCCCCC)cc3)cccc2)cc1', 'c1cc2sccc2s1', 'C=C1C(=O)c2ccccc2C1=C(C#N)C#N']"
5.712747,"['CCCCC(CC)Cc1ccc(-c2c3cc(C)sc3c(-c3ccc(CC(CC)CCCC)s3)c3ccsc23)s1', 'Cc1scc(F)c1F', '.', 'C=C1C(=O)c2ccccc2C1=C(C#N)C#N', 'c1cc2sccc2s1', 'CCCCCCc1ccc(-c2(-c3ccc(CCCCCC)cc3)cccc2)cc1', 'c1ccccc1', 'CCCCCCc1ccc(-c2(-c3ccc(CCCCCC)cc3)cccc2)cc1', 'c1cc2sccc2s1', 'C=C1C(=O)c2ccccc2C1=C(C#N)C#N']"
6.880468,"['CCCCC(CC)Cc1ccc(-c2c3cc(C)sc3c(-c3ccc(CC(CC)CCCC)s3)c3ccsc23)s1', 'Cc1cccs1', 'CCCCCCC(CCCC)CSOC(=O)c1ccsc1', '.', 'C=C1C(=O)c2ccccc2C1=C(C#N)C#N', 'c1cc2sccc2s1', 'CCCCCCc1ccc(-c2(-c3ccc(CCCCCC)cc3)cccc2)cc1', 'c1ccccc1', 'CCCCCCc1ccc(-c2(-c3ccc(CCCCCC)cc3)cccc2)cc1', 'c1cc2sccc2s1', 'C=C1C(=O)c2ccccc2C1=C(C#N)C#N']"
7.1363974,"['CCCCC(CC)CSc1ccc(-c2c3cc(C)sc3c(-c3ccc(SCC(CC)CCCC)s3)c3ccsc23)s1', 'Cc1cccs1', 'CCCCCCC(CCCC)CSOC(=O)c1ccsc1', '.', 'C=C1C(=O)c2ccccc2C1=C(C#N)C#N', 'c1cc2sccc2s1', 'CCCCCCc1ccc(-c2(-c3ccc(CCCCCC)cc3)cccc2)cc1', 'c1ccccc1', 'CCCCCCc1ccc(-c2(-c3ccc(CCCCCC)cc3)cccc2)cc1', 'c1cc2sccc2s1', 'C=C1C(=O)c2ccccc2C1=C(C#N)C#N']"
8.0528555,"['CCCCC(CC)Cc1ccc(-c2c3cc(C)sc3c(-c3ccc(CC(CC)CCCC)s3)c3ccsc23)s1', 'CCCCC(CC)Cc1ccsc1', 'O=C1c2ccccc2C(=O)c2cscc21', 'CCCCC(CC)Cc1ccsc1C', '.', 'C=C1C(=O)c2ccccc2C1=C(C#N)C#N', 'c1cc2sccc2s1', 'CCCCCCc1ccc(-c2(-c3ccc(CCCCCC)cc3)cccc2)cc1', 'c1ccccc1', 'CCCCCCc1ccc(-c2(-c3ccc(CCCCCC)cc3)cccc2)cc1', 'c1cc2sccc2s1', 'C=C1C(=O)c2ccccc2C1=C(C#N)C#N']"
10.026901,"['CCCCCCC(CCCC)CSSc1ccc(-c2c3cc(C)sc3c(-c3ccc(SSCC(CCCC)CCCCCC)s3)c3ccsc23)s1', 'c1ccsc1', 'CCCCCCCCc1ccc(-c2nc3ccc4c(ccc5nc(-c6ccc(CCCCCCCC)s6)c(-c6ccc(CCCCCCCC)s6)nc54)c3nc2-c2ccc(CCCCCCCC)s2)s1', 'Cc1cccs1', '.', 'C=C1C(=O)c2ccccc2C1=C(C#N)C#N', 'c1cc2sccc2s1', 'CCCCCCc1ccc(-c2(-c3ccc(CCCCCC)cc3)cccc2)cc1', 'c1ccccc1', 'CCCCCCc1ccc(-c2(-c3ccc(CCCCCC)cc3)cccc2)cc1', 'c1cc2sccc2s1', 'C=C1C(=O)c2ccccc2C1=C(C#N)C#N']"
8.419156,"['CCCCCCCCC(CCCCCC)Cc1ccc(-c2c3ccsc3c(-c3ccc(CCCCC(CS)CCCCCC)s3)c3cc(C)sc23)s1', 'c1ccsc1', 'CCCCCCC(CCCC)CSn1nc2cc(F)c(F)cc2n1', 'Cc1cccs1', '.', 'C=C1C(=O)c2ccccc2C1=C(C#N)C#N', 'c1cc2sccc2s1', 'CCCCCCc1ccc(-c2(-c3ccc(CCCCCC)cc3)cccc2)cc1', 'c1ccccc1', 'CCCCCCc1ccc(-c2(-c3ccc(CCCCCC)cc3)cccc2)cc1', 'c1cc2sccc2s1', 'C=C1C(=O)c2ccccc2C1=C(C#N)C#N']"
10.914258,"['CCCCCCC(CCCC)CSc1c2cc(C)sc2c(SCC(CCCC)CCCCCC)c2ccsc12', 'c1ccsc1', 'CCCCCCC(CCCC)CSn1nc2cc(F)c(F)cc2n1', 'Cc1cccs1', '.', 'C=C1C(=O)c2cc(F)c(F)cc2C1=C(C#N)C#N', 'c1cc2sccc2s1', 'CCCCCCc1ccc(-c2(-c3ccc(CCCCCC)s3)cccc2)s1', 'c1ccccc1', 'CCCCCCc1ccc(-c2(-c3ccc(CCCCCC)s3)cccc2)s1', 'c1cc2sccc2s1', 'C=C1C(=O)c2cc(F)c(F)cc2C1=C(C#N)C#N']"
10.264546,"['CCCCCCCC[Si](C)(C)c1ccc(-c2c3ccsc3c(-c3ccc(CCCCCCCC[Si](C)C)s3)c3cc(C)sc23)s1', 'c1ccsc1', 'CCCCCCCCC(CCCCCC)Cn1nc2cc(F)c(F)cc2n1', 'Cc1cccs1', '.', 'C=C1C(=O)c2ccccc2C1=C(C#N)C#N', 'c1cc2sccc2s1', 'CCCCCCc1cccc(-c2(-c3cccc(CCCCCC)c3)cccc2)c1', 'c1ccccc1', 'CCCCCCc1cccc(-c2(-c3cccc(CCCCCC)c3)cccc2)c1', 'c1cc2sccc2s1', 'C=C1C(=O)c2ccccc2C1=C(C#N)C#N']"
11.695332,"['CCCCC(CC)Cc1ccc(-c2c3cc(C)sc3c(-c3ccc(CC(CC)CCCC)s3)c3ccsc23)s1', 'c1ccsc1', 'CCCCC(CC)Cc1sc(CC(CC)CCCC)c2c1C(=O)c1cscc1C2=O', 'Cc1cccs1', '.', 'C=C1C(=O)c2c(csc2C)C1=C(C#N)C#N', 'c1cc2sccc2s1', 'CCCCCCc1cccc(-c2(-c3cccc(CCCCCC)c3)cccc2)c1', 'c1ccccc1', 'CCCCCCc1cccc(-c2(-c3cccc(CCCCCC)c3)cccc2)c1', 'c1cc2sccc2s1', 'C=C1C(=O)c2c(csc2C)C1=C(C#N)C#N']"
8.800468,"['CCCCCCCCCCCCSSc1ccc(-c2c3cc(C)sc3c(-c3ccc(SSCCCCCCCCCCCC)s3)c3ccsc23)s1', 'c1ccsc1', 'CCCCCCCCC(CCCCCC)Cn1nc2cc(F)c(F)cc2n1', 'Cc1cccs1', '.', 'C=C1SC(=S)N(CC)C1=O', 'c1ccc(-c2nc3cscc3nc2-c2ccccc2)cc1', 'c1ccccc1', 'CCCCCCCCc1(CCCCCCCC)cccc1', 'c1ccccc1', 'c1ccc(-c2nc3cscc3nc2-c2ccccc2)cc1', 'C=C1SC(=S)N(CC)C1=O']"
12.58552,"['CCCCC(CC)Cc1sc(-c2c3cc(C)sc3c(-c3cc(F)c(CC(CC)CCCC)s3)c3ccsc23)cc1F', 'c1ccsc1', 'CCCCC(CC)Cc1sc(CC(CC)CCCC)c2c1C(=O)c1cscc1C2=O', 'c1ccsc1', '.', 'C=C1C(=O)c2cc(F)c(F)cc2C1=C(C#N)C#N', 'c1cc2sccc2s1', 'CCCCCCc1ccc(-c2(-c3ccc(CCCCCC)cc3)cccc2)cc1', 'c1ccccc1', 'CCCCCCc1ccc(-c2(-c3ccc(CCCCCC)cc3)cccc2)cc1', 'c1cc2sccc2s1', 'C=C1C(=O)c2cc(F)c(F)cc2C1=C(C#N)C#N']"
1.2024897,"['CCCCCCCCn1c2ccccc2c2ccc(C)cc21', 'c1ccsc1', 'CCCCCCCCCCCCSOc1cc2nsnc2cc1OSCCCCCCCCCCCC', 'Cc1cccs1', '.', 'CCCCCCCCN1C(=O)c2cccc3cccc(c23)C1=O', 'c1ccsc1', 'c1ccccc1', 'c1ccsc1', 'CCCCCCCCN1C(=O)c2cccc3cccc(c23)C1=O']"
8.170009,"['CCCCC(CC)Cc1ccc(-c2c3cc(C)sc3c(-c3ccc(CC(CC)CCCC)s3)c3ccsc23)s1', 'CCCCC(CC)COC(=O)c1sc2csc(C)c2c1F', '.', 'C=C1C(=O)c2ccccc2C1=C(C#N)C#N', 'CCCCC(CC)COc1ccsc1', 'c1ccsc1', 'CCCCCCc1ccc(-c2(-c3ccc(CCCCCC)cc3)cccc2)cc1', 'c1ccccc1', 'CCCCCCc1ccc(-c2(-c3ccc(CCCCCC)cc3)cccc2)cc1', 'c1ccsc1', 'CCCCC(CC)COc1ccsc1', 'C=C1C(=O)c2ccccc2C1=C(C#N)C#N']"
7.9258566,"['CCCCC(CC)Cc1ccc(-c2c3cc(C)sc3c(-c3ccc(CC(CC)CCCC)s3)c3ccsc23)s1', 'CCCCC(CC)COC(=O)c1cc2c(C)scc2s1', '.', 'C=C1C(=O)c2ccccc2C1=C(C#N)C#N', 'CCCCC(CC)COc1ccsc1', 'c1ccsc1', 'CCCCCCc1ccc(-c2(-c3ccc(CCCCCC)cc3)cccc2)cc1', 'c1ccccc1', 'CCCCCCc1ccc(-c2(-c3ccc(CCCCCC)cc3)cccc2)cc1', 'c1ccsc1', 'CCCCC(CC)COc1ccsc1', 'C=C1C(=O)c2ccccc2C1=C(C#N)C#N']"
11.19371,"['CCCCC(CC)Cc1ccc(-c2c3cc(C)sc3c(-c3ccc(CC(CC)CCCC)s3)c3ccsc23)s1', 'c1ccsc1', 'CCCCC(CC)Cc1sc(CC(CC)CCCC)c2c1C(=O)c1cscc1C2=O', 'Cc1cccs1', '.', 'C=C1C(=O)c2cc(F)c(F)cc2C1=C(C#N)C#N', 'CCCCCCCCc1cc2cscc2s1', 'c1ccccc1', 'CCCCC(CC)Cc1(CC(CC)CCCC)ccc2=c-1ccc-2(CC(CC)CCCC)CC(CC)CCCC', 'c1ccccc1', 'CCCCCCCCc1cc2cscc2s1', 'C=C1C(=O)c2cc(F)c(F)cc2C1=C(C#N)C#N']"
2.9874284,"['CCCCCCc1ccsc1C', 'CCCCCCc1ccsc1', 'CCCCCCc1ccsc1', 'CCCCCCc1csc(C)c1', '.', 'C=C1SC(=S)N(CC)C1=O', 'c1ccsc1', 'CCCCCCCCN1C(=O)c2ccc3c4c(ccc(c24)C1=O)C(=O)N(CCCCCCCC)C3=O', 'c1ccsc1', 'C=C1SC(=S)N(CC)C1=O']"
5.6399693,"['CCCCCCCC[Si]1(CCCCCCCC)c2ccsc2-c2sc(C)cc21', 'CCCCCCn1nc2ccc(F)cc2n1', 'CCCCCCCC[Si]1(CCCCCCCC)c2ccsc2-c2sccc21', 'CCCCCCn1nc2ccc(F)c(C)c2n1', '.', 'C=C1SC(=S)N(CC)C1=O', 'c1ccsc1', 'CCCCC(CC)CN1CC2C(=O)N(CC(CC)CCCC)CC2C1=O', 'c1ccsc1', 'C=C1SC(=S)N(CC)C1=O']"
9.911589,"['CCCCC(CC)Cc1ccc(-c2c3cc(C)sc3c(-c3ccc(CC(CC)CCCC)s3)c3ccsc23)s1', 'CCCCC(CC)COC(=O)c1sc2csc(C)c2c1F', '.', 'C=C1C(=O)c2cc(F)ccc2C1=C(C#N)C#N', 'c1cc2sccc2s1', 'CCCCCCc1ccc(-c2(-c3ccc(CCCCCC)cc3)cccc2)cc1', 'c1cc2sccc2s1', 'CCCCCCc1ccc(-c2(-c3ccc(CCCCCC)cc3)cccc2)cc1', 'c1cc2sccc2s1', 'C=C1C(=O)c2cc(F)ccc2C1=C(C#N)C#N']"
9.4029045,"['CCCCC(CC)Cc1ccc(-c2c3cc(C)sc3c(-c3ccc(CC(CC)CCCC)s3)c3ccsc23)s1', 'c1ccsc1', 'CCCCC(CC)Cc1sc(CC(CC)CCCC)c2c1C(=O)c1cscc1C2=O', 'Cc1cccs1', '.', 'C=C1C(=O)c2ccc(OCC)cc2C1=C(C#N)C#N', 'c1cc2sccc2s1', 'CCCCCCc1ccc(-c2(-c3ccc(CCCCCC)cc3)cccc2)cc1', 'c1ccccc1', 'CCCCCCc1ccc(-c2(-c3ccc(CCCCCC)cc3)cccc2)cc1', 'c1cc2sccc2s1', 'C=C1C(=O)c2ccc(OCC)cc2C1=C(C#N)C#N']"
9.288978,"['CCCCC(CC)Cc1ccc(-c2c3cc(C)sc3c(-c3ccc(CC(CC)CCCC)s3)c3ccsc23)s1', 'CCCCCCCCN1C(=O)c2csc(C)c2C1=O', '.', 'C=C1C(=O)c2cc(F)ccc2C1=C(C#N)C#N', 'c1cc2sccc2s1', 'CCCCCCc1ccc(-c2(-c3ccc(CCCCCC)cc3)cccc2)cc1', 'c1ccccc1', 'CCCCCCc1ccc(-c2(-c3ccc(CCCCCC)cc3)cccc2)cc1', 'c1cc2sccc2s1', 'C=C1C(=O)c2cc(F)ccc2C1=C(C#N)C#N']"
8.484182,"['CCCCC(CC)Cc1ccc(-c2c3cc(C)sc3c(-c3ccc(CC(CC)CCCC)s3)c3ccsc23)s1', 'CCCCCCCCN1C(=O)c2csc(C)c2C1=O', '.', 'C=C1C(=O)c2cc(Cl)ccc2C1=C(C#N)C#N', 'c1cc2sccc2s1', 'CCCCCCc1ccc(-c2(-c3ccc(CCCCCC)cc3)cccc2)cc1', 'c1ccccc1', 'CCCCCCc1ccc(-c2(-c3ccc(CCCCCC)cc3)cccc2)cc1', 'c1cc2sccc2s1', 'C=C1C(=O)c2cc(Cl)ccc2C1=C(C#N)C#N']"
2.735351,"['CCCCCCc1ccsc1C', 'CCCCCCc1ccsc1', 'CCCCCCc1ccsc1', 'CCCCCCc1csc(C)c1', '.', 'C=C1SC(=S)N(CC)C1=O', 'c1ccc2nsnc2c1', 'c1ccccc1', 'CCCCCCCCc1(CCCCCCCC)cccc1', 'c1ccccc1', 'c1ccc2nsnc2c1', 'C=C1SC(=S)N(CC)C1=O']"
3.1074674,"['CCCCCCc1ccsc1C', 'CCCCCCc1ccsc1', 'CCCCCCc1ccsc1', 'CCCCCCc1csc(C)c1', '.', 'CCCCCCCCCCCCC(CCCCCCCCCC)CN1C(=O)c2ccccc2C1=O', 'c1ccsc1', 'O=C1c2ccccc2-c2ccccc21', 'c1ccsc1', 'CCCCCCCCCCCCC(CCCCCCCCCC)CN1C(=O)c2ccccc2C1=O']"
6.799825,"['CCCCCCCCCCCCC(CCCCCCCCCC)Cc1ccsc1C', 'Fc1cc2nsnc2cc1F', 'CCCCCCCCCCCCC(C)CCCCCCCCCCc1ccsc1', 'c1ccsc1', 'Cc1cccs1', '.', 'C=C1SC(=S)N(CC)C1=O', 'c1ccc2nsnc2c1', 'c1ccccc1', 'CCCCCCCCc1(CCCCCCCC)cccc1', 'c1ccccc1', 'c1ccc2nsnc2c1', 'C=C1SC(=S)N(CC)C1=O']"
6.9342747,"['CCCCCCCCCCCCC(CCCCCCCCCC)Cc1ccsc1C', 'Fc1cc2nsnc2cc1F', 'CCCCCCCCCCCCC(C)CCCCCCCCCCc1ccsc1', 'c1ccsc1', 'Cc1cccs1', '.', 'C=C1C(=O)N(CC)C(=S)N(CC)C1=O', 'c1ccsc1', 'c1ccccc1', 'CCCCCCCCc1(CCCCCCCC)cccc1', 'c1ccccc1', 'c1ccsc1', 'C=C1C(=O)N(CC)C(=S)N(CC)C1=O']"
8.383484,"['CCCCCCCCCCCCC(CCCCCCCCCC)Cc1ccsc1C', 'Fc1cc2nsnc2cc1F', 'CCCCCCCCCCCCC(C)CCCCCCCCCCc1ccsc1', 'c1ccsc1', 'Cc1cccs1', '.', 'C=C1SC(=S)N(CC)C1=O', 'c1ccc2nsnc2c1', 'c1ccccc1', 'CCCCC(CC)Cc1(CC(CC)CCCC)cccc1', 'c1ccccc1', 'CCCCC(CC)Cc1(CC(CC)CCCC)cccc1', 'c1ccccc1', 'c1ccc2nsnc2c1', 'C=C1SC(=S)N(CC)C1=O']"
8.788594,"['CCC[Si](CCC)(CCC)c1ccc(-c2c3cc(C)sc3c(-c3ccc([Si](CCC)(CCC)CCC)s3)c3ccsc23)s1', 'c1ccsc1', 'CCCCCCCCC(CCCCCC)Cn1nc2cc(F)c(F)cc2n1', 'Cc1cccs1', '.', 'C=c1sc(=C(C#N)C#N)n(CC)c1=O', 'c1ccc2nsnc2c1', 'CCCCCCC(CCCC)CSc1ccsc1', 'c1nc2scnc2s1', 'CCCCCCC(CS)CCCCc1ccsc1', 'c1ccc2nsnc2c1', 'C=c1sc(=C(C#N)C#N)n(CC)c1=O']"
10.316182,"['CCCCC(CC)Cc1ccc(-c2c3cc(C)sc3c(-c3ccc(CC(CC)CCCC)s3)c3ccsc23)s1', 'c1ccsc1', 'CCCCC(CC)COc1c(F)cc(-c2nc3cc(F)c(F)cc3nc2-c2cc(F)c(OCC(CC)CCCC)c(F)c2)cc1F', 'Cc1cccs1', '.', 'C=C1C(=O)c2cscc2C1=C(C#N)C#N', 'c1cc2sccc2s1', 'CCCCCCc1ccc(-c2(-c3ccc(CCCCCC)cc3)cccc2)cc1', 'c1ccccc1', 'CCCCCCc1ccc(-c2(-c3ccc(CCCCCC)cc3)cccc2)cc1', 'c1cc2sccc2s1', 'C=C1C(=O)c2cscc2C1=C(C#N)C#N']"
11.189088,"['CCCCC(CC)Cc1ccc(-c2c3cc(C)sc3c(-c3ccc(CC(CC)CCCC)s3)c3ccsc23)s1', 'c1ccsc1', 'CCCCC(CC)Cc1sc(CC(CC)CCCC)c2c1C(=O)c1cscc1C2=O', 'Cc1cccs1', '.', 'C=C1C(=O)c2cscc2C1=C(C#N)C#N', 'c1cc2sccc2s1', 'CCCCCCc1ccc(-c2(-c3ccc(CCCCCC)s3)cccc2)s1', 'c1ccccc1', 'CCCCCCc1ccc(-c2(-c3ccc(CCCCCC)s3)cccc2)s1', 'c1cc2sccc2s1', 'C=C1C(=O)c2cscc2C1=C(C#N)C#N']"
10.764555,"['CCCCC(CC)Cc1ccc(-c2c3cc(C)sc3c(-c3ccc(CC(CC)CCCC)s3)c3ccsc23)s1', 'c1ccsc1', 'CCCCC(CC)Cc1sc(CC(CC)CCCC)c2c1C(=O)c1cscc1C2=O', 'Cc1cccs1', '.', 'C=C1C(=O)c2cscc2C1=C(C#N)C#N', 'c1cc2sccc2s1', 'CCCCCCc1ccc(-c2(-c3ccc(CCCCCC)[se]3)cccc2)[se]1', 'c1ccccc1', 'CCCCCCc1ccc(-c2(-c3ccc(CCCCCC)[se]3)cccc2)[se]1', 'c1cc2sccc2s1', 'C=C1C(=O)c2cscc2C1=C(C#N)C#N']"
9.949483,"['CCCCC(CC)Cc1ccc(-c2c3cc(C)sc3c(-c3ccc(CC(CC)CCCC)s3)c3ccsc23)s1', 'CCCCC(CC)COC(=O)c1sc2csc(C)c2c1F', '.', 'C=C1C(=O)c2cc(F)c(F)cc2C1=C(C#N)C#N', 'CCCCC(CC)COc1ccsc1', 'c1ccsc1', 'CCCCCCc1ccc(-c2(-c3ccc(CCCCCC)cc3)cccc2)cc1', 'c1ccccc1', 'CCCCCCc1ccc(-c2(-c3ccc(CCCCCC)cc3)cccc2)cc1', 'c1ccsc1', 'CCCCC(CC)COc1ccsc1', 'C=C1C(=O)c2cc(F)c(F)cc2C1=C(C#N)C#N']"
4.741254,"['CCCCC(CC)Cc1ccc(-c2c3cc(C)sc3c(-c3ccc(CC(CC)CCCC)s3)c3ccsc23)s1', 'CCCCC(CC)CC(=O)c1cc2c(C)scc2s1', '.', 'C=C(C#N)C#N', 'c1ccc2nsnc2c1', 'c1ccsc1', 'CCCCCCc1ccc(-c2(-c3ccc(CCCCCC)cc3)cccc2)cc1', 'c1ccccc1', 'CCCCCCc1ccc(-c2(-c3ccc(CCCCCC)cc3)cccc2)cc1', 'c1ccsc1', 'c1ccc2nsnc2c1', 'C=C(C#N)C#N']"
9.73591,"['CCCCC(CC)Cc1sc(-c2c3cc(C)sc3c(-c3cc(F)c(CC(CC)CCCC)s3)c3ccsc23)cc1F', 'c1ccsc1', 'CCCCC(CC)Cc1sc(CC(CC)CCCC)c2c1C(=O)c1cscc1C2=O', 'Cc1cccs1', '.', 'C=C1C(=O)c2ccc(C)cc2C1=C(C#N)C#N', 'c1ccsc1', 'CCCCCCc1(CCCCCC)cccc1', 'c1ccccc1', 'CCCCCCc1(CCCCCC)cccc1', 'c1ccsc1', 'C=C1C(=O)c2ccc(C)cc2C1=C(C#N)C#N']"
2.0397236,"['CCCCCCc1ccsc1C', 'CCCCCCc1ccsc1', 'CCCCCCc1ccsc1', 'CCCCCCc1csc(C)c1', '.', 'CCCCC(CC)CN1C(=O)c2cccc3cccc(c23)C1=O', 'c1ccsc1', 'CCCCCCc1ccc(-c2csc3c(-c4ccc(CCCCCC)s4)csc23)s1', 'c1ccsc1', 'CCCCC(CC)CN1C(=O)c2cccc3cccc(c23)C1=O']"
3.9144042,"['CCCCC(CC)Cc1ccc(-c2c3cc(C)sc3c(-c3ccc(CC(CC)CCCC)s3)c3ccsc23)s1', 'CCCCC(CC)COC(=O)c1sc2csc(C)c2c1F', '.', 'C=C1C(=O)c2ccccc2C1=C(C#N)C#N', 'c1ccsc1', 'c1ccccc1', 'CCCCCCCCc1(CCCCCCCC)cccc1', 'c1ccccc1', 'c1ccsc1', 'C=C1C(=O)c2ccccc2C1=C(C#N)C#N']"
4.387854,"['CCCCCCc1ccsc1C', 'CCCCCCc1ccsc1', 'CCCCCCc1ccsc1', 'CCCCCCc1csc(C)c1', '.', 'C=C1SC(=S)N(CC)C1=O', 'CCCCCCCCn1nc2cc(OC)c(OC)cc2n1', 'c1ccsc1', 'CCCCCCc1ccc(-c2(-c3ccc(CCCCCC)cc3)cccc2)cc1', 'c1ccccc1', 'CCCCCCc1ccc(-c2(-c3ccc(CCCCCC)cc3)cccc2)cc1', 'c1ccsc1', 'CCCCCCCCn1nc2cc(OC)c(OC)cc2n1', 'C=C1SC(=S)N(CC)C1=O']"
9.611,"['CCCCC(CC)Cc1ccc(-c2c3cc(C)sc3c(-c3ccc(CC(CC)CCCC)s3)c3ccsc23)s1', 'CCCCC(CC)COC(=O)c1sc2csc(C)c2c1F', '.', 'C=C1C(=O)c2ccccc2C1=C(C#N)C#N', 'c1cc2sccc2s1', 'CCCCCCc1ccc(-c2(-c3ccc(CCCCCC)cc3)cccc2)cc1', 'c1cc2sccc2s1', 'CCCCCCc1ccc(-c2(-c3ccc(CCCCCC)cc3)cccc2)cc1', 'c1cc2sccc2s1', 'C=C1C(=O)c2ccccc2C1=C(C#N)C#N']"
9.976526,"['CCCCCCCCCCC(CCCCCCCC)Cc1ccsc1C', 'Fc1cc2nsnc2cc1F', 'CCCCCCCCC(C)CCCCCCCCCCc1ccsc1', 'c1ccsc1', 'Cc1cccs1', '.', 'C=C1SC(=S)N(CC)C1=O', 'c1ccc2nsnc2c1', 'c1ccsc1', 'CCCCC(CC)Cc1(CC(CC)CCCC)cccc1', 'c1ccccc1', 'CCCCC(CC)Cc1(CC(CC)CCCC)cccc1', 'c1ccsc1', 'c1ccc2nsnc2c1', 'C=C1SC(=S)N(CC)C1=O']"
9.368291,"['CCC[Si](CCC)(CCC)c1ccc(-c2c3cc(C)sc3c(-c3ccc([Si](CCC)(CCC)CCC)s3)c3ccsc23)s1', 'c1ccsc1', 'CCCCCCCCC(CCCCCC)Cn1nc2cc(F)c(F)cc2n1', 'Cc1cccs1', '.', 'C=C1C(=O)c2ccccc2C1=C(C#N)C#N', 'c1cc2sccc2s1', 'CCCCCCc1ccc(-c2(-c3ccc(CCCCCC)cc3)cccc2)cc1', 'c1ccccc1', 'CCCCCCc1ccc(-c2(-c3ccc(CCCCCC)cc3)cccc2)cc1', 'c1cc2sccc2s1', 'C=C1C(=O)c2ccccc2C1=C(C#N)C#N']"
9.949483,"['CCCCC(CC)Cc1ccc(-c2c3cc(C)sc3c(-c3ccc(CC(CC)CCCC)s3)c3ccsc23)s1', 'CCCCC(CC)COC(=O)c1sc2csc(C)c2c1F', '.', 'C=C1C(=O)c2cc(F)c(F)cc2C1=C(C#N)C#N', 'CCCCC(CC)COc1ccsc1', 'c1ccsc1', 'CCCCCCc1ccc(-c2(-c3ccc(CCCCCC)cc3)cccc2)cc1', 'c1ccccc1', 'CCCCCCc1ccc(-c2(-c3ccc(CCCCCC)cc3)cccc2)cc1', 'c1ccsc1', 'CCCCC(CC)COc1ccsc1', 'C=C1C(=O)c2cc(F)c(F)cc2C1=C(C#N)C#N']"
11.117603,"['CCCCC(CC)Cc1ccc(-c2c3cc(C)sc3c(-c3ccc(CC(CC)CCCC)s3)c3ccsc23)s1', 'c1ccsc1', 'CCCCC(CC)Cc1sc(CC(CC)CCCC)c2c1C(=O)c1cscc1C2=O', 'Cc1cccs1', '.', 'C=C1C(=O)c2ccc(C)cc2C1=C(C#N)C#N', 'c1cc2sccc2s1', 'CCCCCCc1ccc(-c2(-c3ccc(CCCCCC)cc3)cccc2)cc1', 'c1ccccc1', 'CCCCCCc1ccc(-c2(-c3ccc(CCCCCC)cc3)cccc2)cc1', 'c1cc2sccc2s1', 'C=C1C(=O)c2ccc(C)cc2C1=C(C#N)C#N']"
7.077303,"['CCCCC(CC)CSc1ccc(-c2c3cc(C)sc3c(-c3ccc(SCC(CC)CCCC)s3)c3ccsc23)s1', 'c1ccsc1', 'CCCCC(CC)Cc1sc(CC(CC)CCCC)c2c1C(=O)c1cscc1C2=O', 'Cc1cccs1', '.', 'C=C1C(=O)c2ccccc2C1=C(C#N)C#N', 'c1cc2sccc2s1', 'CCCCC(CC)CSc1ccc(-c2(-c3ccc(SCC(CC)CCCC)cc3)cccc2)cc1', 'c1ccccc1', 'CCCCC(CC)CSc1ccc(-c2(-c3ccc(SCC(CC)CCCC)cc3)cccc2)cc1', 'c1cc2sccc2s1', 'C=C1C(=O)c2ccccc2C1=C(C#N)C#N']"
8.509232,"['CCCCC(CC)Cc1c(F)cc(-c2c3cc(C)sc3c(-c3cc(F)c(CC(CC)CCCC)c(F)c3)c3ccsc23)cc1F', 'c1ccsc1', 'CCCCCCCCN1C(=O)c2cc3nn(CC(CC)CCCC)nc3cc2C1=O', 'Cc1cccs1', '.', 'C=C1C(=O)c2ccccc2C1=C(C#N)C#N', 'c1cc2sccc2s1', 'CCCCCCc1ccc(-c2(-c3ccc(CCCCCC)cc3)cccc2)cc1', 'c1ccccc1', 'CCCCCCc1ccc(-c2(-c3ccc(CCCCCC)cc3)cccc2)cc1', 'c1cc2sccc2s1', 'C=C1C(=O)c2ccccc2C1=C(C#N)C#N']"
9.483675,"['CCCCCCCCSc1ccc(-c2c3cc(C)sc3c(-c3ccc(SCCCCCCCC)s3)c3ccsc23)s1', 'CCCCC(CC)COC(=O)c1ccsc1', 'c1ccsc1', 'CCCCC(CC)COC(=O)c1csc(C)c1', '.', 'C=C1C(=O)c2ccc(C)cc2C1=C(C#N)C#N', 'c1cc2sccc2s1', 'CCCCCCc1ccc(-c2(-c3ccc(CCCCCC)cc3)cccc2)cc1', 'c1ccccc1', 'CCCCCCc1ccc(-c2(-c3ccc(CCCCCC)cc3)cccc2)cc1', 'c1cc2sccc2s1', 'C=C1C(=O)c2ccc(C)cc2C1=C(C#N)C#N']"
7.97371,"['CCCCC(CC)Cc1ccc(-c2c3cc(C)sc3c(-c3ccc(CC(CC)CCCC)s3)c3ccsc23)s1', 'c1ccsc1', 'CCCCC(CC)Cc1sc(CC(CC)CCCC)c2c1C(=O)c1cscc1C2=O', 'Cc1cccs1', '.', 'C=C1C(=O)c2ccccc2C1=C(C#N)C#N', 'CCCCCCc1ccsc1', 'c1ccccc1', 'CCCCCCCCc1(CCCCCCCC)cccc1', 'c1ccccc1', 'CCCCCCc1ccsc1', 'C=C1C(=O)c2ccccc2C1=C(C#N)C#N']"
5.611216,"['CCCCC(CC)Cc1ccc(-c2c3cc(C)sc3c(-c3ccc(CC(CC)CCCC)s3)c3ccsc23)s1', 'CCCCC(CC)COC(=O)c1sc2csc(C)c2c1F', '.', 'C=C1C(=O)c2cc(Cl)c(Cl)cc2C1=C(C#N)C#N', 'c1ccsc1', 'CCCCCCc1ccc(-c2(-c3ccc(CCCCCC)cc3)cccc2)cc1', 'c1cc[sH]c1', 'CCCCC(CC)COc1ccc(OCC(CC)CCCC)cc1', 'c1cc[sH]c1', 'CCCCCCc1ccc(-c2(-c3ccc(CCCCCC)cc3)cccc2)cc1', 'c1ccsc1', 'C=C1C(=O)c2cc(Cl)c(O)cc2C1=C(C#N)C#N']"
7.05078,"['CCCCCCC(CCCC)CSc1c2cc(C)sc2c(SCC(CCCC)CCCCCC)c2ccsc12', 'c1ccsc1', 'CCCCCCC(CCCC)CSn1nc2cc(F)c(F)cc2n1', 'Cc1cccs1', '.', 'C=C1C(=O)c2ccccc2C1=C(C#N)C#N', 'c1ccsc1', 'CCCCCCc1ccc(-c2(-c3ccc(CCCCCC)cc3)cccc2)cc1', 'c1ccccc1', 'CCCCCCc1ccc(-c2(-c3ccc(CCCCCC)cc3)cccc2)cc1', 'c1ccsc1', 'C=C1C(=O)c2ccccc2C1=C(C#N)C#N']"
11.851543,"['CCCCCCCCCCC(CCCCCCCC)Cc1ccc(-c2c3cc(C)sc3c(-c3ccc(SCC(CCCC)CCCCCC)cc3)c3ccsc23)cc1', 'c1ccsc1', 'CCCCC(CC)Cc1sc(CC(CC)CCCC)c2c1C(=O)c1cscc1C2=O', 'Cc1cccs1', '.', 'C=C1C(=O)c2cc(F)c(F)cc2C1=C(C#N)C#N', 'c1cc2sccc2s1', 'CCCCCCc1ccc(-c2(-c3ccc(CCCCCC)cc3)cccc2)cc1', 'c1ccccc1', 'CCCCCCc1ccc(-c2(-c3ccc(CCCCCC)cc3)cccc2)cc1', 'c1cc2sccc2s1', 'C=C1C(=O)c2cc(F)c(F)cc2C1=C(C#N)C#N']"
10.517213,"['CCCCC(CC)Cc1ccc(-c2c3cc(C)sc3c(-c3ccc(CC(CC)CCCC)s3)c3ccsc23)s1', 'c1ccsc1', 'CCCCC(CC)Cc1sc(CC(CC)CCCC)c2c1C(=O)c1cscc1C2=O', 'Cc1cccs1', '.', 'C=C1C(=O)c2ccccc2C1=C(C#N)C#N', 'CCCCCCc1csc2ccsc12', 'CCCCCCc1ccc(-c2(-c3ccc(CCCCCC)cc3)cccc2)cc1', 'c1ccccc1', 'CCCCCCc1ccc(-c2(-c3ccc(CCCCCC)cc3)cccc2)cc1', 'CCCCCCc1csc2ccsc12', 'C=C1C(=O)c2ccccc2C1=C(C#N)C#N']"
9.368291,"['CCC[Si](CCC)(CCC)c1ccc(-c2c3cc(C)sc3c(-c3ccc([Si](CCC)(CCC)CCC)s3)c3ccsc23)s1', 'c1ccsc1', 'CCCCCCCCC(CCCCCC)Cn1nc2cc(F)c(F)cc2n1', 'Cc1cccs1', '.', 'C=C1C(=O)c2ccccc2C1=C(C#N)C#N', 'c1cc2sccc2s1', 'CCCCCCc1ccc(-c2(-c3ccc(CCCCCC)cc3)cccc2)cc1', 'c1ccccc1', 'CCCCCCc1ccc(-c2(-c3ccc(CCCCCC)cc3)cccc2)cc1', 'c1cc2sccc2s1', 'C=C1C(=O)c2ccccc2C1=C(C#N)C#N']"
10.8663645,"['CCCCC(CC)Cc1ccc(-c2c3cc(C)sc3c(-c3ccc(CC(CC)CCCC)s3)c3ccsc23)s1', 'c1ccsc1', 'CCCCC(CC)Cc1sc(CC(CC)CCCC)c2c1C(=O)c1cscc1C2=O', 'Cc1cccs1', '.', 'C=C1C(=O)c2cscc2C1=C(C#N)C#N', 'c1cc2sccc2s1', 'CCCCC(CC)Cn1nc2c3cc[nH](CC(CC)CCCC)c3c3c(cc[nH]3CC(CC)CCCC)c2n1', 'c1cc2sccc2s1', 'C=C1C(=O)c2cscc2C1=C(C#N)C#N']"
9.777449,"['CCCCC(CC)Cc1ccc(-c2c3cc(C)sc3c(-c3ccc(CC(CC)CCCC)s3)c3ccsc23)s1', 'c1ccsc1', 'CCCCC(CC)Cc1sc(CC(CC)CCCC)c2c1C(=O)c1cscc1C2=O', 'Cc1cccs1', '.', 'C=C1C(=O)c2cc(Cl)c(Cl)cc2C1=C(C#N)C#N', 'c1ccsc1', 'CCCCCCCC[si]1(CCCCCCCC)cccc1', 'c1ccsc1', 'CCCCC(CC)Cc1ccc(-c2c3ccsc3c(-c3ccc(CCCCC(C)CC)s3)c3ccsc23)s1', 'c1ccsc1', 'CCCCCCCC[si]1(CCCCCCCC)cccc1', 'c1ccsc1', 'C=C1C(=O)c2cc(Cl)c(Cl)cc2C1=C(C#N)C#N']"
10.235614,"['CCCCC(CC)CSc1ccc(-c2c3cc(C)sc3c(-c3ccc(SCC(CC)CCCC)cc3)c3ccsc23)cc1', 'c1ccsc1', 'CCCCC(CC)Cc1sc(CC(CC)CCCC)c2c1C(=O)c1cscc1C2=O', 'Cc1cccs1', '.', 'C=C1C(=O)c2cscc2C1=C(C#N)C#N', 'c1cc2sccc2s1', 'CCCCCCc1ccc(-c2(-c3ccc(CCCCCC)cc3)cccc2)cc1', 'c1ccccc1', 'CCCCCCc1ccc(-c2(-c3ccc(CCCCCC)cc3)cccc2)cc1', 'c1cc2sccc2s1', 'C=C1C(=O)c2cscc2C1=C(C#N)C#N']"
6.368979,"['CCC[Si](CCC)(CCC)c1ccc(-c2c3cc(C)sc3c(-c3ccc([Si](CCC)(CCC)CCC)s3)c3ccsc23)s1', 'c1ccsc1', 'CCCCCCCCC(CCCCCC)Cn1nc2cc(F)c(F)cc2n1', 'Cc1cccs1', '.', 'C=c1sc(=C(C#N)C#N)n(CC)c1=O', 'CCCCCCCCn1nc2ccccc2n1', 'c1ccsc1', 'CCCCCCc1ccc(-c2(-c3ccc(CCCCCC)cc3)cccc2)cc1', 'c1ccccc1', 'CCCCCCc1ccc(-c2(-c3ccc(CCCCCC)cc3)cccc2)cc1', 'c1ccsc1', 'CCCCCCCCn1nc2ccccc2n1', 'C=c1sc(=C(C#N)C#N)n(CC)c1=O']"
11.41924,"['CCCCC(CC)Cc1ccc(-c2c3cc(C)sc3c(-c3ccc(CC(CC)CCCC)s3)c3ccsc23)s1', 'c1ccsc1', 'CCCCCCCCC(CCCCCC)Cn1nc2cc(F)c(F)cc2n1', 'Cc1cccs1', '.', 'C=C1C(=O)c2cc(F)c(F)cc2C1=C(C#N)C#N', 'c1cc2sccc2s1', 'CCCCCCc1ccc(-c2(-c3ccc(CCCCCC)cc3)cccc2)cc1', 'c1ccccc1', 'CCCCCCc1ccc(-c2(-c3ccc(CCCCCC)cc3)cccc2)cc1', 'c1cc2sccc2s1', 'C=C1C(=O)c2cc(F)c(F)cc2C1=C(C#N)C#N']"
10.017172,"['CCCCC(CC)Cc1ccc(-c2c3cc(C)sc3c(-c3ccc(CC(CC)CCCC)s3)c3ccsc23)s1', 'c1ccsc1', 'CCCCC(CC)Cc1sc(CC(CC)CCCC)c2c1C(=O)c1cscc1C2=O', 'Cc1cccs1', '.', 'C=C1C(=O)c2ccccc2C1=C(C#N)C#N', 'c1ccsc1', 'CCCCC(CC)Cc1(CC(CC)CCCC)cccc1', 'c1ccsc1', 'Fc1cscc1F', 'c1ccsc1', 'CCCCC(CC)Cc1(CC(CC)CCCC)cccc1', 'c1ccsc1', 'C=C1C(=O)c2ccccc2C1=C(C#N)C#N']"
8.971081,"['CCCCC(CC)Cc1sc(-c2c3cc(C)sc3c(-c3cc(F)c(CC(CC)CCCC)s3)c3ccsc23)cc1F', 'c1ccsc1', 'CCCCCCCCOc1cc2nonc2cc1OCCCCCCCC', 'Cc1cccs1', '.', 'C=C1C(=O)c2cc(Cl)c(Cl)cc2C1=C(C#N)C#N', 'c1cc2sccc2s1', 'CCCCCCOc1cccc(-c2(-c3cccc(OCCCCCC)c3)cccc2)c1', 'c1ccccc1', 'CCCCCCOc1cccc(-c2(-c3cccc(OCCCCCC)c3)cccc2)c1', 'c1cc2sccc2s1', 'C=C1C(=O)c2cc(Cl)c(Cl)cc2C1=C(C#N)C#N']"
10.13741,"['CCCCC(CC)CSc1sc(-c2c3cc(C)sc3c(-c3cc(F)c(SCC(CC)CCCC)s3)c3ccsc23)cc1F', 'CCCCCCC(CCCC)CSOC(=O)c1ccsc1', 'Cc1cccs1', '.', 'C=C1C(=O)c2cc(F)c(F)cc2C1=C(C#N)C#N', 'c1cc2sccc2s1', 'CCCCCCc1ccc(-c2(-c3ccc(CCCCCC)cc3)cccc2)cc1', 'c1ccccc1', 'CCCCCCc1ccc(-c2(-c3ccc(CCCCCC)cc3)cccc2)cc1', 'c1cc2sccc2s1', 'C=C1C(=O)c2cc(F)c(F)cc2C1=C(C#N)C#N']"
12.115922,"['CCC[Si](CCC)(CCC)c1ccc(-c2c3cc(C)sc3c(-c3ccc([Si](CCC)(CCC)CCC)s3)c3ccsc23)s1', 'c1ccsc1', 'CCCCCCCCC(CCCCCC)Cn1nc2cc(F)c(F)cc2n1', 'Cc1cccs1', '.', 'C=C1C(=O)c2cc(F)c(F)cc2C1=C(C#N)C#N', 'c1cc2sccc2s1', 'CCCCCCc1ccc(-c2(-c3ccc(CCCCCC)cc3)cccc2)cc1', 'c1ccccc1', 'CCCCCCc1ccc(-c2(-c3ccc(CCCCCC)cc3)cccc2)cc1', 'c1cc2sccc2s1', 'C=C1C(=O)c2cc(F)c(F)cc2C1=C(C#N)C#N']"
9.052519,"['CCCCC(CC)CSc1ccc(-c2c3ccsc3c(-c3ccc(SCC(CC)CCCC)s3)c3cc(C)oc23)s1', 'c1ccsc1', 'CCCCC(CC)Cc1sc(CC(CC)CCCC)c2c1C(=O)c1cscc1C2=O', 'Cc1cccs1', '.', 'C=C1C(=O)c2ccccc2C1=C(C#N)C#N', 'c1cc2sccc2s1', 'CCCCCCc1ccc(-c2(-c3ccc(CCCCCC)cc3)cccc2)cc1', 'c1ccccc1', 'CCCCCCc1ccc(-c2(-c3ccc(CCCCCC)cc3)cccc2)cc1', 'c1cc2sccc2s1', 'C=C1C(=O)c2ccccc2C1=C(C#N)C#N']"
5.0775347,"['CCCCC(CC)Cc1ccc(-c2c3cc(C)sc3c(-c3ccc(CC(CC)CCCC)s3)c3ccsc23)s1', 'c1ccsc1', 'CCCCC(CC)Cc1sc(CC(CC)CCCC)c2c1C(=O)c1cscc1C2=O', 'Cc1cccs1', '.', 'CCN1C(=O)C(=C(C#N)C#N)c2ccccc21', 'c1ccsc1', 'CCCCCCc1ccc(-c2(-c3ccc(CCCCCC)cc3)cccc2)cc1', 'c1ccccc1', 'CCCCCCc1ccc(-c2(-c3ccc(CCCCCC)cc3)cccc2)cc1', 'c1ccsc1', 'CCN1C(=O)C(=C(C#N)C#N)c2ccccc21']"
8.493936,"['CCCCC(CC)Cc1ccc(-c2c3cc(C)sc3c(-c3ccc(CC(CC)CCCC)s3)c3ccsc23)s1', 'CCCCC(CC)COC(=O)c1sc2csc(C)c2c1F', '.', 'C=C1C(=O)c2cc(F)c(F)cc2C1=C(C#N)C#N', 'c1ccsc1', 'CCCCCCCC[si]1(CCCCCCCC)cccc1', 'c1cc[sH]c1', 'CCCCCCC(CCCC)CSOc1ccc(OSCC(CCCC)CCCCCC)cc1', 'c1cc[sH]c1', 'CCCCCCCC[si]1(CCCCCCCC)cccc1', 'c1ccsc1', 'C=C1C(=O)c2cc(F)c(F)cc2C1=C(C#N)C#N']"
9.024668,"['CCCCC(CC)Cc1ccc(-c2c3cc(C)sc3c(-c3ccc(CC(CC)CCCC)s3)c3ccsc23)s1', 'c1ccsc1', 'CCCCC(CC)Cc1sc(CC(CC)CCCC)c2c1C(=O)c1cscc1C2=O', 'Cc1cccs1', '.', 'C=C1C(=O)c2cc(F)ccc2C1=C(C#N)C#N', 'c1ccsc1', 'CCCCC(CC)Cc1(CC(CC)CCCC)cccc1', 'c1ccc2ccccc2c1', 'CCCCC(CC)Cc1(CC(CC)CCCC)cccc1', 'c1ccsc1', 'C=C1C(=O)c2cc(F)ccc2C1=C(C#N)C#N']"
8.926978,"['CCCCC(CC)Cc1ccc(-c2c3cc(C)sc3c(-c3ccc(CC(CC)CCCC)s3)c3ccsc23)s1', 'CCCCCCCCCCc1ccsc1', 'CCCCCCCCC(CCCCCC)Cn1c(=O)c2ccsc2c2sccc2c1=O', 'CCCCCCCCCCc1csc(C)c1', '.', 'C=C1C(=O)c2cc(F)ccc2C1=C(C#N)C#N', 'c1ccsc1', 'CCCCCC[si]1(CCCCCC)cccc1', 'c1cc2sccc2s1', 'CCCCCC[si]1(CCCCCC)cccc1', 'c1ccsc1', 'C=C1C(=O)c2cc(F)ccc2C1=C(C#N)C#N']"
5.5362034,"['CCCCC(CC)Cc1ccc(-c2c3cc(C)sc3c(-c3ccc(CC(CC)CCCC)s3)c3ccsc23)s1', 'CCCCC(CC)COC(=O)c1sc2csc(C)c2c1F', '.', 'C=c1sc(=C(C#N)C#N)n(CCCCCCCC)c1=O', 'c1ccsc1', 'Fc1ccc2nsnc2c1', 'c1ccsc1', 'CCCCCCc1ccc(-c2(-c3ccc(CCCCCC)cc3)cccc2)cc1', 'c1ccccc1', 'CCCCCCc1ccc(-c2(-c3ccc(CCCCCC)cc3)cccc2)cc1', 'c1ccsc1', 'Fc1ccc2nsnc2c1', 'c1ccsc1', 'C=c1sc(=C(C#N)C#N)n(CCCCCCCC)c1=O']"
10.979422,"['CCCCC(CC)Cc1sc(-c2c3cc(C)sc3c(-c3cc(F)c(CC(CC)CCCC)s3)c3ccsc23)cc1F', 'c1ccsc1', 'CCCCCCCCOc1cc2nsnc2cc1OCCCCCCCC', 'Cc1cccs1', '.', 'C=C1C(=O)c2cc(F)c(F)cc2C1=C(C#N)C#N', 'c1cc2sccc2s1', 'CCCCCCc1ccc(-c2(-c3ccc(CCCCCC)cc3)cccc2)cc1', 'c1ccccc1', 'CCCCCCc1ccc(-c2(-c3ccc(CCCCCC)cc3)cccc2)cc1', 'c1cc2sccc2s1', 'C=C1C(=O)c2cc(F)c(F)cc2C1=C(C#N)C#N']"
8.702027,"['CCCCC(CC)Cc1c(F)cc(-c2c3cc(C)sc3c(-c3cc(F)c(CC(CC)CCCC)c(F)c3)c3ccsc23)cc1F', 'c1ccsc1', 'CCCCCCCCC(CCCCCC)Cn1nc2cc(F)c(F)cc2n1', 'Cc1cccs1', '.', 'C=C1C(=O)c2cc(F)ccc2C1=C(C#N)C#N', 'c1ccsc1', 'CCCCCCc1ccc(-c2(-c3ccc(CCCCCC)cc3)cccc2)cc1', 'CCCCC(CC)COc1c2ccsc2c(OCC(CC)CCCC)c2ccsc12', 'CCCCCCc1ccc(-c2(-c3ccc(CCCCCC)cc3)cccc2)cc1', 'c1ccsc1', 'C=C1C(=O)c2cc(F)ccc2C1=C(C#N)C#N']"
10.21726,"['CCCCC(CC)Cc1c(F)cc(-c2c3cc(C)sc3c(-c3cc(F)c(CC(CC)CCCC)c(F)c3)c3ccsc23)cc1F', 'c1ccsc1', 'CCCCCCCCC(CCCCCC)Cn1nc2cc(F)c(F)cc2n1', 'Cc1cccs1', '.', 'C=C1C(=O)c2cc(F)c(F)cc2C1=C(C#N)C#N', 'c1ccsc1', 'CCCCCCc1ccc(-c2(-c3ccc(CCCCCC)cc3)cccc2)cc1', 'c1cc[sH]c1', 'CCCCC(CC)COc1ccc(OCC(CC)CCCC)cc1', 'c1cc[sH]c1', 'CCCCCCc1ccc(-c2(-c3ccc(CCCCCC)cc3)cccc2)cc1', 'c1ccsc1', 'C=C1C(=O)c2cc(F)c(F)cc2C1=C(C#N)C#N']"
9.338853,"['CCCCCCCCC(CCCCCC)Cc1ccc(-c2c3cc(C)sc3c(-c3ccc(CC(CCCCCC)CCCCCCCC)s3)c3ccsc23)s1', 'CCCCCCC(CCCC)CSc1ccsc1', 'c1nc2scnc2s1', 'CCCCCCC(CCCC)CSc1csc(C)c1', '.', 'C=C1C(=O)c2ccccc2C1=C(C#N)C#N', 'c1cc2sccc2s1', 'CCCCCCc1ccc(-c2(-c3ccc(CCCCCC)cc3)cccc2)cc1', 'c1ccccc1', 'CCCCCCc1ccc(-c2(-c3ccc(CCCCCC)cc3)cccc2)cc1', 'c1cc2sccc2s1', 'C=C1C(=O)c2ccccc2C1=C(C#N)C#N']"
8.419156,"['CCCCCCCCC(CCCCCC)COc1ccc2cc(-c3c4cc(C)sc4c(-c4ccc5cc(OCC(CCCCCC)CCCCCCCC)ccc5c4)c4ccsc34)ccc2c1', 'c1ccsc1', 'CCCCCCC(CCCC)CSn1nc2cc(F)c(F)cc2n1', 'Cc1cccs1', '.', 'C=C1C(=O)c2ccccc2C1=C(C#N)C#N', 'c1cc2sccc2s1', 'CCCCCCc1ccc(-c2(-c3ccc(CCCCCC)cc3)cccc2)cc1', 'c1ccccc1', 'CCCCCCc1ccc(-c2(-c3ccc(CCCCCC)cc3)cccc2)cc1', 'c1cc2sccc2s1', 'C=C1C(=O)c2ccccc2C1=C(C#N)C#N']"
10.409168,"['CCCCC(CC)Cc1ccc(-c2c3cc(C)sc3c(-c3ccc(CC(CC)CCCC)s3)c3ccsc23)s1', 'c1ccsc1', 'CCCCC(CC)Cc1sc(CC(CC)CCCC)c2c1C(=O)c1cscc1C2=O', 'Cc1cccs1', '.', 'C=C1C(=O)c2ccccc2C1=C(C#N)C#N', 'c1ccsc1', 'CCCCCCCCc1(CCCCCCCC)cccc1', 'c1ccccc1', 'CCCCCCCCc1(CCCCCCCC)cccc1', 'c1ccccc1', 'CCCCCCCCc1(CCCCCCCC)cccc1', 'c1ccsc1', 'C=C1C(=O)c2ccccc2C1=C(C#N)C#N']"
9.949483,"['CCCCC(CC)Cc1ccc(-c2c3cc(C)sc3c(-c3ccc(CC(CC)CCCC)s3)c3ccsc23)s1', 'CCCCC(CC)COC(=O)c1sc2csc(C)c2c1F', '.', 'C=C1C(=O)c2cc(F)c(F)cc2C1=C(C#N)C#N', 'CCCCC(CC)COc1ccsc1', 'c1ccsc1', 'CCCCCCc1ccc(-c2(-c3ccc(CCCCCC)cc3)cccc2)cc1', 'c1ccccc1', 'CCCCCCc1ccc(-c2(-c3ccc(CCCCCC)cc3)cccc2)cc1', 'c1ccsc1', 'CCCCC(CC)COc1ccsc1', 'C=C1C(=O)c2cc(F)c(F)cc2C1=C(C#N)C#N']"
11.117603,"['CCCCC(CC)Cc1ccc(-c2c3cc(C)sc3c(-c3ccc(CC(CC)CCCC)s3)c3ccsc23)s1', 'c1ccsc1', 'CCCCC(CC)Cc1sc(CC(CC)CCCC)c2c1C(=O)c1cscc1C2=O', 'Cc1cccs1', '.', 'C=C1C(=O)c2ccc(C)cc2C1=C(C#N)C#N', 'c1cc2sccc2s1', 'CCCCCCc1ccc(-c2(-c3ccc(CCCCCC)cc3)cccc2)cc1', 'c1ccccc1', 'CCCCCCc1ccc(-c2(-c3ccc(CCCCCC)cc3)cccc2)cc1', 'c1cc2sccc2s1', 'C=C1C(=O)c2ccc(C)cc2C1=C(C#N)C#N']"
7.51738,"['CCCCC(CC)Cc1ccc(-c2c3cc(C)sc3c(-c3ccc(CC(CC)CCCC)s3)c3ccsc23)s1', 'c1ccsc1', 'CCCCC(CC)Cc1sc(CC(CC)CCCC)c2c1C(=O)c1cscc1C2=O', 'Cc1cccs1', '.', 'C=C1C(=O)c2cc(F)c(F)cc2C1=C(C#N)C#N', 'c1ccsc1', 'c1ccccc1', 'CCCCCCCCc1(CCCCCCCC)cccc1', 'c1ccccc1', 'CCCCCCCCc1(CCCCCCCC)cccc1', 'c1ccccc1', 'c1ccsc1', 'C=C1C(=O)c2cc(F)c(F)cc2C1=C(C#N)C#N']"
7.7050195,"['CCCCC(CC)CSc1ccc(-c2c3cc(C)sc3c(-c3ccc(SCC(CC)CCCC)s3)c3ccsc23)s1', 'CCCCC(CC)CSc1ccsc1', 'CCCCCCC(CCCC)CSn1nc2cc(F)c(F)cc2n1', 'CCCCC(CC)CSc1ccsc1C', '.', 'C=C1C(=O)c2ccccc2C1=C(C#N)C#N', 'c1cc2sccc2s1', 'CCCCCCc1ccc(-c2(-c3ccc(CCCCCC)cc3)cccc2)cc1', 'c1ccccc1', 'CCCCCCc1ccc(-c2(-c3ccc(CCCCCC)cc3)cccc2)cc1', 'c1cc2sccc2s1', 'C=C1C(=O)c2ccccc2C1=C(C#N)C#N']"
7.466523,"['CCCCC(CC)Cc1ccc(-c2c3cc(C)sc3c(-c3ccc(CC(CC)CCCC)s3)c3ccsc23)s1', 'c1ccsc1', 'CCCCC(CC)Cc1sc(CC(CC)CCCC)c2c1C(=O)c1cscc1C2=O', 'Cc1cccs1', '.', 'C=C1C(=O)c2ccccc2C1=C(C#N)C#N', 'COC(=O)c1ccsc1', 'c1ccsc1', 'CCCCCCc1ccc(-c2(-c3ccc(CCCCCC)cc3)cccc2)cc1', 'c1ccccc1', 'CCCCCCc1ccc(-c2(-c3ccc(CCCCCC)cc3)cccc2)cc1', 'c1ccsc1', 'COC(=O)c1ccsc1', 'C=C1C(=O)c2ccccc2C1=C(C#N)C#N']"
6.6139994,"['CCCCC(CC)Cc1ccc(-c2c3cc(C)sc3c(-c3ccc(CC(CC)CCCC)s3)c3ccsc23)s1', 'c1ccsc1', 'CCCCC(CC)Cc1sc(CC(CC)CCCC)c2c1C(=O)c1cscc1C2=O', 'Cc1cccs1', '.', 'C=C1C(=O)c2ccccc2C1=C(C#N)C#N', 'c1ccsc1', 'CCCCCCc1ccc(-[si]2(-c3ccc(CCCCCC)cc3)cccc2)cc1', 'c1ccccc1', 'CCCCCCc1ccc(-[si]2(-c3ccc(CCCCCC)cc3)cccc2)cc1', 'c1ccsc1', 'C=C1C(=O)c2ccccc2C1=C(C#N)C#N']"
7.2650414,"['CCCCC(CC)Cc1ccc(-c2c3cc(C)sc3c(-c3ccc(CC(CC)CCCC)s3)c3ccsc23)s1', 'c1ccsc1', 'CCCCC(CC)Cc1sc(CC(CC)CCCC)c2c1C(=O)c1cscc1C2=O', 'Cc1cccs1', '.', 'C=C1SC(=S)N(CC)C1=O', 'c1ccc2nonc2c1', 'c1ccsc1', 'CCCCCCc1(CCCCCC)cccc1', 'c1ccccc1', 'CCCCCCc1(CCCCCC)cccc1', 'c1ccsc1', 'c1ccc2nonc2c1', 'C=C1SC(=S)N(CC)C1=O']"
7.2270503,"['CCCCC(CC)Cc1ccc(-c2c3cc(C)sc3c(-c3ccc(CC(CC)CCCC)s3)c3ccsc23)s1', 'c1ccsc1', 'CCCCC(CC)Cc1sc(CC(CC)CCCC)c2c1C(=O)c1cscc1C2=O', 'Cc1cccs1', '.', 'C=C1C(=O)c2cc(F)c(F)cc2C1=C(C#N)C#N', 'c1ccsc1', 'c1ccsc1', 'CCCCCCc1ccc(-c2(-c3ccc(CCCCCC)cc3)cccc2)cc1', 'c1ccccc1', 'CCCCCCc1ccc(-c2(-c3ccc(CCCCCC)cc3)cccc2)cc1', 'c1ccsc1', 'c1ccsc1', 'C=C1C(=O)c2cc(F)c(F)cc2C1=C(C#N)C#N']"
10.062515,"['CCCCC(CC)Cc1ccc(-c2c3cc(C)sc3c(-c3ccc(CC(CC)CCCC)s3)c3ccsc23)s1', 'c1ccsc1', 'CCCCC(CC)Cc1sc(CC(CC)CCCC)c2c1C(=O)c1cscc1C2=O', 'Cc1cccs1', '.', 'C=C1C(=O)c2cc(F)c(F)cc2C1=C(C#N)C#N', 'c1cc[se]c1', 'CCCCCCCCOc1ccsc1', 'CCCCCCc1ccc(-c2(-c3ccc(CCCCCC)cc3)cccc2)cc1', 'c1ccccc1', 'CCCCCCc1ccc(-c2(-c3ccc(CCCCCC)cc3)cccc2)cc1', 'CCCCCCCCOc1ccsc1', 'c1cc[se]c1', 'C=C1C(=O)c2cc(F)c(F)cc2C1=C(C#N)C#N']"
12.052969,"['CCCCC(CC)Cc1ccc(-c2c3cc(C)sc3c(-c3ccc(CC(CC)CCCC)s3)c3ccsc23)s1', 'c1ccsc1', 'CCCCC(CC)Cc1sc(CC(CC)CCCC)c2c1C(=O)c1cscc1C2=O', 'Cc1cccs1', '.', 'C=C1C(=O)c2cc(F)c(F)cc2C1=C(C#N)C#N', 'c1cc2sccc2s1', 'CCCCCCCCOc1ccsc1', 'CCCCCCc1ccc(-c2(-c3ccc(CCCCCC)cc3)cccc2)cc1', 'c1ccccc1', 'CCCCCCc1ccc(-c2(-c3ccc(CCCCCC)cc3)cccc2)cc1', 'CCCCCCCCOc1ccsc1', 'c1cc2sccc2s1', 'C=C1C(=O)c2cc(F)c(F)cc2C1=C(C#N)C#N']"
7.466523,"['CCCCC(CC)Cc1ccc(-c2c3cc(C)sc3c(-c3ccc(CC(CC)CCCC)s3)c3ccsc23)s1', 'c1ccsc1', 'CCCCC(CC)Cc1sc(CC(CC)CCCC)c2c1C(=O)c1cscc1C2=O', 'Cc1cccs1', '.', 'C=C1C(=O)c2ccccc2C1=C(C#N)C#N', 'c1cc[se]c1', 'c1ccsc1', 'CCCCCCc1ccc(-c2(-c3ccc(CCCCCC)cc3)cccc2)cc1', 'c1ccccc1', 'CCCCCCc1ccc(-c2(-c3ccc(CCCCCC)cc3)cccc2)cc1', 'c1ccsc1', 'c1cc[se]c1', 'C=C1C(=O)c2ccccc2C1=C(C#N)C#N']"
9.052519,"['CCCCCCCCC(CCCCCC)CSc1ccc(-c2c3cc(C)sc3c(-c3ccc(SCC(CCCCCC)CCCCCCCC)[se]3)c3ccsc23)[se]1', 'c1ccsc1', 'CCCCCCCCn1nc2cc(F)c(F)cc2n1', 'Cc1cccs1', '.', 'C=C1C(=O)c2ccccc2C1=C(C#N)C#N', 'c1cc2sccc2s1', 'CCCCCCc1ccc(-c2(-c3ccc(CCCCCC)cc3)cccc2)cc1', 'c1ccccc1', 'CCCCCCc1ccc(-c2(-c3ccc(CCCCCC)cc3)cccc2)cc1', 'c1cc2sccc2s1', 'C=C1C(=O)c2ccccc2C1=C(C#N)C#N']"
8.305552,"['CCC[Si](CCC)(CCC)c1ccc(-c2c3cc(C)sc3c(-c3ccc([Si](CCC)(CCC)CCC)s3)c3ccsc23)s1', 'CCCCCCCCCCCCSc1ccsc1', 'CCCCCCCCC(CCCCCC)CN1C(=O)c2cscc2C1=O', 'CCCCCCCCCCCCSc1csc(C)c1', '.', 'C=C1C(=O)c2ccccc2C1=C(C#N)C#N', 'c1ccsc1', 'CCCCCCc1(CCCCCC)cccc1', 'c1ccccc1', 'CCCCCCc1(CCCCCC)cccc1', 'c1ccsc1', 'C=C1C(=O)c2ccccc2C1=C(C#N)C#N']"
8.5630455,"['CCC[Si](CCC)(CCC)c1ccc(-c2c3cc(C)sc3c(-c3ccc([Si](CCC)(CCC)CCC)s3)c3ccsc23)s1', 'CCCCCCCCCCC(CCCCCCCC)Cc1ccsc1', 'Fc1cc2nsnc2cc1F', 'CCCCCCCCCCC(CCCCCCCC)Cc1ccsc1C', '.', 'C=C1C(=O)c2ccccc2C1=C(C#N)C#N', 'c1cc2sccc2s1', 'CCCCCCc1cccc(-c2(-c3cccc(CCCCCC)c3)cccc2)c1', 'c1ccccc1', 'CCCCCCc1cccc(-c2(-c3cccc(CCCCCC)c3)cccc2)c1', 'c1cc2sccc2s1', 'C=C1C(=O)c2ccccc2C1=C(C#N)C#N']"
4.9789815,"['CCCCC(CC)Cc1ccc(-c2c3cc(C)sc3c(-c3ccc(CC(CC)CCCC)s3)c3ccsc23)s1', 'CCCCC(CC)COC(=O)c1ccc(-c2sc3csc(C)c3c2Cl)s1', '.', 'C=C1C(=O)c2ccccc2C1=C(C#N)C#N', 'c1cc2sccc2s1', 'CCCCCCc1ccc(-c2(-c3ccc(CCCCCC)cc3)cccc2)cc1', 'c1ccccc1', 'CCCCCCc1ccc(-c2(-c3ccc(CCCCCC)cc3)cccc2)cc1', 'c1cc2sccc2s1', 'C=C1C(=O)c2ccccc2C1=C(C#N)C#N']"
4.9789815,"['CCCCC(CC)Cc1ccc(-c2c3cc(C)sc3c(-c3ccc(CC(CC)CCCC)s3)c3ccsc23)s1', 'CCCCC(CC)COC(=O)c1cc(Cl)c(-c2sc3csc(C)c3c2Cl)s1', '.', 'C=C1C(=O)c2ccccc2C1=C(C#N)C#N', 'c1cc2sccc2s1', 'CCCCCCc1ccc(-c2(-c3ccc(CCCCCC)cc3)cccc2)cc1', 'c1ccccc1', 'CCCCCCc1ccc(-c2(-c3ccc(CCCCCC)cc3)cccc2)cc1', 'c1cc2sccc2s1', 'C=C1C(=O)c2ccccc2C1=C(C#N)C#N']"
9.095949,"['CCCCCCCCCCCCSSc1ccc(-c2c3cc(C)sc3c(-c3ccc(SSCCCCCCCCCCCC)s3)c3ccsc23)s1', 'c1ccsc1', 'CCCCCCCCC(CCCCCC)Cn1nc2cc(F)c(F)cc2n1', 'Cc1cccs1', '.', 'C=C1C(=O)c2ccccc2C1=C(C#N)C#N', 'c1cc2sccc2s1', 'CCCCCCc1ccc(-c2(-c3ccc(CCCCCC)cc3)cccc2)cc1', 'c1ccccc1', 'CCCCCCc1ccc(-c2(-c3ccc(CCCCCC)cc3)cccc2)cc1', 'c1cc2sccc2s1', 'C=C1C(=O)c2ccccc2C1=C(C#N)C#N']"
9.644109,"['CCCCC(CC)Cc1ccc(-c2c3cc(C)sc3c(-c3ccc(CC(CC)CCCC)s3)c3ccsc23)s1', 'c1ccsc1', 'CCCCC(CC)Cc1sc(CC(CC)CCCC)c2c1C(=O)c1cscc1C2=O', 'Cc1cccs1', '.', 'C=C1C(=O)c2ccccc2C1=C(C#N)C#N', 'c1ccsc1', 'CCCCCCc1ccc(-c2(-c3ccc(CCCCCC)cc3)cccc2)cc1', 'c1cc2sccc2s1', 'CCCCCCc1ccc(-c2(-c3ccc(CCCCCC)cc3)cccc2)cc1', 'c1ccsc1', 'C=C1C(=O)c2ccccc2C1=C(C#N)C#N']"
1.0989678,"['CCCCC(CC)Cc1ccc(-c2c3cc(C)sc3c(-c3ccc(CC(CC)CCCC)s3)c3ccsc23)s1', 'CCCCC(CC)COC(=O)c1sc2csc(C)c2c1F', '.', 'C=C(C#N)C#N', 'c1ccsc1', 'c1ccccc1', 'CCCCCCc1(CCCCCC)cccc1', 'c1ccccc1', 'CCCCCCc1(CCCCCC)cccc1', 'c1ccccc1', 'c1ccsc1', 'C=C(C#N)C#N']"
7.927922,"['CCCCC(CC)Cc1ccc(-c2c3cc(C)sc3c(-c3ccc(CC(CC)CCCC)s3)c3ccsc23)s1', 'CCCCC(CC)COC(=O)c1sc2csc(C)c2c1F', '.', 'C=C1C(=O)c2ccccc2C1=C(C#N)C#N', 'c1ccsc1', 'CCCCCCc1ccc(-c2(-c3ccc(CCCCCC)cc3)cccc2)cc1', 'c1cc2sccc2s1', 'CCCCCCc1ccc(-c2(-c3ccc(CCCCCC)cc3)cccc2)cc1', 'c1ccsc1', 'C=C1C(=O)c2ccccc2C1=C(C#N)C#N']"
9.052519,"['CCCCC(CC)COc1ccc(-c2c3ccsc3c(-c3ccc(OCC(CC)CCCC)cc3)c3cc(C)oc23)cc1', 'c1ccsc1', 'CCCCC(CC)Cc1sc(CC(CC)CCCC)c2c1C(=O)c1cscc1C2=O', 'Cc1cccs1', '.', 'C=C1C(=O)c2ccccc2C1=C(C#N)C#N', 'c1cc2sccc2s1', 'CCCCCCc1ccc(-c2(-c3ccc(CCCCCC)cc3)cccc2)cc1', 'c1ccccc1', 'CCCCCCc1ccc(-c2(-c3ccc(CCCCCC)cc3)cccc2)cc1', 'c1cc2sccc2s1', 'C=C1C(=O)c2ccccc2C1=C(C#N)C#N']"
4.494226,"['CCCCC(CC)CSc1ccc(-c2c3cc(C)sc3c(-c3ccc(SCC(CC)CCCC)cc3)c3ccsc23)cc1', 'c1ccsc1', 'CCCCCCCCCCCCSOc1cc2nsnc2cc1OSCCCCCCCCCCCC', 'Cc1cccs1', '.', 'C=C1SC(=S)N(CC)C1=O', 'c1ccc2nsnc2c1', 'CCCCCCn1c2ccccc2c2ccccc21', 'c1ccc2nsnc2c1', 'C=C1SC(=S)N(CC)C1=O']"
0.45930353,"['CCCCC(CC)Cc1ccc(-c2c3cc(C)sc3c(-c3ccc(CC(CC)CCCC)s3)c3ccsc23)s1', 'CCCCC(CC)COC(=O)c1sc2csc(C)c2c1F', '.', 'C=C(C#N)C#N', 'CCCCCCCCn1nc2ccccc2n1', 'c1ccsc1', 'CCCCCCc1ccc(-c2(-c3ccc(CCCCCC)cc3)cccc2)cc1', 'c1ccccc1', 'CCCCCCc1ccc(-c2(-c3ccc(CCCCCC)cc3)cccc2)cc1', 'c1ccsc1', 'CCCCCCCCn1nc2ccccc2n1', 'C=C(C#N)C#N']"
3.7637146,"['CCCCCCc1ccsc1C', 'CCCCCCc1ccsc1', 'CCCCCCc1ccsc1', 'CCCCCCc1csc(C)c1', '.', 'C=C1SC(=O)N(CC)C1=O', 'CCCCCCCCn1nc2ccccc2n1', 'c1ccsc1', 'CCCCCCc1ccc(-c2(-c3ccc(CCCCCC)cc3)cccc2)cc1', 'c1ccccc1', 'CCCCCCc1ccc(-c2(-c3ccc(CCCCCC)cc3)cccc2)cc1', 'c1ccsc1', 'CCCCCCCCn1nc2ccccc2n1', 'C=C1SC(=O)N(CC)C1=O']"
8.852296,"['CCCCC(CC)Cc1ccc(-c2c3cc(C)sc3c(-c3ccc(CC(CC)CCCC)s3)c3ccsc23)s1', 'c1ccsc1', 'CCCCC(CC)Cc1sc(CC(CC)CCCC)c2c1C(=O)c1cscc1C2=O', 'Cc1cccs1', '.', 'C=C1C(=O)c2ccccc2C1=C(C#N)C#N', 'c1cc2sccc2s1', 'CCCCCCc1ccc(-c2(-c3ccc(CCCCCC)cc3)cccc2)cc1', 'c1ccccc1', 'CCCCCCc1ccc(-c2(-c3ccc(CCCCCC)cc3)cccc2)cc1', 'c1cc2sccc2s1', 'C=C1C(=O)c2ccccc2C1=C(C#N)C#N']"
8.760823,"['CCCCC(CC)Cc1ccc(-c2c3cc(C)sc3c(-c3ccc(CC(CC)CCCC)s3)c3ccsc23)s1', 'CCCCC(CC)COC(=O)c1sc2csc(C)c2c1F', '.', 'C=C1SC(=S)N(CC)C1=O', 'c1ccc2nsnc2c1', 'c1ccsc1', 'CCCCCCCCc1(CCCCCCCC)cccc1', 'c1ccccc1', 'CCCCCCCCc1(CCCCCCCC)cccc1', 'c1ccsc1', 'c1ccc2nsnc2c1', 'C=C1SC(=S)N(CC)C1=O']"
