predicted_calc_PCE_percent,DA_pair_BRICS
11.26581827732825,"['O', 'CCCCC(C)CC', 'C=O', 'CCCCC(C)CC', 'Cc1cccs1', 'c1ccsc1', 'c1cc2sccc2s1', 'Cc1cc2cc3sccc3cc2s1', '.', 'N#CCC#N', 'Cc1ccc2c(c1)CCC2=O', 'C', 'CCCCCC', 'c1ccc(C2(c3ccccc3)c3cc4c(cc3-c3sc5ccsc5c32)C(c2ccccc2)(c2ccccc2)c2c-4sc3ccsc23)cc1']"
9.545791039183026,"['CCCCCCCCC(C)CCCCCC', 'Cc1cccs1', 'CCC[Si](CCC)(CCC)c1cccs1', 'c1ccsc1', 'Fc1cc2nnnc2cc1F', 'Cc1cc2cc3sccc3cc2s1', '.', 'N#CCC#N', 'O=C1CCc2ccccc21', 'C', 'CCCCCC', 'c1ccc(C2(c3ccccc3)c3cc4c(cc3-c3sccc32)C(c2ccccc2)(c2ccccc2)c2c-4sc3ccsc23)cc1']"
9.752814240155407,"['CCCCCCCCC(C)CCCCCC', 'CCCCC(C)CC', 'CCCCC(C)CC', 'c1ccsc1', 'Cc1cccs1', 'Fc1cc2nnnc2cc1F', 'Cc1cc2cc3sccc3cc2s1', '.', 'CCCCC(C)CC', 'O', 'N#CCC#N', 'O=C1CCc2cc(Cl)c(Cl)cc21', 'C', 'CCCCCC', 'c1ccsc1', 'c1ccc(C2(c3ccccc3)c3cc4c(cc3-c3sccc32)C(c2ccccc2)(c2ccccc2)c2ccsc2-4)cc1']"
11.104620497860976,"['CCCCCCCCC(C)CCCCCC', 'Cc1cccs1', 'CCC[Si](CCC)(CCC)c1cccs1', 'c1ccsc1', 'Fc1cc2nnnc2cc1F', 'Cc1cc2cc3sccc3cc2s1', '.', 'N#CCC#N', 'Cc1scc2c1C(=O)CC2', 'C', 'CCCCCC', 'c1ccc(C2(c3ccccc3)c3cc4c(cc3-c3sc5ccsc5c32)C(c2ccccc2)(c2ccccc2)c2c-4sc3ccsc23)cc1']"
8.718610972824512,"['CCCCCCCC', 'CCCCCCCCC(C)CCCCCC', 'CCCCCCCCC(C)CCCCCC', 'c1ccsc1', 'Cc1cccs1', 'c1ccc2nnnc2c1', 'Cc1cc2cc3sccc3cc2s1', '.', 'N#CCC#N', 'O=C1CCc2ccccc21', 'C', 'CCCCCC', 'c1ccc(C2(c3ccccc3)c3cc4c(cc3-c3sc5ccsc5c32)C(c2ccccc2)(c2ccccc2)c2c-4sc3ccsc23)cc1']"
8.439884108789023,"['CCCCCCCC', 'CCCCCCCCC(C)CCCCCC', 'CCCCCCCCC(C)CCCCCC', 'c1ccsc1', 'Cc1cccs1', 'Fc1cc2nnnc2cc1F', 'Cc1cc2cc3sccc3cc2s1', '.', 'N#CCC#N', 'O=C1CCc2ccccc21', 'C', 'CCCCCC', 'c1ccc(C2(c3ccccc3)c3cc4c(cc3-c3sc5ccsc5c32)C(c2ccccc2)(c2ccccc2)c2c-4sc3ccsc23)cc1']"
9.044854009769393,"['CCCCCCCCCCCC', 'CCCCCCCCC(C)CCCCCC', 'SS', 'c1ccsc1', 'Cc1cccs1', 'Fc1cc2nnnc2cc1F', 'Cc1cc2cc3sccc3cc2s1', '.', 'N#CCC#N', 'O=C1CCc2ccccc21', 'C', 'CCCCCC', 'c1ccc(C2(c3ccccc3)c3cc4c(cc3-c3sc5ccsc5c32)C(c2ccccc2)(c2ccccc2)c2c-4sc3ccsc23)cc1']"
9.089111609722758,"['C', 'C1CCCCC1', 'CCCCCCCCC(C)CCCCCC', 'SS', 'c1ccsc1', 'Cc1cccs1', 'Fc1cc2nnnc2cc1F', 'Cc1cc2cc3sccc3cc2s1', '.', 'N#CCC#N', 'O=C1CCc2ccccc21', 'C', 'CCCCCC', 'c1ccc(C2(c3ccccc3)c3cc4c(cc3-c3sc5ccsc5c32)C(c2ccccc2)(c2ccccc2)c2c-4sc3ccsc23)cc1']"
5.359281121178913,"['CCCCC(C)CC', 'O', 'Cc1scc(F)c1F', 'Cc1cc2cc3sccc3cc2s1', '.', 'N#CCC#N', 'O=C1CCc2ccccc21', 'C', 'CCCCCC', 'c1ccc(C2(c3ccccc3)c3cc4c(cc3-c3sc5ccsc5c32)C(c2ccccc2)(c2ccccc2)c2c-4sc3ccsc23)cc1']"
8.979458061705177,"['CCCCCCC(C)CCCC', 'CCCCCCCC', 'S', 'c1ccsc1', 'Cc1cccs1', 'Cc1cc2cc3sccc3cc2s1', 'c1cnc2c(ccc3c2ccc2nccnc23)n1', '.', 'N#CCC#N', 'O=C1CCc2ccccc21', 'C', 'CCCCCC', 'c1ccc(C2(c3ccccc3)c3cc4c(cc3-c3sc5ccsc5c32)C(c2ccccc2)(c2ccccc2)c2c-4sc3ccsc23)cc1']"
9.595008570827948,"['CCCCCCC(C)CCCC', 'CCCCCCC(CS)CCCC', 'CCCCCCCC', 'S', 'Cc1cccs1', 'c1ccsc1', 'c1ccsc1', 'c1nncs1', 'Cc1cc2cc3sccc3cc2s1', '.', 'N#CCC#N', 'O=C1CCc2ccccc21', 'C', 'CCCCCC', 'c1ccc(C2(c3ccccc3)c3cc4c(cc3-c3sc5ccsc5c32)C(c2ccccc2)(c2ccccc2)c2c-4sc3ccsc23)cc1']"
9.90503326266919,"['CCCCCCCCC(C)CCCCCC', 'Cc1cccs1', 'CCCC[Si](CCCC)(CCCC)c1cccs1', 'c1ccsc1', 'Fc1cc2nnnc2cc1F', 'Cc1cc2cc3sccc3cc2s1', '.', 'N#CCC#N', 'O=C1CCc2ccccc21', 'C', 'CCCCCC', 'c1ccc(C2(c3ccccc3)c3cc4c(cc3-c3sc5ccsc5c32)C(c2ccccc2)(c2ccccc2)c2c-4sc3ccsc23)cc1']"
9.473541534225285,"['CCCCCCCC', 'O', 'CCCCC(C)CC', 'Fc1ccsc1', 'c1ccccc1', 'Cc1cccs1', 'c1ccsc1', 'Cc1cc2cc3sccc3cc2s1', 'Fc1cc2nccnc2cc1F', '.', 'N#CCC#N', 'O=C1CCc2ccccc21', 'C', 'CCCCCC', 'c1ccc(C2(c3ccccc3)c3cc4c(cc3-c3sc5ccsc5c32)C(c2ccccc2)(c2ccccc2)c2c-4sc3ccsc23)cc1']"
4.551284815285302,"['OS', 'CCCCCCCCCCCC', 'CCCCCCCC', 'Cc1ccc2c(c1)nc1ccccc12', 'Cc1cccs1', 'c1ccsc1', 'c1ccc2nsnc2c1', '.', 'CCCCCCCC', 'O', 'CCCCCCCC', 'O=C1NC(=O)c2cccc3cccc1c23', 'c1ccsc1', 'Fc1ccccc1']"
4.756702993856734,"['OS', 'CCCCCCCCCCCC', 'CCCCCCCC', 'Cc1ccc2c(c1)nc1ccccc12', 'Cc1cccs1', 'c1ccsc1', 'c1ccc2nsnc2c1', '.', 'CCCCCCCC', 'O', 'CCCCCCCC', 'O=C1NC(=O)c2cccc3cccc1c23', 'c1ccsc1', 'c1ccccc1']"
8.436751157683856,"['O', 'CCCCC(C)CC', 'C=O', 'CCCCC(C)CC', 'Cc1scc2sccc12', 'c1ccsc1', 'Cc1cc2cc3sccc3cc2s1', '.', 'CCCCC(C)CC', 'O', 'N#CCC#N', 'O=C1CCc2ccccc21', 'C', 'CCCCCC', 'c1ccsc1', 'c1ccc(C2(c3ccccc3)c3cc4c(cc3-c3sccc32)C(c2ccccc2)(c2ccccc2)c2ccsc2-4)cc1']"
8.385004125337188,"['CCCCC(CC)CC=O', 'CCCCC(C)CC', 'Cc1scc2sccc12', 'c1ccsc1', 'Cc1cc2cc3sccc3cc2s1', '.', 'CCCCC(C)CC', 'O', 'N#CCC#N', 'O=C1CCc2ccccc21', 'C', 'CCCCCC', 'c1ccsc1', 'c1ccc(C2(c3ccccc3)c3cc4c(cc3-c3sccc32)C(c2ccccc2)(c2ccccc2)c2ccsc2-4)cc1']"
5.217606112909668,"['CCCCCC', 'Cc1cccs1', 'Cc1cccs1', 'c1ccsc1', '.', 'O=C1CC(=O)c2ccccc21', 'CCCCCCCC', 'C', 'c1ccsc1', 'O=C1NC(=O)c2ccc3c4c(ccc1c24)C(=O)NC3=O']"
8.457234035841624,"['O', 'CCCCC(C)CC', 'C=O', 'CCCCC(C)CC', 'Cc1scc2scc(F)c12', 'c1ccsc1', 'Cc1cc2cc3sccc3cc2s1', '.', 'N#CCC#N', 'O=C1CCc2ccccc21', 'CCCCCCCCC(C)CCCCCC', 'C', 'CCCCCC', 'c1ccc(C2(c3ccccc3)c3ccsc3-c3cc4nc5cc6c7c(ccc8c9ccc2c3c9c4c5c78)C(c2ccccc2)(c2ccccc2)c2ccsc2-6)cc1']"
8.744258171550745,"['O', 'CCCCC(C)CC', 'C=O', 'CCCCC(C)CC', 'Cc1scc2scc(F)c12', 'c1ccsc1', 'Cc1cc2cc3sccc3cc2s1', '.', 'N#CCC#N', 'O=C1CCc2cc(F)c(F)cc21', 'CCCCCCCCC(C)CCCCCC', 'C', 'CCCCCC', 'c1ccc(C2(c3ccccc3)c3ccsc3-c3cc4nc5cc6c7c(ccc8c9ccc2c3c9c4c5c78)C(c2ccccc2)(c2ccccc2)c2ccsc2-6)cc1']"
9.441991476754499,"['CCCCC(C)CC', 'Cc1cccs1', 'c1ccsc1', 'O=C1c2cscc2C(=O)c2cscc21', 'Cc1cc2cc3sccc3cc2s1', '.', 'N#CCC#N', 'O=C1CCc2ccccc21', 'C', 'CCCCCCCCC1(CCCCCCCC)c2cc3c(cc2-c2cc4c(cc21)-c1sccc1C4(CCCCCCCC)CCCCCCCC)C(CCCCCCCC)(CCCCCCCC)c1ccsc1-3']"
5.105561496639445,"['CCCCCC', 'Cc1cccs1', 'Cc1cccs1', 'c1ccsc1', '.', 'CC', 'O=C1CSC(=S)N1', 'CCCCC(C)CC', 'C', 'c1ccsc1', 'O=C1NCC2C(=O)NCC12']"
9.822693591880686,"['O', 'CCCCC(C)CC', 'C=O', 'CCCCC(C)CC', 'Cc1scc2scc(F)c12', 'c1ccsc1', 'Cc1cc2cc3sccc3cc2s1', '.', 'N#CCC#N', 'O=C1CCc2ccc(F)cc21', 'C', 'CCCCCC', 'c1ccc(C2(c3ccccc3)c3cc4c(cc3-c3sc5ccsc5c32)C(c2ccccc2)(c2ccccc2)c2c-4sc3ccsc23)cc1']"
9.402864708753965,"['CCCCC(C)CC', 'Cc1cccs1', 'c1ccsc1', 'O=C1c2cscc2C(=O)c2cscc21', 'Cc1cc2cc3sccc3cc2s1', '.', 'CO', 'N#CCC#N', 'O=C1CCc2ccccc21', 'C', 'CCCCCC', 'c1ccc(C2(c3ccccc3)c3cc4c(cc3-c3sc5ccsc5c32)C(c2ccccc2)(c2ccccc2)c2c-4sc3ccsc23)cc1']"
6.821744650435769,"['CCCCCCCC', 'CCCCC(C)CC', 'Cc1scc2c1C(=O)NC2=O', 'c1ccsc1', 'Cc1cc2cc3sccc3cc2s1', '.', 'N#CCC#N', 'O=C1CCc2ccccc21', 'C', 'CCCCCC', 'c1ccc(C2(c3ccccc3)c3cc4c(cc3-c3sc5ccsc5c32)C(c2ccccc2)(c2ccccc2)c2c-4sc3ccsc23)cc1']"
9.063004213001168,"['CCCCCCCC', 'CCCCC(C)CC', 'Cc1scc2c1C(=O)NC2=O', 'c1ccsc1', 'Cc1cc2cc3sccc3cc2s1', '.', 'N#CCC#N', 'Bc1ccc2c(c1)C(=O)CC2', 'C', 'CCCCCC', 'c1ccc(C2(c3ccccc3)c3cc4c(cc3-c3sc5ccsc5c32)C(c2ccccc2)(c2ccccc2)c2c-4sc3ccsc23)cc1']"
9.532291887428864,"['CCCCC(C)CC', 'Cc1cccs1', 'c1ccsc1', 'O=C1c2cscc2C(=O)c2cscc21', 'Cc1cc2cc3sccc3cc2s1', '.', 'N#CCC#N', 'O=C1CCc2ccccc21', 'C', 'CCCCCC', 'c1ccc(C2(c3ccccc3)c3ccsc3-c3sc4cc5c6c(sc5cc4c32)-c2sccc2C6(c2ccccc2)c2ccccc2)cc1']"
9.143831098742202,"['CCCCC(C)CC', 'Cc1cccs1', 'c1ccsc1', 'O=C1c2cscc2C(=O)c2cscc21', 'Cc1cc2cc3sccc3cc2s1', '.', 'N#CCC#N', 'O=C1CCc2cscc21', 'C', 'CCCCCC', 'c1ccc(C2(c3ccccc3)c3cc4c(cc3-c3sccc32)C(c2ccccc2)(c2ccccc2)c2ccsc2-4)cc1']"
10.583816902285173,"['CCCCCCC(C)CCCC', 'S', 'Cc1cc2cc3sccc3cc2s1', 'Cc1cccs1', 'c1ccsc1', 'Fc1cc2nn(S)nc2cc1F', '.', 'N#CCC#N', 'O=C1CCc2cc(F)c(F)cc21', 'C', 'CCCCCC', 'c1ccc(C2(c3ccccc3)c3cc4c(cc3-c3sc5c(sc6ccsc65)c32)C(c2ccccc2)(c2ccccc2)c2c-4sc3c2sc2ccsc23)cc1']"
6.482876358184806,"['CCCCCCCCC(C)CCCCCC', 'Cc1cccs1', 'CCC[Si](CCC)(CCC)c1cccs1', 'c1ccsc1', 'Fc1cc2nnnc2cc1F', 'Cc1cc2cc3sccc3cc2s1', '.', 'CCCCCCC(C)CCCC', 'N#CCC#N', 'C', 'CCCCCCC(CS)CCCC', 'S', 'c1ccc2nsnc2c1', 'c1ccsc1', 'c1nc2scnc2s1']"
8.279364932714593,"['CCCCC(C)CC', 'Cc1cccs1', 'c1ccsc1', 'O=C1c2cscc2C(=O)c2cscc21', 'Cc1cc2cc3sccc3cc2s1', '.', 'CO', 'CC', 'O', 'N#CCC#N', 'O=C1CCc2ccccc21', 'C', 'C', 'c1ccc(C2(c3ccccc3)c3cc4c(cc3-c3sc5ccsc5c32)C(c2ccccc2)(c2ccccc2)c2c-4sc3ccsc23)cc1']"
9.402864708753965,"['CCCCC(C)CC', 'Cc1cccs1', 'c1ccsc1', 'O=C1c2cscc2C(=O)c2cscc21', 'Cc1cc2cc3sccc3cc2s1', '.', 'CO', 'N#CCC#N', 'O=C1CCc2ccccc21', 'C', 'CCCCCC', 'c1ccc(C2(c3ccccc3)c3cc4c(cc3-c3sc5ccsc5c32)C(c2ccccc2)(c2ccccc2)c2c-4sc3ccsc23)cc1']"
11.070551774539158,"['CCCCC(C)CC', 'Cc1cccs1', 'c1ccsc1', 'O=C1c2cscc2C(=O)c2cscc21', 'Cc1cc2cc3sccc3cc2s1', '.', 'N#CCC#N', 'Cc1sc(C)c2c1CCC2=O', 'C', 'CCCCCC', 'c1ccc(C2(c3ccccc3)c3cc4c(cc3-c3sc5ccsc5c32)C(c2ccccc2)(c2ccccc2)c2c-4sc3ccsc23)cc1']"
5.285250477654769,"['O', 'CCCCC(C)CC', 'C=O', 'CCCCC(C)CC', 'Cc1scc2scc(F)c12', 'c1ccsc1', 'Cc1cc2cc3sccc3cc2s1', '.', 'N#CCC#N', 'O=C1CCc2ccccc21', 'C', 'CCCCCC', 'c1ccsc1', 'c1ccc(C2(c3ccccc3)c3cc4c(cc3-c3sccc32)C(c2ccccc2)(c2ccccc2)c2ccsc2-4)cc1']"
6.581639066116792,"['O', 'CCCCC(C)CC', 'C=O', 'CCCCC(C)CC', 'Cc1scc2scc(F)c12', 'c1ccsc1', 'Cc1cc2cc3sccc3cc2s1', '.', 'N#CCC#N', 'O=C1CCc2cc3ccccc3cc21', 'C', 'CCCCC(C)CC', 'CCCCCC', 'c1ccsc1', 'c1ccc(C2(c3ccccc3)c3cc4c(cc3-c3sccc32)C(c2ccccc2)(c2ccccc2)c2ccsc2-4)cc1']"
6.278539443729016,"['CCCCC(C)CC', 'Cc1cccs1', 'c1ccsc1', 'O=C1c2cscc2C(=O)c2cscc21', 'Cc1cc2cc3sccc3cc2s1', '.', 'N#CCC#N', 'O=C1CCc2cc(F)c(F)cc21', 'C', 'CCCCCC', 'c1scc2c1OCCO2', 'c1ccc(C2(c3ccccc3)c3cc4c(cc3-c3sccc32)C(c2ccccc2)(c2ccccc2)c2ccsc2-4)cc1']"
6.196674370057095,"['O', 'CCCCC(C)CC', 'C=O', 'CCCCC(C)CC', 'Cc1scc2scc(F)c12', 'c1ccsc1', 'Cc1cc2cc3sccc3cc2s1', '.', 'N#CCC#N', 'C', 'CCCCCC', 'c1ccc2nsnc2c1', 'c1ccc(C2(c3ccccc3)c3cc4c(cc3-c3sccc32)C(c2ccccc2)(c2ccccc2)c2ccsc2-4)cc1']"
10.210669198227334,"['CCCCCCC(C)CCCC', 'S', 'Cc1cc2cc3sccc3cc2s1', 'Cc1cccs1', 'c1ccsc1', 'Fc1cc2nn(S)nc2cc1F', '.', 'N#CCC#N', 'O=C1CCc2cc(F)c(F)cc21', 'C', 'CCCCCC', 'c1ccc(C2(c3ccccc3)c3c(sc4c3ccc3c4ccc4c5c(sc43)-c3sc4ccsc4c3C5(c3ccccc3)c3ccccc3)-c3sc4ccsc4c32)cc1']"
10.002490438557455,"['CCCCC(C)CC', 'Cc1cccs1', 'c1ccsc1', 'O=C1c2cscc2C(=O)c2cscc21', 'Cc1cc2cc3sccc3cc2s1', '.', 'N#CCC#N', 'O=C1CCc2cc3ccccc3cc21', 'C', 'CCCCCCCCC1(CCCCCCCC)c2cc3c(cc2-c2cc4c(cc21)-c1sccc1C4(CCCCCCCC)CCCCCCCC)C(CCCCCCCC)(CCCCCCCC)c1ccsc1-3']"
7.2411167890511745,"['O', 'CCCCC(C)CC', 'C=O', 'CCCCC(C)CC', 'Cc1scc2scc(F)c12', 'c1ccsc1', 'Cc1cc2cc3sccc3cc2s1', '.', 'CC', 'O=C1CSC(=S)N1', 'C', 'c1ccc2nsnc2c1', 'CCCCC(CC)CC1(CC(CC)CCCC)c2ccsc2-c2c1ccc1c3c(ccc21)C(CC(CC)CCCC)(CC(CC)CCCC)c1ccsc1-3']"
3.2966995722402594,"['O', 'CCCCC(C)CC', 'C=O', 'CCCCC(C)CC', 'Cc1scc2scc(F)c12', 'c1ccsc1', 'Cc1cc2cc3sccc3cc2s1', '.', 'N#CCC#N', 'CCCCCC', 'CCCCC(CC)CN1C(=O)Cc2ccccc21', 'c1ccc(C2(c3ccccc3)c3cc4c(cc3-c3sccc32)C(c2ccccc2)(c2ccccc2)c2ccsc2-4)cc1']"
7.132362126606962,"['O', 'CCCCC(C)CC', 'C=O', 'CCCCC(C)CC', 'Cc1scc2scc(F)c12', 'c1ccsc1', 'Cc1cc2cc3sccc3cc2s1', '.', 'CCCCC(C)CC', 'O', 'N#CCC#N', 'O=C1CCc2ccccc21', 'C', 'c1ccsc1', 'CCCCC(CC)CC1(CC(CC)CCCC)c2ccsc2-c2sccc21']"
6.648463999345704,"['O', 'CCCCC(C)CC', 'C=O', 'CCCCC(C)CC', 'Cc1scc2scc(F)c12', 'c1ccsc1', 'Cc1cc2cc3sccc3cc2s1', '.', 'N#CCC#N', 'O=C1CCc2cc(F)c(F)cc21', 'C', 'CCCCCC', 'c1ccc(C2(c3ccccc3)Oc3c(sc4c5c(sc34)-c3sc4ccsc4c3C(c3ccccc3)(c3ccccc3)O5)-c3sc4ccsc4c32)cc1']"
8.450623395082927,"['O', 'CCCCC(C)CC', 'C=O', 'CCCCC(C)CC', 'Cc1scc2scc(F)c12', 'c1ccsc1', 'Cc1cc2cc3sccc3cc2s1', '.', 'O', 'CCCCCCCC', 'C=O', 'N#CCC#N', 'O=C1CCc2ccccc21', 'C', 'CCCCCC', 'c1cc2cscc2s1', 'c1ccc(C2(c3ccccc3)c3cc4c(cc3-c3sccc32)C(c2ccccc2)(c2ccccc2)c2ccsc2-4)cc1']"
8.745006091621942,"['CO', 'CCCCCCCCC(C)CCCCCC', 'CCCCC(C)CC', 'CCCCCC', 'Cc1cc2sccc2s1', 'c1ccsc1', 'O=C1NC(=O)c2cscc21', 'c1cc2sccc2s1', 'Cc1cc2cc3sccc3cc2s1', '.', 'N#CCC#N', 'O=C1CCc2ccccc21', 'C', 'CCCCCCC1(CCCCCC)c2cc3c(cc2-c2sccc21)C(CCCCCC)(CCCCCC)c1ccsc1-3']"
6.9378617812363315,"['CCCCCCCCCCCC(C)CCCCCCCCC', 'Cc1cc2sccc2s1', 'Cc1cccs1', 'c1ccsc1', 'Fc1cc2nsnc2cc1F', '.', 'CC', 'O=C1CSC(=S)N1', 'C', 'c1ccc2nsnc2c1', 'CCCCCCCCC1(CCCCCCCC)c2cc3c(cc2-c2sccc21)C(CCCCCCCC)(CCCCCCCC)c1ccsc1-3']"
8.002872116763724,"['O', 'CCCCC(C)CC', 'C=O', 'CCCCC(C)CC', 'Cc1scc2scc(F)c12', 'c1ccsc1', 'Cc1cc2cc3sccc3cc2s1', '.', 'CC', 'O=C1CSC(=S)N1', 'C', 'CCCCCC', 'c1ccc2nsnc2c1', 'c1ccc(C2(c3ccccc3)c3cc4c(cc3-c3sccc32)C(c2ccccc2)(c2ccccc2)c2ccsc2-4)cc1']"
6.882446187760381,"['CCCCCC', 'Cc1cccs1', 'Cc1cccs1', 'c1ccsc1', '.', 'CCCCCCCC', 'O', 'CC', 'O=C1CSC(=S)N1', 'C', 'c1ccc2nsnc2c1', 'c1ccc(C2(c3ccccc3)c3cc4c(cc3-c3sccc32)C(c2ccccc2)(c2ccccc2)c2ccsc2-4)cc1']"
5.560324184747268,"['CCCCCC', 'Cc1cccs1', 'Cc1cccs1', 'c1ccsc1', '.', 'CC', 'O=C1CSC(=S)N1', 'C', 'CCCCCC', 'c1ccc2nsnc2c1', 'c1ccc(C2(c3ccccc3)c3cc4c(cc3-c3sccc32)C(c2ccccc2)(c2ccccc2)c2ccsc2-4)cc1']"
5.884831116178572,"['O', 'CCCCC(C)CC', 'C=O', 'CCCCC(C)CC', 'Cc1scc2scc(F)c12', 'c1ccsc1', 'Cc1cc2cc3sccc3cc2s1', '.', 'N#CCC#N', 'O=C1CCc2ccccc21', 'C', 'CCCCC(C)CC', 'CCCCCC', 'c1ccsc1', 'c1ccc(C2(c3ccccc3)c3cc4c(cc3-c3sccc32)C(c2ccccc2)(c2ccccc2)c2ccsc2-4)cc1']"
9.725183513223069,"['CCCCC(CC)CC', 'CCCCCCCC', 'CCCCC(C)CC', 'Cc1cccs1', 'c1ccsc1', 'O=C1NC(=O)c2cc3nnnc3cc21', 'Fc1cccc(F)c1', 'Cc1cc2cc3sccc3cc2s1', '.', 'N#CCC#N', 'O=C1CCc2cc(F)c(F)cc21', 'C', 'CCCCCC', 'c1ccc(C2(c3ccccc3)c3cc4c(cc3-c3sc5ccsc5c32)C(c2ccccc2)(c2ccccc2)c2c-4sc3ccsc23)cc1']"
9.379938458813486,"['CCCCC(C)CC', 'Cc1cccs1', 'c1ccsc1', 'O=C1c2cscc2C(=O)c2cscc21', 'Cc1cc2cc3sccc3cc2s1', '.', 'N#CCC#N', 'O=C1CCc2ccccc21', 'C', 'CCCCCC', 'c1ccc(C2(c3ccccc3)c3cc4c(cc3-c3sc5ccsc5c32)C(c2ccccc2)(c2ccccc2)c2c-4sc3ccsc23)cc1']"
6.376466012781528,"['CCCCC(C)CC', 'Cc1cccs1', 'c1ccsc1', 'O=C1c2cscc2C(=O)c2cscc21', 'Cc1cc2cc3sccc3cc2s1', '.', 'N#CCC#N', 'O=C1CCc2ccccc21', 'C', 'c1ccsc1', 'CCCCC(CC)CC1(CC(CC)CCCC)c2ccccc2-c2ccccc21']"
6.418864146950271,"['CCCCCCCCCCC(C)CCCCCCCC', 'CCCCCCCCCCC(C)CCCCCCCC', 'Cc1cccs1', 'Cc1cccs1', 'c1ccsc1', 'c1ccsc1', 'Fc1cc2nsnc2cc1F', '.', 'CCCCCC', 'N#CC(C#N)=c1nc(=O)/c(=C\\c2cccc3nsnc23)s1', 'CCCCCCCCCCC1(CCCCCCCCCC)c2ccccc2-c2ccccc21']"
4.908268472172967,"['O', 'CCCCC(C)CC', 'C=O', 'CCCCC(C)CC', 'Cc1scc2scc(F)c12', 'c1ccsc1', 'Cc1cc2cc3sccc3cc2s1', '.', 'N#CCC#N', 'O=C1CCc2ccccc21', 'C', 'CCCCCC', 'c1ccsc1', 'CCCCCCCCC1(CCCCCCCC)c2ccccc2-c2ccccc21']"
10.844407189305064,"['CCCCC(C)CC', 'CCCCCCC(C)CCCC', 'Cc1sccc1Cl', 'Clc1ccsc1', 'O=C1c2cscc2C(=O)c2cscc21', 'c1ccccc1', 'Cc1cc2cc3sccc3cc2s1', '.', 'N#CCC#N', 'O=C1CCc2cc(F)c(F)cc21', 'C', 'CCCCCC', 'c1ccc(C2(c3ccccc3)c3cc4c(cc3-c3sc5ccsc5c32)C(c2ccccc2)(c2ccccc2)c2c-4sc3ccsc23)cc1']"
12.842536321263488,"['CCCCC(C)CC', 'Cc1cccs1', 'Fc1ccsc1', 'O=C1c2cscc2C(=O)c2cscc21', 'c1ccsc1', 'Cc1cc2cc3sccc3cc2s1', '.', 'N#CCC#N', 'O=C1CCc2cc(Cl)c(Cl)cc21', 'C', 'CCCCCC', 'c1ccc(C2(c3ccccc3)c3cc4c(cc3-c3sc5ccsc5c32)C(c2ccccc2)(c2ccccc2)c2c-4sc3ccsc23)cc1']"
11.427561000437917,"['O', 'CCCCCCCCCC', 'CCCCC(C)CC', 'C=O', 'CCCCC(CC)CCC', 'S', 'Cc1cccs1', 'Fc1ccsc1', 'c1ccsc1', 'c1ccsc1', 'Cc1cc2cc3sccc3cc2s1', '.', 'N#CCC#N', 'O=C1CCc2cc(F)c(F)cc21', 'C', 'CCCCCC', 'c1ccc(C2(c3ccccc3)c3cc4c(cc3-c3sc5ccsc5c32)C(c2ccccc2)(c2ccccc2)c2c-4sc3ccsc23)cc1']"
9.925787388981886,"['CCCCCCCCC(C)CCCCCC', 'Cc1cccs1', 'CCC[Si](CCC)(CCC)c1cccs1', 'c1ccsc1', 'Fc1cc2nnnc2cc1F', 'Cc1cc2cc3sccc3cc2s1', '.', 'N#CCC#N', 'O=C1CCc2ccccc21', 'C', 'CCCCCC', 'c1ccc(C2(c3ccccc3)c3cc4c(cc3-c3sc5ccsc5c32)C(c2ccccc2)(c2ccccc2)c2c-4sc3ccsc23)cc1']"
9.184298897811432,"['CCCCC(C)CC', 'Cc1cccs1', 'Fc1ccsc1', 'O=C1c2cscc2C(=O)c2cscc21', 'c1ccsc1', 'Cc1cc2cc3sccc3cc2s1', '.', 'N#CCC#N', 'O=C1CCc2ccccc21', 'C', 'CCCCCC', 'c1ccc(C2(c3ccccc3)c3cc4c(cc3-c3sc5ccsc5c32)C(c2ccccc2)(c2ccccc2)c2c-4sc3ccsc23)cc1']"
7.566518795479132,"['CCCCC(C)CC', 'Cc1cccs1', 'c1ccsc1', 'O=C1c2cscc2C(=O)c2cscc21', 'Cc1cc2cc3sccc3cc2s1', '.', 'O', 'CCCCCCCC', 'C=O', 'CC', 'CCCCCC', 'N#CC(C#N)=c1nc(=O)/c(=C\\c2scc3sccc23)s1', 'c1ccc(C2(c3ccccc3)c3cc4c(cc3-c3sccc32)C(c2ccccc2)(c2ccccc2)c2ccsc2-4)cc1']"
9.443992878652443,"['CCCCC(C)CC', 'Cc1cccs1', 'c1ccsc1', 'O=C1c2cscc2C(=O)c2cscc21', 'Cc1cc2cc3sccc3cc2s1', '.', 'N#CCC#N', 'O=C1CCc2ccccc21', 'CCCCC(C)CC', 'C', 'c1cc2sc3c(nc4c5nc6c7sccc7sc6c5c5nnnc5c43)c2s1']"
4.58446413509547,"['CCCCC(C)CC', 'Cc1cccs1', 'c1ccsc1', 'O=C1c2cscc2C(=O)c2cscc21', 'Cc1cc2cc3sccc3cc2s1', '.', 'N#CCC#N', 'O=C1CCc2cc(Cl)c(Cl)cc21', 'C', 'CCCCC(C)CC', 'CCCCC(C)CC', 'CCCCCCCCC1(CCCCCCCC)c2ccsc2-c2sccc21', 'c1ccsc1', 'c1cc2cc3sccc3cc2s1']"
8.11872646532737,"['CCCCC(C)CC', 'CCCCC(C)CC', 'S', 'Cc1cccs1', 'c1ccsc1', 'O=C1c2cscc2C(=O)c2cscc21', 'c1ccccc1', 'Cc1cc2cc3sccc3cc2s1', '.', 'N#CCC#N', 'O=C1CCc2cscc21', 'C', 'CCCCCC', 'c1ccc(C2(c3ccccc3)c3cc4c(cc3-c3sc5ccsc5c32)C(c2ccccc2)(c2ccccc2)c2c-4sc3ccsc23)cc1']"
10.187148906850297,"['CCCCCCC(C)CCCC', 'CCCCC(C)CC', 'CCCCC(C)CC', 'S', 'Cc1cccs1', 'c1ccsc1', 'c1nc2cc3scnc3cc2s1', 'c1ccsc1', 'Cc1cc2cc3sccc3cc2s1', '.', 'N#CCC#N', 'O=C1CCc2cc(F)c(F)cc21', 'C', 'CCCCCC', 'c1ccc(C2(c3ccccc3)c3cc4c(cc3-c3sc5ccsc5c32)C(c2ccccc2)(c2ccccc2)c2c-4sc3ccsc23)cc1']"
8.737417732924587,"['CCCCCCCCC', 'Cc1sccc1F', 'c1ccsc1', 'O=C1c2cscc2C(=O)c2cscc21', 'Fc1ccsc1', 'Cc1cc2cc3sccc3cc2s1', '.', 'N#CCC#N', 'O=C1CCc2ccccc21', 'C', 'CCCCCC', 'c1ccc(C2(c3ccccc3)c3ccsc3-c3sc4cc5c6c(sc5cc4c32)-c2sccc2C6(c2ccccc2)c2ccccc2)cc1']"
10.886245376366356,"['CCCCCCCCC(C)CCCCCC', 'CCCCC(C)CC', 'Clc1ccsc1', 'Cc1cccs1', 'c1ccsc1', 'Fc1cc2nnnc2cc1F', 'Cc1cc2cc3sccc3cc2s1', '.', 'N#CCC#N', 'O=C1CCc2cc(F)c(F)cc21', 'C', 'CCCCCC', 'c1ccc(C2(c3ccccc3)c3cc4c(cc3-c3sc5ccsc5c32)C(c2ccccc2)(c2ccccc2)c2c-4sc3ccsc23)cc1']"
9.373416702618789,"['CCCCC(C)CC', 'O', 'CCCCC(C)CC', 'Fc1ccsc1', 'Cc1cccs1', 'c1ccsc1', 'c1ccc2nonc2c1', 'Cc1cc2cc3sccc3cc2s1', '.', 'CCCCCC', 'O', 'N#CCC#N', 'O=C1CCc2cc(Cl)c(Cl)cc21', 'C', 'c1ccc(C2(c3ccccc3)c3cc4c(cc3-c3sc5ccsc5c32)C(c2ccccc2)(c2ccccc2)c2c-4sc3ccsc23)cc1']"
8.565608710133393,"['O', 'CCCCC(C)CC', 'C=O', 'CCCCC(C)CC', 'Cc1scc2scc(F)c12', 'c1scc2c1OCCO2', 'Cc1cc2cc3sccc3cc2s1', '.', 'N#CCC#N', 'O=C1CCc2ccccc21', 'C', 'CCCCCC', 'c1csc(C2(c3cccs3)c3cc4c(cc3-c3sc5ccsc5c32)C(c2cccs2)(c2cccs2)c2c-4sc3ccsc23)c1']"
3.8326461880475446,"['CCCCCC', 'Cc1cccs1', 'Cc1cccs1', 'c1ccsc1', '.', 'CCCCC(C)CC', 'O=C1NC(=O)c2cccc3cccc1c23', 'c1ccsc1', 'O=C1NC(=O)c2cc3nsnc3cc21']"
11.140677972117372,"['O', 'CCCCCCCCC(C)CCCCCC', 'C=O', 'CCCCC(C)CC', 'Cc1cccs1', 'Fc1ccsc1', 'c1ccsc1', 'Cc1cc2cc3sccc3cc2s1', '.', 'N#CCC#N', 'O=C1CCc2cc(F)c(F)cc21', 'C', 'CCCCCC', 'c1ccc(C2(c3ccccc3)c3cc4c(cc3-c3sc5ccsc5c32)C(c2ccccc2)(c2ccccc2)c2c-4sc3ccsc23)cc1']"
9.612181959203559,"['CCCCC(C)CC', 'CCCCC(C)CC', 'Cc1cccs1', 'Fc1ccsc1', 'O=C1c2cscc2C(=O)c2cscc21', 'c1ccsc1', 'Cc1cc2sc3cc4c(cc3c2s1)sc1ccsc14', '.', 'N#CCC#N', 'O=C1CCc2ccccc21', 'C', 'CCCCCCC1(CCCCCC)c2cc3c(cc2-c2sccc21)C(CCCCCC)(CCCCCC)c1ccsc1-3']"
7.513386147973949,"['CCCCC(C)CC', 'C1CCSC1', 'Cc1cccs1', 'O=C1c2cscc2C(=O)C2CSCC12', 'CCC[Si](CCC)(CCC)c1cccs1', 'Cc1cc2cc3sccc3cc2s1', '.', 'N#CCC#N', 'O=C1CCc2ccccc21', 'C', 'CCCCCC', 'c1ccc(C2(c3ccccc3)c3cc4c(cc3-c3sc5ccsc5c32)C(c2ccccc2)(c2ccccc2)c2c-4sc3ccsc23)cc1']"
11.081803966888968,"['CCCCCCCCC(C)CCCCCC', 'Cc1cccs1', 'CCC[Si](CCC)(CCC)c1cccs1', 'c1ccsc1', 'Fc1cc2nnnc2cc1F', 'Cc1cc2cc3sccc3cc2s1', '.', 'N#CCC#N', 'Cc1cc2c(cc1F)C(=O)CC2', 'C', 'CCCCCC', 'c1ccc(C2(c3ccccc3)c3cc4c(cc3-c3sc5ccsc5c32)C(c2ccccc2)(c2ccccc2)c2c-4sc3ccsc23)cc1']"
9.523834053791061,"['O', 'CCCCCCCCC(C)CCCCCC', 'C=O', 'CCCCCCCCC(C)CCCCCC', 'Cc1cccs1', 'Cc1cccs1', 'c1ccsc1', 'c1ccsc1', 'Fc1cc2nnnc2cc1F', '.', 'N#CCC#N', 'O=C1CCc2ccccc21', 'C', 'CCCCCC', 'c1csc(C2(c3cccs3)c3cc4c(cc3-c3sc5ccsc5c32)C(c2cccs2)(c2cccs2)c2c-4sc3ccsc23)c1']"
11.90983087472638,"['CCCCC(C)CC', 'Cc1cccs1', 'Fc1ccsc1', 'c1ccsc1', 'c1ccsc1', 'Cc1cc2cc3sccc3cc2s1', '.', 'N#CCC#N', 'O=C1CCc2cc(F)c(F)cc21', 'C', 'CCCCCC', 'c1ccc(C2(c3ccccc3)c3cc4c(cc3-c3sc5ccsc5c32)C(c2ccccc2)(c2ccccc2)c2c-4sc3ccsc23)cc1']"
10.068646903949295,"['CCCCCCCCC(C)CCCCCC', 'CCCCC(C)CC', 'CCCCCCCCCC', 'Cc1cccs1', 'c1ccsc1', 'O=c1nc(=O)c2ccsc2c2sccc12', 'c1ccsc1', 'Cc1cc2cc3sccc3cc2s1', '.', 'N#CCC#N', 'O=C1CCc2cc(F)c(F)cc21', 'C', 'CCCCCC', 'c1ccc(C2(c3ccccc3)c3cc4c(cc3-c3sc5ccsc5c32)C(c2ccccc2)(c2ccccc2)c2c-4sc3ccsc23)cc1']"
10.508958436064557,"['CCCCCCCC', 'O', 'CCCCC(C)CC', 'S', 'Fc1ccsc1', 'Cc1cccs1', 'c1ccsc1', 'c1ccc2nsnc2c1', 'Cc1cc2cc3sccc3cc2s1', '.', 'N#CCC#N', 'O=C1CCc2cc(F)c(F)cc21', 'C', 'CCCCCC', 'c1ccc(C2(c3ccccc3)c3cc4c(cc3-c3sc5ccsc5c32)C(c2ccccc2)(c2ccccc2)c2c-4sc3ccsc23)cc1']"
4.538654308531751,"['CCCCCC', 'Cc1cccs1', 'Cc1cccs1', 'c1ccsc1', '.', 'CCCCCC', 'c1ccccc1', 'c1ccc(C2(c3ccccc3)c3cc4c(cc3-c3sccc32)C(c2ccccc2)(c2ccccc2)c2ccsc2-4)cc1', 'O=Cc1cccc2nccnc12']"
9.807833830142336,"['O', 'CCCCC(C)CC', 'C=O', 'CCCCC(C)CC', 'Cc1scc2scc(F)c12', 'c1ccsc1', 'Cc1cc2cc3sccc3cc2s1', '.', 'N#CCC#N', 'O=C1CCc2cscc21', 'C', 'CCCCCC', 'c1ccc(C2(c3ccccc3)c3cc4c(cc3-c3sc5ccsc5c32)C(c2ccccc2)(c2ccccc2)c2c-4sc3ccsc23)cc1']"
3.925121804614222,"['CCCCC(C)CC', 'Cc1cccs1', 'c1ccsc1', 'O=C1c2cscc2C(=O)c2cscc21', 'Cc1cc2cc3sccc3cc2s1', '.', 'CCCCCCCC', 'CCCCCC', 'N#CC(C#N)=c1nc(=O)/c(=C/c2cccc3nsnc23)s1', 'c1ccc(C2(c3ccccc3)c3cc4c(cc3-c3sc5ccsc5c32)C(c2ccccc2)(c2ccccc2)c2c-4sc3ccsc23)cc1']"
8.461335259202679,"['CCCCC(C)CC', 'Cc1cccs1', 'Clc1ccsc1', 'O=C1c2cscc2C(=O)c2cscc21', 'c1ccsc1', 'Cc1cc2cc3sccc3cc2s1', '.', 'N#CCC#N', 'O=C1CCc2cc(F)c(F)cc21', 'C', 'CCCCCC', 'c1ccc(C2(c3ccccc3)c3cc4c(cc3-c3sccc32)C(c2ccccc2)(c2ccccc2)c2ccsc2-4)cc1']"
8.653669119092827,"['CCCCC(C)CC', 'Cc1cccs1', 'c1ccsc1', 'O=C1c2cscc2C(=O)c2cscc21', 'Cc1cc2cc3sccc3cc2s1', '.', 'CCCCCC', 'O', 'N#CCC#N', 'O=C1CCc2ccccc21', 'C', 'c1ccc2c(c1)-c1ccccc1C21c2cc3c(cc2-c2sccc21)C1(c2ccccc2-c2ccccc21)c1ccsc1-3']"
6.607502525371251,"['CCCCC(C)CC', 'Cc1cccs1', 'c1ccsc1', 'O=C1c2cscc2C(=O)c2cscc21', 'Cc1cc2cc3sccc3cc2s1', '.', 'N#CCC#N', 'O=C1CCc2ccccc21', 'C', 'c1ccsc1', 'CCCCCCCCC1(CCCCCCCC)c2ccccc2-c2cc3c(cc21)-c1ccccc1C3(CCCCCCCC)CCCCCCCC']"
11.11094088082243,"['CCCCC(C)CC', 'Cc1cccs1', 'c1ccsc1', 'O=C1c2cscc2C(=O)c2cscc21', 'Cc1cc2cc3sccc3cc2s1', '.', 'N#CCC#N', 'O=C1CCc2cscc21', 'C', 'CCCCCC', 'c1ccc(C2(c3ccccc3)c3cc4c(cc3-c3sc5ccsc5c32)C(c2ccccc2)(c2ccccc2)c2c-4sc3ccsc23)cc1']"
3.5130906319538937,"['CCCCCC', 'Cc1cccs1', 'Cc1cccs1', 'c1ccsc1', '.', 'CC', 'CCCCCC', 'N#CC(C#N)=c1nc(=O)/c(=C/c2cccc3nsnc23)s1', 'c1ccc(C2(c3ccccc3)c3cc4c(cc3-c3sccc32)C(c2ccccc2)(c2ccccc2)c2ccsc2-4)cc1']"
8.890074772562594,"['CCCCC(C)CC', 'O', 'CCCCCCCCC(C)CCCCCC', 'FC(F)F', 'Cc1cccs1', 'c1ccsc1', 'Fc1cc2nnnc2cc1F', 'c1ccccc1', 'Cc1cc2cc3sccc3cc2s1', '.', 'N#CCC#N', 'O=C1CCc2ccccc21', 'C', 'CCCCCC', 'c1ccc(C2(c3ccccc3)c3cc4c(cc3-c3sc5ccsc5c32)C(c2ccccc2)(c2ccccc2)c2c-4sc3ccsc23)cc1']"
10.866008126289678,"['CCCCC(C)CC', 'Cc1cccs1', 'c1ccsc1', 'O=C1c2cscc2C(=O)c2cscc21', 'Cc1cc2cc3sccc3cc2s1', '.', 'N#CCC#N', 'O=C1CCc2cc(Cl)c(Cl)cc21', 'C', 'CCCCCC', 'c1ccc(C2(c3ccccc3)c3cc4c(cc3-c3sc5ccsc5c32)C(c2ccccc2)(c2ccccc2)c2c-4sc3ccsc23)cc1']"
10.53077195327166,"['CCCCC(C)CC', 'Cc1cccs1', 'c1ccsc1', 'O=C1c2cscc2C(=O)c2cscc21', 'Cc1cc2cc3sccc3cc2s1', '.', 'N#CCC#N', 'Cc1ccc2c(c1)C(=O)CC2', 'C', 'CCCCCC', 'c1ccc(C2(c3ccccc3)c3ccsc3-c3sc4cc5c6c(sc5cc4c32)-c2sccc2C6(c2ccccc2)c2ccccc2)cc1']"
10.654807447809764,"['CCCCC(C)CC', 'Cc1cccs1', 'c1ccsc1', 'O=C1c2cscc2C(=O)c2cscc21', 'Cc1cc2cc3sccc3cc2s1', '.', 'N#CCC#N', 'O=C1CCc2ccc(F)cc21', 'C', 'CCCCCC', 'c1ccc(C2(c3ccccc3)c3ccsc3-c3sc4cc5c6c(sc5cc4c32)-c2sccc2C6(c2ccccc2)c2ccccc2)cc1']"
8.930887767622595,"['CCCCC(C)CC', 'Cc1cccs1', 'c1ccsc1', 'O=C1c2cscc2C(=O)c2cscc21', 'Cc1cc2cc3sccc3cc2s1', '.', 'N#CCC#N', 'O=C1CCc2ccccc21', 'C', 'CCCCCC', 'c1ccc(C2(c3ccccc3)c3cc4c(cc3-c3sccc32)C(c2ccccc2)(c2ccccc2)c2ccsc2-4)cc1']"
9.532291887428864,"['CCCCC(C)CC', 'Cc1cccs1', 'c1ccsc1', 'O=C1c2cscc2C(=O)c2cscc21', 'Cc1cc2cc3sccc3cc2s1', '.', 'N#CCC#N', 'O=C1CCc2ccccc21', 'C', 'CCCCCC', 'c1ccc(C2(c3ccccc3)c3ccsc3-c3sc4cc5c6c(sc5cc4c32)-c2sccc2C6(c2ccccc2)c2ccccc2)cc1']"
8.011152468589874,"['O', 'CCCCCCCC', 'C=O', 'CCCCC(C)CC', 'Cc1scc2scc(F)c12', 'Fc1ccsc1', 'Cc1cc2cc3sccc3cc2s1', '.', 'N#CCC#N', 'O=C1CCc2ccccc21', 'C', 'CCCCCC', 'c1ccc(C2(c3ccccc3)c3cc4c(cc3-c3sc5ccsc5c32)C(c2ccccc2)(c2ccccc2)c2c-4sc3ccsc23)cc1']"
9.379938458813486,"['CCCCC(C)CC', 'Cc1cccs1', 'c1ccsc1', 'O=C1c2cscc2C(=O)c2cscc21', 'Cc1cc2cc3sccc3cc2s1', '.', 'N#CCC#N', 'O=C1CCc2ccccc21', 'C', 'CCCCCC', 'c1ccc(C2(c3ccccc3)c3cc4c(cc3-c3sc5ccsc5c32)C(c2ccccc2)(c2ccccc2)c2c-4sc3ccsc23)cc1']"
9.34463203349105,"['CCCCCCCCC(C)CCCCCC', 'CCCCC(C)CC', 'Fc1ccsc1', 'Cc1cccs1', 'c1ccsc1', 'Fc1cc2nnnc2cc1F', 'Cc1cc2cc3sccc3cc2s1', '.', 'N#CCC#N', 'O=C1CCc2ccccc21', 'C', 'CCCCCC', 'c1ccc(C2(c3ccccc3)c3cc4c(cc3-c3sc5ccsc5c32)C(c2ccccc2)(c2ccccc2)c2c-4sc3ccsc23)cc1']"
9.890734833225036,"['O', 'CCCCC(C)CC', 'C=O', 'Cc1scc2scc(F)c12', 'Cc1cc2cc3sccc3cc2s1', '.', 'CCCCC(C)CC', 'O', 'N#CCC#N', 'O=C1CCc2cc(F)c(F)cc21', 'C', 'CCCCCC', 'c1ccsc1', 'c1ccc(C2(c3ccccc3)c3cc4c(cc3-c3sccc32)C(c2ccccc2)(c2ccccc2)c2ccsc2-4)cc1']"
10.829550634383963,"['O', 'CCCCC(C)CC', 'C=O', 'CCCCC(C)CC', 'Cc1scc2scc(F)c12', 'c1ccsc1', 'Cc1cc2cc3sccc3cc2s1', '.', 'CCCCC(C)CC', 'O', 'N#CCC#N', 'O=C1CCc2cc(F)c(F)cc21', 'C', 'CCCCCC', 'c1ccsc1', 'c1ccc(C2(c3ccccc3)c3cc4c(cc3-c3sccc32)C(c2ccccc2)(c2ccccc2)c2ccsc2-4)cc1']"
7.721372377220659,"['OS', 'CCCCCCCCCCCC', 'CCCCC(C)CC', 'S', 'Cc1cccs1', 'c1ccsc1', 'c1ccc2nonc2c1', 'c1ccccc1', 'Cc1cc2cc3sccc3cc2s1', '.', 'N#CCC#N', 'O=C1CCc2ccccc21', 'C', 'CCCCCC', 'c1ccc(C2(c3ccccc3)c3cc4c(cc3-c3sc5ccsc5c32)C(c2ccccc2)(c2ccccc2)c2c-4sc3ccsc23)cc1']"
10.001351742428971,"['CCCCC(C)CC', 'Cc1cccs1', 'c1ccsc1', 'O=C1c2cscc2C(=O)c2cscc21', 'Cc1cc2cc3sccc3cc2s1', '.', 'N#CCC#N', 'O=C1CCc2ccc(F)cc21', 'C', 'CCCCCC', 'c1ccc(C2(c3ccccc3)c3ccsc3-c3sc4c5c(sc4c32)-c2sccc2C5(c2ccccc2)c2ccccc2)cc1']"
6.510592254097087,"['O', 'CCCCC(C)CC', 'C=O', 'CCCCC(C)CC', 'Cc1scc2scc(F)c12', 'c1ccsc1', 'Cc1cc2cc3sccc3cc2s1', '.', 'N#CCC#N', 'O=C1CCc2ccccc21', 'C', 'c1ccsc1', 'CCCCCCC1(CCCCCC)c2ccccc2-c2cc3c(cc21)-c1ccccc1C3(CCCCCC)CCCCCC']"
5.768069949359668,"['O', 'CCCCC(C)CC', 'C=O', 'CCCCC(C)CC', 'Cc1scc2scc(F)c12', 'c1ccsc1', 'Cc1cc2cc3sccc3cc2s1', '.', 'CC', 'C', 'O=C1CC(=O)NC(=S)N1', 'c1ccsc1', 'CCCCCCC1(CCCCCC)c2ccccc2-c2cc3c(cc21)-c1ccccc1C3(CCCCCC)CCCCCC']"
11.37528030057081,"['CCCCC(C)CC', 'Cc1cccs1', 'c1ccsc1', 'O=C1c2cscc2C(=O)c2cscc21', 'Cc1cc2cc3sccc3cc2s1', '.', 'N#CCC#N', 'Cc1ccc2c(c1)CCC2=O', 'C', 'CCCCCC', 'c1ccc(C2(c3ccccc3)c3cc4c(cc3-c3sc5ccsc5c32)C(c2ccccc2)(c2ccccc2)c2c-4sc3ccsc23)cc1']"
7.955177923222071,"['O', 'CCCCC(C)CC', 'C=O', 'CCCCC(C)CC', 'Cc1scc2scc(F)c12', 'c1ccsc1', 'Cc1cc2cc3sccc3cc2s1', '.', 'N#CCC#N', 'O=C1CCc2ccccc21', 'C', 'CCCCCC', 'c1ccc(C2(c3ccccc3)c3cc4c(cc3-c3sc5ccsc5c32)C(c2ccccc2)(c2ccccc2)c2c-4sc3ccsc23)cc1']"
10.911133788201118,"['CCCCC(C)CC', 'Cc1cccs1', 'c1ccsc1', 'O=C1c2cscc2C(=O)c2cscc21', 'Cc1cc2cc3sccc3cc2s1', '.', 'CCCCC(C)CC', 'O', 'N#CCC#N', 'O=C1CCc2cscc21', 'C', 'CCCCCC', 'c1ccsc1', 'c1ccc(C2(c3ccccc3)c3cc4c(cc3-c3sccc32)C(c2ccccc2)(c2ccccc2)c2ccsc2-4)cc1']"
2.397296419320871,"['O', 'CCCCC(C)CC', 'C=O', 'CCCCC(C)CC', 'Cc1scc2scc(F)c12', 'c1ccsc1', 'Cc1cc2cc3sccc3cc2s1', '.', 'CC', 'O=C1CSC(=O)N1', 'CCCCCCCC', 'C', 'CCCCCC', 'c1ccc2nnnc2c1', 'c1ccc(C2(c3ccccc3)c3cc4c(cc3-c3sccc32)C(c2ccccc2)(c2ccccc2)c2ccsc2-4)cc1']"
4.973042256419877,"['CCCCCC', 'Cc1cccs1', 'Cc1cccs1', 'c1ccsc1', '.', 'CC', 'O=C1CSC(=O)N1', 'C', 'CCCCCC', 'c1ccc2nsnc2c1', 'c1ccc(C2(c3ccccc3)c3cc4c(cc3-c3sccc32)C(c2ccccc2)(c2ccccc2)c2ccsc2-4)cc1']"
4.6366338467372055,"['CCCCC(CC)CC=O', 'CCCCC(C)CC', 'Cc1scc2sccc12', 'c1ccsc1', 'Cc1cc2cc3sccc3cc2s1', '.', 'N#CCC#N', 'C', 'CCCCCC', 'c1ccc2nsnc2c1', 'c1ccc(C2(c3ccccc3)c3cc4c(cc3-c3sccc32)C(c2ccccc2)(c2ccccc2)c2ccsc2-4)cc1']"
9.379938458813486,"['CCCCC(C)CC', 'Cc1cccs1', 'c1ccsc1', 'O=C1c2cscc2C(=O)c2cscc21', 'Cc1cc2cc3sccc3cc2s1', '.', 'N#CCC#N', 'O=C1CCc2ccccc21', 'C', 'CCCCCC', 'c1ccc(C2(c3ccccc3)c3cc4c(cc3-c3sc5ccsc5c32)C(c2ccccc2)(c2ccccc2)c2c-4sc3ccsc23)cc1']"
8.493462142750454,"['O', 'CCCCC(C)CC', 'C=O', 'CCCCC(C)CC', 'Cc1scc2scc(F)c12', 'c1ccsc1', 'Cc1cc2cc3sccc3cc2s1', '.', 'CCCCC(C)CC', 'O', 'N#CCC#N', 'O=C1CCc2ccccc21', 'C', 'CCCCCC', 'c1ccsc1', 'c1ccc(C2(c3ccccc3)c3cc4c(cc3-c3sccc32)C(c2ccccc2)(c2ccccc2)c2ccsc2-4)cc1']"
8.710549681952957,"['CCCCCCCCC(C)CCCCCC', 'Cc1cccs1', 'CCC[Si](CCC)(CCC)c1cccs1', 'c1ccsc1', 'CCC[Si](CCC)(CCC)C1CC=C(c2c3cc(C)sc3cc3ccsc23)S1', 'Clc1cc2nnnc2cc1Cl', '.', 'N#CCC#N', 'O=C1CCc2ccccc21', 'C', 'CCCCCC', 'c1ccc(C2(c3ccccc3)c3cc4c(cc3-c3sc5ccsc5c32)C(c2ccccc2)(c2ccccc2)c2c-4sc3ccsc23)cc1']"
12.444044232543087,"['CCCCCCCCC(C)CCCCCC', 'Cc1cccs1', 'CCC[Si](CCC)(CCC)c1cccs1', 'c1ccsc1', 'Fc1cc2nnnc2cc1F', 'Cc1cc2cc3sccc3cc2s1', '.', 'N#CCC#N', 'O=C1CCc2ccc(F)cc21', 'C', 'CCCCCCCCC(CCCCCC)CC1(CCCCCCCCC(C)CCCCCC)c2cc3c(cc2C2C1c1cc4c(cc1C2(CC(CCCCCC)CCCCCCCC)CC(CCCCCC)CCCCCCCC)-c1sccc1C4)Cc1ccsc1-3']"
