predicted_calc_PCE_percent,DA_BigSMILES
9.154247278321535,{[$]CCCCCCCCCCCOc1c(OCCCCCCCCCCCC)c(-c2ccc(-c3cc4c(-c5cc(F)c(CC(CC)CCCC)c(F)c5)c5sc[$]cc5c(-c5cc(F)c(CC(CC)CCCC)c(F)c5)c4s3)s2)c2nsnc2c1-c1ccc[$]s1}.{[$]CCCCCC1(CCCCCC)c2cc3c(cc2-c2sc(/C=C4\C(=O)c5ccccc5C4=C(C#N)C#N)cc21)C(CCCCCC)(CCCCCC)c1cc(/C=C2\C(=O)c4ccccc4C2=C(C#N)C#N)sc1-3}
9.541581354549042,{[$]CCCC(CC)Cc1ccc(-c2c3cc(-c4ccc(-c5sc(-c6ccc[$]s6)c6c5C(=O)c5c(CC(CC)CCCC)sc(CC(CC)CCCC)c5C6=O)s4)sc3c(-c3ccc(CC(CC)CCCC)s3)c3cc[$]sc23)s1}.{[$]CCCCCc1ccc(C2(c3ccc(CCCCCC)cc3)c3cc4c(cc3-c3sc(-c5sc(/C=C6\C(=O)c7cc(Cl)c(Cl)cc7C6=C(C#N)C#N)cc5OCC(CC)CCCC)cc32)C(c2ccc(CCCCCC)cc2)(c2ccc(CCCCCC)cc2)c2cc(-c3sc(/C=C5\C(=O)c6cc(Cl)c(Cl)cc6C5=C(C#N)C#N)cc3OCC(CC)CCCC)sc2-4)cc1}
8.62109251282359,{[$]CCCCCCCC(CCCCCC)Cn1nc2c(-c3ccc[$]s3)c(F)c(F)c(-c3ccc(-c4cc5c(-c6ccc(CC(CC)CCCC)s6)c6sc[$]cc6c(-c6ccc(CCCCC[$]CC)s6)c5s4)s3)c2n1}.{[$]CCCCCc1ccc(C2(c3ccc(CCCCCC)cc3)c3cc4c(cc3-c3sc(-c5scc(/C=C6\C(=O)c7cc(F)c(F)cc7C6=C(C#N)C#N)c5OCC(CC)CCCC)cc32)C(c2ccc(CCCCCC)cc2)(c2ccc(CCCCCC)cc2)c2cc(-c3scc(/C=C5\C(=O)c6cc(F)c(F)cc6C5=C(C#N)C#N)c3OCC(CC)CCCC)sc2-4)cc1}
7.689590251575241,{[$]CCCCCCCCCC(CCCCCCCC)COc1c2cc(-c3ccc(-c4c(F)c(F)c(-c5ccc[$]s5)c5nn(CC(CC)CCCC)nc45)s3)sc2c(OCC(CCCCCCCC)CCCCCCCCCC)c2cc[$]sc12}.{[$]CCCCCc1ccc(C2(c3ccc(CCCCCC)cc3)c3cc4c(cc3-c3sc5cc(/C=C6\C(=O)c7ccccc7C6=C(C#N)C#N)sc5c32)C(c2ccc(CCCCCC)cc2)(c2ccc(CCCCCC)cc2)c2c-4sc3cc(/C=C4\C(=O)c5ccccc5C4=C(C#N)C#N)sc23)cc1}
7.106419739666647,{[$]CCCCCCCC(CCCCCC)Cn1nc2c(-c3ccc[$]s3)c(F)c(F)c(-c3ccc(-c4cc5c(-c6ccc(SCC(CC)CCCC)s6)c6sc[$]cc6c(-c6ccc(SCC(CC)CCCC)s6)c5s4)s3)c2n1}.{[$]CCCCCc1ccc(C2(c3ccc(CCCCCC)cc3)c3cc4c(cc3-c3sc5cc(/C=C6\C(=O)c7ccccc7C6=C(C#N)C#N)sc5c32)C(c2ccc(CCCCCC)cc2)(c2ccc(CCCCCC)cc2)c2c-4sc3cc(/C=C4\C(=O)c5ccccc5C4=C(C#N)C#N)sc23)cc1}
8.565059778672696,{[$]=CCCCCSSc1ccc(-c2c3cc(-c4ccc(-c5c(F)c(F)c(-c6ccc[$]s6)c6nn(CC(CCCCCC)CCCCCCCC)nc56)s4)sc3c(-c3ccc(SSCCCCC=C)s3)c3cc[$]sc23)s1}.{[$]CCCCCc1ccc(C2(c3ccc(CCCCCC)cc3)c3cc4c(cc3-c3sc5cc(/C=C6\C(=O)c7ccccc7C6=C(C#N)C#N)sc5c32)C(c2ccc(CCCCCC)cc2)(c2ccc(CCCCCC)cc2)c2c-4sc3cc(/C=C4\C(=O)c5ccccc5C4=C(C#N)C#N)sc23)cc1}
11.132621244991899,{[$]CCCCCCCC(CCCCCC)Cn1nc2c(-c3ccc[$]s3)c(F)c(F)c(-c3ccc(-c4cc5c(-c6ccc([Si](CCC)(CCC)CCC)s6)c6oc[$]cc6c(-c6ccc([Si](CCC)(CCC)CCC)s6)c5o4)s3)c2n1}.{[$]CCCCCc1cccc(C2(c3cccc(CCCCCC)c3)c3cc4c(cc3-c3sc5cc(/C=C6\C(=O)c7ccccc7C6=C(C#N)C#N)sc5c32)C(c2cccc(CCCCCC)c2)(c2cccc(CCCCCC)c2)c2c-4sc3cc(/C=C4\C(=O)c5ccccc5C4=C(C#N)C#N)sc23)c1}
3.626263308904059,{[$]CCCC(CC)COc1c2cc(-c3ccc[$]s3)sc2c(OCC(CC)CCCC)c2cc[$]sc12}.{[$]CCCCCc1ccc(C2(c3ccc(CCCCCC)cc3)c3cc4c(cc3-c3sc5cc(/C=C6\C(=O)c7ccccc7C6=C(C#N)C#N)sc5c32)C(c2ccc(CCCCCC)cc2)(c2ccc(CCCCCC)cc2)c2c-4sc3cc(/C=C4\C(=O)c5ccccc5C4=C(C#N)C#N)sc23)cc1}
8.83812431866097,{[$]CCCCCCCc1cc(-c2nnc(-c3cc(CCCCCCCC)c(-c4cc5c(-c6ccc(SSCC(CCCC)CCCCCC)s6)c6sc[$]cc6c(-c6ccc(SSCC(CCCC)CCCCCC)s6)c5s4)s3)s2)sc1C}.{[$]CCCCCc1ccc(C2(c3ccc(CCCCCC)cc3)c3cc4c(cc3-c3sc5cc(/C=C6\C(=O)c7ccccc7C6=C(C#N)C#N)sc5c32)C(c2ccc(CCCCCC)cc2)(c2ccc(CCCCCC)cc2)c2c-4sc3cc(/C=C4\C(=O)c5ccccc5C4=C(C#N)C#N)sc23)cc1}
8.55879034841701,{[$]CCCCCC(CCCC)CSc1c2cc(-c3ccc(-c4c(F)c(F)c(-c5ccc[$]s5)c5nn(SCC(CCCC)CCCCCC)nc45)s3)sc2c(SCC(CCCC)CCCCCC)c2cc[$]sc12}.{[$]CCCCCc1ccc(C2(c3ccc(CCCCCC)s3)c3cc4c(cc3-c3sc5cc(/C=C6\C(=O)c7ccc(OC)cc7C6=C(C#N)C#N)sc5c32)C(c2ccc(CCCCCC)s2)(c2ccc(CCCCCC)s2)c2c-4sc3cc(/C=C4\C(=O)c5ccc(OC)cc5C4=C(C#N)C#N)sc23)s1}
10.632877499346328,{[$]CCCCCCCC(CCCCCC)Cn1nc2c(-c3ccc[$]s3)c(F)c(F)c(-c3ccc(-c4cc5c(-c6ccc(CC(CC)CCCC)s6)c6sc[$]cc6c(-c6ccc(CCCCC[$]CC)s6)c5s4)s3)c2n1}.{[$]CCCCCc1ccc(C2(c3ccc(CCCCCC)cc3)c3cc4c(cc3-c3sc5cc(/C=C6\C(=O)c7ccc[$]cc7C6=C(C#N)C#N)sc5c32)C(c2ccc(CCCCCC)cc2)(c2ccc(CCCCCC)cc2)c2c-4sc3cc(/C=C4\C(=O)c5ccc[$]cc5C4=C(C#N)C#N)sc23)cc1}
8.510982466767747,{[$]CCCCCCCC(CCCCCC)Cn1nc2c(-c3ccc[$]s3)c(F)c(F)c(-c3ccc(-c4cc5c(-c6ccc([Si](CCC)(CCC)CCC)s6)c6sc[$]cc6c(-c6ccc([Si](CCC)(CCC)CCC)s6)c5s4)s3)c2n1}.{[$]CCCCCc1ccc(C2(c3ccc(CCCCCC)cc3)c3cc4c(cc3-c3sc5cc(C=C6C(=O)c7cc(F)ccc7C6=C(C#N)C#N)sc5c32)C(c2ccc(CCCCCC)cc2)(c2ccc(CCCCCC)cc2)c2c-4sc3cc(C=C4C(=O)c5cc(F)ccc5C4=C(C#N)C#N)sc23)cc1}
9.684306698370621,{[$]CCCCCCCC(CCCCCC)Cn1nc2c(-c3ccc[$]s3)c(F)c(F)c(-c3ccc(-c4cc5c(-c6ccc([Si](CCC)(CCC)CCC)s6)c6sc[$]cc6c(-c6ccc([Si](CCC)(CCC)CCC)s6)c5s4)s3)c2n1}.{[$]CCCCCc1ccc(C2(c3ccc(CCCCCC)cc3)c3cc(/C=C4\C(=O)c5c(csc5C)C4=C(C#N)C#N)sc3-c3sc4cc5c6c(sc5cc4c32)-c2sc(/C=C3\C(=O)c4c(csc4C)C3=C(C#N)C#N)cc2C6(c2ccc(CCCCCC)cc2)c2ccc(CCCCCC)cc2)cc1}
10.069760767359186,{[$]CCCCCCCC(CCCCCC)Cn1nc2c(-c3ccc[$]s3)c(F)c(F)c(-c3ccc(-c4cc5c(-c6sc(CC(CC)CCCC)c(F)c6F)c6sc[$]cc6c(-c6sc(CCCCC[$]CC)c(F)c6F)c5s4)s3)c2n1}.{[$]CCCCCc1cccc(C2(c3cccc(CCCCCC)c3)c3cc4c(cc3-c3sc5cc(/C=C6\C(=O)c7ccccc7C6=C(C#N)C#N)sc5c32)C(c2cccc(CCCCCC)c2)(c2cccc(CCCCCC)c2)c2c-4sc3cc(/C=C4\C(=O)c5ccccc5C4=C(C#N)C#N)sc23)c1}
6.245999990009985,{[$]CCCCCC(CCCC)CSc1c2cc(-c3ccc(-c4c(F)c(F)c(-c5ccc[$]s5)c5nn(SCC(CCCC)CCCCCC)nc45)s3)sc2c(SCC(CCCC)CCCCCC)c2cc[$]sc12}.{[$]CCCCCc1ccc(C2(c3ccc(CCCCCC)cc3)c3cc(/C=C4\C(=O)c5cc(F)c(F)cc5C4=C(C#N)C#N)sc3-c3c2ccc2c4c(ccc32)C(c2ccc(CCCCCC)cc2)(c2ccc(CCCCCC)cc2)c2cc(/C=C3\C(=O)c5cc(F)c(F)cc5C3=C(C#N)C#N)sc2-4)cc1}
8.779306345177648,{[$]CCCCCC(CCCC)CSc1c2cc(-c3ccc(-c4c(F)c(F)c(-c5ccc[$]s5)c5nn(SCC(CCCC)CCCCCC)nc45)s3)sc2c(SCC(CCCC)CCCCCC)c2cc[$]sc12}.{[$]CCCCCc1ccc(C2(c3ccc(CCCCCC)cc3)c3cc(/C=C4\C(=O)c5cc(F)c(F)cc5C4=C(C#N)C#N)sc3-c3sc4c(c(CCCCCC)cc5c4cc(CCCCCC)c4c6c(sc45)-c4sc(/C=C5\C(=O)c7cc(F)c(F)cc7C5=C(C#N)C#N)cc4C6(c4ccc(CCCCCC)cc4)c4ccc(CCCCCC)cc4)c32)cc1}
10.552013407989389,{[$]CCCCCCCCC(CCCCCC)n1nc2c(-c3ccc[$]s3)c(F)c(F)c(-c3ccc(-c4cc5c(-c6cc(F)c(C(CC)CCCCCC)s6)c6sc[$]cc6c(-c6cc(F)c(C(CC)CCCCCC)s6)c5s4)s3)c2n1}.{[$]CCCCCc1ccc(C2(c3ccc(CCCCCC)cc3)c3cc4c(cc3-c3sc5cc(/C=C6\C(=O)c7sccc7C6=C(C#N)C#N)sc5c32)C(c2ccc(CCCCCC)cc2)(c2ccc(CCCCCC)cc2)c2c-4sc3cc(/C=C4\C(=O)c5sccc5C4=C(C#N)C#N)sc23)cc1}
11.771132495701702,{[$]CCCCCCCCC(CCCCCC)n1nc2c(-c3ccc[$]s3)c(F)c(F)c(-c3ccc(-c4cc5c(-c6cc(F)c(C(CC)CCCCCC)s6)c6sc[$]cc6c(-c6cc(F)c(C(CC)CCCCCC)s6)c5s4)s3)c2n1}.{[$]CCCCCc1ccc(C2(c3ccc(CCCCCC)cc3)c3cc4c(cc3-c3sc5cc(/C=C6\C(=O)c7ccc[$]cc7C6=C(C#N)C#N)sc5c32)C(c2ccc(CCCCCC)cc2)(c2ccc(CCCCCC)cc2)c2c-4sc3cc(/C=C4\C(=O)c5ccc[$]cc5C4=C(C#N)C#N)sc23)cc1}
10.036321778827887,{[$]CCCC(CC)Cc1ccc(-c2c3cc(-c4ccc(-c5sc(-c6ccc[$]s6)c6c5C(=O)c5c(CC(CC)CCCC)sc(CC(CC)CCCC)c5C6=O)s4)sc3c(-c3ccc(CC(CC)CCCC)s3)c3cc[$]sc23)s1}.{[$]CCCCCc1ccc(C2(c3ccc(CCCCCC)cc3)c3cc4c(cc3-c3sc5cc(/C=C6\C(=O)c7ccccc7C6=C(C#N)C#N)sc5c32)C(c2ccc(CCCCCC)cc2)(c2ccc(CCCCCC)cc2)c2c-4sc3cc(/C=C4\C(=O)c5ccccc5C4=C(C#N)C#N)sc23)cc1}
9.607640470723412,{[$]CCCC(CC)COC(=O)c1sc2c(-c3cc4c(-c5ccc(CC(CC)CCCC)s5)c5sc[$]cc5c(-c5ccc(CC(CC)CCCC)s5)c4s3)sc[$]c2c1F}.{[$]CCCCCc1ccc(C2(c3ccc(CCCCCC)cc3)c3cc(C=C4C(=O)c5ccccc5C4=C(C#N)C#N)sc3-c3sc4c5c(sc4c32)-c2sc(C=C3C(=O)c4ccccc4C3=C(C#N)C#N)cc2C5(c2ccc(CCCCCC)cc2)c2ccc(CCCCCC)cc2)cc1}
7.698702437722776,{[$]CCCC(CC)Cc1ccc(-c2c3cc(-c4ccc(-c5sc(-c6ccc[$]s6)c6c5C(=O)c5c(CC(CC)CCCC)sc(CC(CC)CCCC)c5C6=O)s4)sc3c(-c3ccc(CC(CC)CCCC)s3)c3cc[$]sc23)s1}.{[$]CCCCCCCC1(CCCCCCCC)c2cc(-c3ccc(/C=C4\C(=O)c5ccccc5C4=C(C#N)C#N)s3)ccc2-c2ccc(-c3ccc(/C=C4\C(=O)c5ccccc5C4=C(C#N)C#N)s3)cc21}
8.850234198341774,{[$]CCCC(CC)Cc1ccc(-c2c3cc(-c4ccc(-c5sc(-c6ccc[$]s6)c6c5C(=O)c5c(CC(CC)CCCC)sc(CC(CC)CCCC)c5C6=O)s4)sc3c(-c3ccc(CC(CC)CCCC)s3)c3cc[$]sc23)s1}.{[$]CCCCCOc1cc(-c2cc3c(s2)-c2cc4c(cc2C3(c2ccc(CCCCCC)cc2)c2ccc(CCCCCC)cc2)-c2sc(-c3cc(OCCCCCC)c(C=C5C(=O)c6ccccc6C5=C(C#N)C#N)cc3OCCCCCC)cc2C4(c2ccc(CCCCCC)cc2)c2ccc(CCCCCC)cc2)c(OCCCCCC)cc1C=C1C(=O)c2ccccc2C1=C(C#N)C#N}
8.883484957847696,{[$]CCCC(CC)Cc1ccc(-c2c3cc(-c4ccc(-c5sc(-c6ccc[$]s6)c6c5C(=O)c5c(CC(CC)CCCC)sc(CC(CC)CCCC)c5C6=O)s4)sc3c(-c3ccc(CC(CC)CCCC)s3)c3cc[$]sc23)s1}.{[$]CCCCCCCc1c2sc3c(c2c(CCCCCCCC)c2sc4c(c12)C(c1ccc(CCCCCC)cc1)(c1ccc(CCCCCC)cc1)c1cc(C=C2C(=O)c5cc(F)ccc5C2=C(C#N)C#N)sc1-4)C(c1ccc(CCCCCC)cc1)(c1ccc(CCCCCC)cc1)c1cc(C=C2C(=O)c4cc(F)ccc4C2=C(C#N)C#N)sc1-3}
5.191735680643432,{[$]CCCCCc1cc(-c2sc(-c3sc(-c4sc[$]cc4CCCCCC)cc3CCCCCC)cc2CCCCCC)sc1C}.{[$]CCCC(CC)CC1(CC(CC)CCCC)c2cc3c(cc2-c2sc(-c4ccc(/C=C5\SC(=S)N(CC)C5=O)c5nsnc45)cc21)C(CC(CC)CCCC)(CC(CC)CCCC)c1cc(-c2ccc(/C=C4\SC(=S)N(CC)C4=O)c4nsnc24)sc1-3}
8.074531506637245,{[$]CCCCCCCN1C(=O)c2c(c(-c3ccc(-c4cc5c(-c6ccc(CC(CC)CCCC)s6)c6sc[$]cc6c(-c6ccc(CC(CC)CCCC)s6)c5s4)s3)c3nn(CCCCCCCC)nc3c2-c2ccc[$]s2)C1=O}.{[$]CCCCCc1ccc(C2(c3ccc(CCCCCC)cc3)c3cc4c(cc3-c3sc5cc(/C=C6\C(=O)c7ccccc7C6=C(C#N)C#N)sc5c32)C(c2ccc(CCCCCC)cc2)(c2ccc(CCCCCC)cc2)c2c-4sc3cc(/C=C4\C(=O)c5ccccc5C4=C(C#N)C#N)sc23)cc1}
9.654182851007024,{[$]CCCCCC(CCCC)CSc1c2cc(-c3ccc(-c4c(F)c(F)c(-c5ccc[$]s5)c5nn(SCC(CCCC)CCCCCC)nc45)s3)sc2c(SCC(CCCC)CCCCCC)c2cc[$]sc12}.{[$]CCCCCc1ccc(C2(c3ccc(CCCCCC)cc3)c3cc4c(cc3-c3sc5c(sc6cc(/C=C7\C(=O)c8c(F)cccc8C7=C(C#N)C#N)sc65)c32)C(c2ccc(CCCCCC)cc2)(c2ccc(CCCCCC)cc2)c2c-4sc3c2sc2cc(/C=C4\C(=O)c5c(F)cccc5C4=C(C#N)C#N)sc23)cc1}
8.967380918081924,{[$]CCCC(CC)COC(=O)c1sc2c(-c3cc4c(-c5ccc(CC(CC)CCCC)s5)c5sc[$]cc5c(-c5ccc(CC(CC)CCCC)s5)c4s3)sc[$]c2c1F}.{[$]CCCCCc1ccc(C2(c3ccc(CCCCCC)cc3)c3cc(/C=C4\C(=O)c5cc(F)c(F)cc5C4=C(C#N)C#N)sc3-c3sc4c5c(sc4c32)-c2sc(/C=C3\C(=O)c4cc(F)c(F)cc4C3=C(C#N)C#N)cc2C5(c2ccc(CCCCCC)cc2)c2ccc(CCCCCC)cc2)cc1}
9.515561170382096,{[$]CCCC(CC)COC(=O)c1sc2c(-c3cc4c(-c5ccc(CC(CC)CCCC)s5)c5sc[$]cc5c(-c5ccc(CC(CC)CCCC)s5)c4s3)sc[$]c2c1F}.{[$]CCCCCc1ccc(C2(c3ccc(CCCCCC)cc3)c3c(sc4c5c(sc34)-c3sc4c(sc6cc(/C=C7\C(=O)c8cc(F)c(F)cc8C7=C(C#N)C#N)sc64)c3C5(c3ccc(CCCCCC)cc3)c3ccc(CCCCCC)cc3)-c3sc4c(sc5cc(/C=C6\C(=O)c7cc(F)c(F)cc7C6=C(C#N)C#N)sc54)c32)cc1}
5.185067524506359,{[$]CCCC(CC)CC(=O)c1cc2c[$]sc(-c3cc4c(-c5ccc(CC(CC)CCCC)s5)c5sc[$]cc5c(-c5ccc(CC(CC)CCCC)s5)c4s3)c2s1}.{[$]CCCCCc1ccc(C2(c3ccc(CCCCCC)cc3)c3cc4c(cc3-c3sc(-c5ccc(/C=C6\C(=O)c7ccccc7C6=C(C#N)C#N)s5)cc32)C(c2ccc(CCCCCC)cc2)(c2ccc(CCCCCC)cc2)c2cc(-c3ccc(/C=C5\C(=O)c6ccccc6C5=C(C#N)C#N)s3)sc2-4)cc1}
8.678163040429967,{[$]CCCCCCCCCCCC[$]CCCCCCCCCCc1cc(-c2c(F)c(F)c(-c3cc(CC(CCCCCCCCCC)CCCCCCCCCCCC)c[$]s3)c3nsnc23)sc1-c1ccc(-c2ccc[$]s2)s1}.{[$]CCCCCCCC1(CCCCCCCC)c2cc3c(cc2-c2sc(-c4ccc(/C=C5\SC(=S)N(CC)C5=O)c5nsnc45)cc21)C(CCCCCCCC)(CCCCCCCC)c1cc(-c2ccc(/C=C4\SC(=S)N(CC)C4=O)c4nsnc24)sc1-3}
8.942433521219508,{[$]CCCC(CC)Cc1ccc(-c2c3cc(-c4ccc(-c5sc(-c6ccc[$]s6)c6c5C(=O)c5c(CC(CC)CCCC)sc(CC(CC)CCCC)c5C6=O)s4)sc3c(-c3ccc(CC(CC)CCCC)s3)c3cc[$]sc23)s1}.{[$]CCCCCC1(CCCCCC)c2cc3c(cc2-c2cc4c(cc21)-c1sc(/C=C2\C(=O)c5ccccc5C2=C(C#N)C#N)cc1C4(CCCCCC)CCCCCC)C(CCCCCC)(CCCCCC)c1cc(/C=C2\C(=O)c4ccccc4C2=C(C#N)C#N)sc1-3}
7.683204927162343,{[$]CCCC(CC)Cc1ccc(-c2c3cc(-c4ccc(-c5sc(-c6ccc[$]s6)c6c5C(=O)c5c(CC(CC)CCCC)sc(CC(CC)CCCC)c5C6=O)s4)sc3c(-c3ccc(CC(CC)CCCC)s3)c3cc[$]sc23)s1}.{[$]CCCCCCCC1(CCCCCCCC)c2cc3c(cc2-c2sc(/C=C4\C(=O)c5ccccc5C4=C(C#N)C#N)cc21)C(CCCCCC)(CCCCCC)c1cc2c(cc1-3)C(CCCCCCCC)(CCCCCCCC)c1cc(/C=C3\C(=O)c4ccccc4C3=C(C#N)C#N)sc1-2}
9.911795123475194,{[$]CCCC(CC)Cc1ccc(-c2c3cc(-c4ccc(-c5sc(-c6ccc[$]s6)c6c5C(=O)c5c(CC(CC)CCCC)sc(CC(CC)CCCC)c5C6=O)s4)sc3c(-c3ccc(CC(CC)CCCC)s3)c3cc[$]sc23)s1}.{[$]CCCCCc1ccc(C2(c3ccc(CCCCCC)cc3)c3c(sc4cc(/C=C5\C(=O)c6ccccc6C5=C(C#N)C#N)sc34)-c3sc4c5c(sc4c32)-c2sc3cc(/C=C4\C(=O)c6ccccc6C4=C(C#N)C#N)sc3c2C5(c2ccc(CCCCCC)cc2)c2ccc(CCCCCC)cc2)cc1}
10.036321778827887,{[$]CCCC(CC)Cc1ccc(-c2c3cc(-c4ccc(-c5sc(-c6ccc[$]s6)c6c5C(=O)c5c(CC(CC)CCCC)sc(CC(CC)CCCC)c5C6=O)s4)sc3c(-c3ccc(CC(CC)CCCC)s3)c3cc[$]sc23)s1}.{[$]CCCCCc1ccc(C2(c3ccc(CCCCCC)cc3)c3cc4c(cc3-c3sc5cc(/C=C6\C(=O)c7ccccc7C6=C(C#N)C#N)sc5c32)C(c2ccc(CCCCCC)cc2)(c2ccc(CCCCCC)cc2)c2c-4sc3cc(/C=C4\C(=O)c5ccccc5C4=C(C#N)C#N)sc23)cc1}
10.607594428815007,{[$]CCCC(CC)Cc1ccc(-c2c3cc(-c4ccc(-c5sc(-c6ccc[$]s6)c6c5C(=O)c5c(CC(CC)CCCC)sc(CC(CC)CCCC)c5C6=O)s4)sc3c(-c3ccc(CC(CC)CCCC)s3)c3cc[$]sc23)s1}.{[$]CCCCCc1ccc(C2(c3ccc(CCCCCC)cc3)c3cc4c(cc3-c3sc5cc(C=C6C(=O)c7cccc(OC)c7C6=C(C#N)C#N)sc5c32)C(c2ccc(CCCCCC)cc2)(c2ccc(CCCCCC)cc2)c2c-4sc3cc(C=C4C(=O)c5cccc(OC)c5C4=C(C#N)C#N)sc23)cc1}
5.9994288773001685,{[$]CCCC(CC)COC(=O)c1sc2c(-c3cc4c(-c5ccc(CC(CC)CCCC)s5)c5sc[$]cc5c(-c5ccc(CC(CC)CCCC)s5)c4s3)sc[$]c2c1F}.{[$]CCCCCCCC1(CCCCCCCC)c2cc(-c3ccc(/C=C4\C(=O)c5ccccc5C4=C(C#N)C#N)s3)ccc2-c2cc3c(cc21)-c1ccc(-c2ccc(/C=C4\C(=O)c5ccccc5C4=C(C#N)C#N)s2)cc1C3(CCCCCCCC)CCCCCCCC}
8.900131247563081,{[$]CCCC(CC)Cc1ccc(-c2c3cc(-c4ccc(-c5sc(-c6ccc[$]s6)c6c5C(=O)c5c(CC(CC)CCCC)sc(CC(CC)CCCC)c5C6=O)s4)sc3c(-c3ccc(CC(CC)CCCC)s3)c3cc[$]sc23)s1}.{[$]CCCCCc1ccc(C2(c3ccc(CCCCCC)cc3)c3cc(-c4ncc(/C=C5\C(=O)c6ccccc6C5=C(C#N)C#N)s4)ccc3-c3cc4c(cc32)-c2ccc(-c3ncc(/C=C5\C(=O)c6ccccc6C5=C(C#N)C#N)s3)cc2C4(c2ccc(CCCCCC)cc2)c2ccc(CCCCCC)cc2)cc1}
7.24261548321431,{[$]CCCC(CC)COC(=O)c1sc2c(-c3cc4c(-c5ccc(CC(CC)CCCC)s5)c5sc[$]cc5c(-c5ccc(CC(CC)CCCC)s5)c4s3)sc[$]c2c1F}.{[$]CCCCCc1ccc(C2(c3ccc(CCCCCC)cc3)c3cc4c(cc3-c3sc(/C=C5\C(=O)c6cc7ccccc7cc6C5=C(C#N)C#N)cc32)C(c2ccc(CCCCCC)cc2)(c2ccc(CCCCCC)cc2)c2cc(/C=C3\C(=O)c5cc6ccccc6cc5C3=C(C#N)C#N)sc2-4)cc1}
7.772601489405659,{[$]CCCC(CC)Cc1ccc(-c2c3cc(-c4ccc(-c5sc(-c6ccc[$]s6)c6c5C(=O)c5c(CC(CC)CCCC)sc(CC(CC)CCCC)c5C6=O)s4)sc3c(-c3ccc(CC(CC)CCCC)s3)c3cc[$]sc23)s1}.{[$]CCCCCc1ccc(C2(c3ccc(CCCCCC)cc3)c3cc4c(cc3-c3sc(-c5sc(/C=C6\C(=O)c7cc8ccccc8cc7C6=C(C#N)C#N)cc5CC(CC)CCCC)cc32)C(c2ccc(CCCCCC)cc2)(c2ccc(CCCCCC)cc2)c2cc(-c3sc(/C=C5\C(=O)c6cc7ccccc7cc6C5=C(C#N)C#N)cc3CC(CC)CCCC)sc2-4)cc1}
7.3072773997699825,{[$]CCCC(CC)COC(=O)c1sc2c(-c3cc4c(-c5ccc(CC(CC)CCCC)s5)c5sc[$]cc5c(-c5ccc(CC(CC)CCCC)s5)c4s3)sc[$]c2c1F}.{[$]CCCC(CC)COc1cc(/C=C2\C(=O)c3cc(F)c(F)cc3C2=C(C#N)C#N)sc1-c1cc2c(s1)-c1sc(-c3sc(/C=C4\C(=O)c5cc(F)c(F)cc5C4=C(C#N)C#N)cc3OCC(CC)CCCC)cc1[Si]2(CC(CC)CCCC)CC(CC)CCCC}
5.078046993716155,{[$]CCCCCc1cc(-c2sc(-c3sc(-c4sc[$]cc4CCCCCC)cc3CCCCCC)cc2CCCCCC)sc1C}.{[$]CCCCCCCn1nc2c(/C=c3/sc(=C(C#N)C#N)n(CC)c3=O)c(OC)c(OC)c(-c3cc4c(s3)-c3cc5c(cc3C4(c3ccc(CCCCCC)cc3)c3ccc(CCCCCC)cc3)-c3sc(-c4c(OC)c(OC)c(/C=c6/sc(=C(C#N)C#N)n(CC)c6=O)c6nn(CCCCCCCC)nc46)cc3C5(c3ccc(CCCCCC)cc3)c3ccc(CCCCCC)cc3)c2n1}
7.347945092608002,{[$]CCCC(CC)COC(=O)c1sc2c(-c3cc4c(-c5ccc(CC(CC)CCCC)s5)c5sc[$]cc5c(-c5ccc(CC(CC)CCCC)s5)c4s3)sc[$]c2c1F}.{[$]CCCCCc1ccc(C2(c3ccc(CCCCCC)cc3)c3cc4c(cc3-c3sc(-c5ccc(/C=C6\SC(=S)N(CC)C6=O)c6nsnc56)cc32)C(c2ccc(CCCCCC)cc2)(c2ccc(CCCCCC)cc2)c2cc(-c3ccc(/C=C5\SC(=S)N(CC)C5=O)c5nsnc35)sc2-4)cc1}
8.044453757500982,{[$]CCCC(CC)COC(=O)c1sc2c(-c3cc4c(-c5ccc(CC(CC)CCCC)s5)c5sc[$]cc5c(-c5ccc(CC(CC)CCCC)s5)c4s3)sc[$]c2c1F}.{[$]CCCCCCCOC(=O)c1cc2c(/C=c3/sc(=C(C#N)C#N)n(CC)c3=O)sc(-c3cc4c(s3)-c3cc5c(cc3C4(c3ccc(CCCCCC)cc3)c3ccc(CCCCCC)cc3)-c3sc(-c4sc(/C=c6/sc(=C(C#N)C#N)n(CC)c6=O)c6cc(C(=O)OCCCCCCCC)sc46)cc3C5(c3ccc(CCCCCC)cc3)c3ccc(CCCCCC)cc3)c2s1}
4.663193480565735,{[$]CCCCCc1cc(-c2sc(-c3sc(-c4sc[$]cc4CCCCCC)cc3CCCCCC)cc2CCCCCC)sc1C}.{[$]CCCCCCCn1nc2c(/C=C3\SC(=S)N(CC)C3=O)ccc(-c3cc4c(s3)-c3cc5c(cc3C4(c3ccc(CCCCCC)cc3)c3ccc(CCCCCC)cc3)-c3sc(-c4ccc(/C=C6\SC(=S)N(CC)C6=O)c6nn(CCCCCCCC)nc46)cc3C5(c3ccc(CCCCCC)cc3)c3ccc(CCCCCC)cc3)c2n1}
9.218550330216072,{[$]CCCCCCCC(CCCCCC)Cn1nc2c(-c3ccc[$]s3)c(F)c(F)c(-c3ccc(-c4cc5c(-c6ccc(CC(CC)CCCC)s6)c6sc[$]cc6c(-c6ccc(CCCCC[$]CC)s6)c5s4)s3)c2n1}.{[$]CCCCCc1ccc(C2(c3ccc(CCCCCC)cc3)c3cc4c(cc3-c3sc(-c5sc(/C=C6\C(=O)c7cc(F)c(F)cc7C6=C(C#N)C#N)cc5OCC(CC)CCCC)cc32)C(c2ccc(CCCCCC)cc2)(c2ccc(CCCCCC)cc2)c2cc(-c3sc(/C=C5\C(=O)c6cc(F)c(F)cc6C5=C(C#N)C#N)cc3OCC(CC)CCCC)sc2-4)cc1}
9.882265145604416,{[$]CCCC(CC)CSc1ccc(-c2c3cc(-c4ccc(-c5sc(-c6ccc[$]s6)c6c5C(=O)c5c(CC(CC)CCCC)sc(CC(CC)CCCC)c5C6=O)s4)sc3c(-c3ccc(SCC(CC)CCCC)s3)c3cc[$]sc23)s1}.{[$]CCCCCSc1ccc(C2(c3ccc(SCCCCCC)cc3)c3cc4c(cc3-c3sc5cc(/C=C6\C(=O)c7ccccc7C6=C(C#N)C#N)sc5c32)C(c2ccc(SCCCCCC)cc2)(c2ccc(SCCCCCC)cc2)c2c-4sc3cc(/C=C4\C(=O)c5ccccc5C4=C(C#N)C#N)sc23)cc1}
9.325390616676534,{[$]CCCC(CC)CSc1ccc(-c2c3cc(-c4ccc(-c5sc(-c6ccc[$]s6)c6c5C(=O)c5c(CC(CC)CCCC)sc(CC(CC)CCCC)c5C6=O)s4)sc3c(-c3ccc(SCC(CC)CCCC)s3)c3cc[$]sc23)s1}.{[$]CCCCCCCSc1ccc(C2(c3ccc(SCCCCCCCC)cc3)c3cc4c(cc3-c3sc5cc(/C=C6\C(=O)c7ccccc7C6=C(C#N)C#N)sc5c32)C(c2ccc(SCCCCCCCC)cc2)(c2ccc(SCCCCCCCC)cc2)c2c-4sc3cc(/C=C4\C(=O)c5ccccc5C4=C(C#N)C#N)sc23)cc1}
8.804165765017018,{[$]CCCCCCCN1C(=O)c2c(c(-c3ccc(-c4cc5c(-c6cc(F)c(CC(CC)CCCC)c(F)c6)c6sc[$]cc6c(-c6cc(F)c(CC(CC)CCCC)c(F)c6)c5s4)s3)c3nn(CCC(CC)CCCC)nc3c2-c2ccc[$]s2)C1=O}.{[$]CCCCCc1ccc(C2(c3ccc(CCCCCC)cc3)c3cc4c(cc3-c3sc5cc(C=C6C(=O)c7cc(F)ccc7C6=C(C#N)C#N)sc5c32)C(c2ccc(CCCCCC)cc2)(c2ccc(CCCCCC)cc2)c2c-4sc3cc(C=C4C(=O)c5cc(F)ccc5C4=C(C#N)C#N)sc23)cc1}
11.216788650299906,{[$]CCCC(CC)Cc1ccc(-c2c3cc(-c4ccc(-c5sc(-c6ccc[$]s6)c6c5C(=O)c5c(CC(CC)CCCC)sc(CC(CC)CCCC)c5C6=O)s4)sc3c(-c3ccc(CC(CC)CCCC)s3)c3cc[$]sc23)s1}.{[$]CCCCCc1ccc(C2(c3ccc(CCCCCC)cc3)c3cc4c(cc3-c3sc5cc(/C=C6\C(=O)c7ccc[$]cc7C6=C(C#N)C#N)sc5c32)C(c2ccc(CCCCCC)cc2)(c2ccc(CCCCCC)cc2)c2c-4sc3cc(/C=C4\C(=O)c5ccc[$]cc5C4=C(C#N)C#N)sc23)cc1}
11.216788650299906,{[$]CCCC(CC)Cc1ccc(-c2c3cc(-c4ccc(-c5sc(-c6ccc[$]s6)c6c5C(=O)c5c(CC(CC)CCCC)sc(CC(CC)CCCC)c5C6=O)s4)sc3c(-c3ccc(CC(CC)CCCC)s3)c3cc[$]sc23)s1}.{[$]CCCCCc1ccc(C2(c3ccc(CCCCCC)cc3)c3cc4c(cc3-c3sc5cc(/C=C6\C(=O)c7ccc[$]cc7C6=C(C#N)C#N)sc5c32)C(c2ccc(CCCCCC)cc2)(c2ccc(CCCCCC)cc2)c2c-4sc3cc(/C=C4\C(=O)c5ccc[$]cc5C4=C(C#N)C#N)sc23)cc1}
8.495416991517736,{[$]CCCC(CC)COC(=O)c1sc2c(-c3cc4c(-c5ccc(CC(CC)CCCC)s5)c5sc[$]cc5c(-c5ccc(CC(CC)CCCC)s5)c4s3)sc[$]c2c1F}.{[$]CCCCCc1ccc(C2(c3ccc(CCCCCC)cc3)c3cc(/C=C4\C(=O)c5ccccc5C4=C(C#N)C#N)sc3-c3sc4c(OCC(CC)CCCC)c5c6c(sc5c(OCC(CC)CCCC)c4c32)-c2sc(/C=C3\C(=O)c4ccccc4C3=C(C#N)C#N)cc2C6(c2ccc(CCCCCC)cc2)c2ccc(CCCCCC)cc2)cc1}
5.070515603872981,{[$]CCCCCCCCCC(CCCCCCCC)Cc1cc(-c2c(F)c(F)c(-c3cc(CCCCCCCCCCC[$]CCCCCCCC)c(-c4ccc(-c5ccc[$]s5)s4)s3)c3nsnc23)sc1C}.{[$]CCCCCCCC1(CCCCCCCC)c2cc(-c3ccc(/C=C4\SC(=S)N(CC)C4=O)c4nsnc34)ccc2-c2ccc(-c3ccc(/C=C4\SC(=S)N(CC)C4=O)c4nsnc34)cc21}
10.654128307231876,{[$]CCCCCCCC(CCCCCC)Cn1nc2c(-c3ccc[$]s3)c(F)c(F)c(-c3ccc(-c4cc5c(-c6ccc([Si](CCC)(CCC)CCC)s6)c6sc[$]cc6c(-c6ccc([Si](CCC)(CCC)CCC)s6)c5s4)s3)c2n1}.{[$]CCCCCc1ccc(C2(c3ccc(CCCCCC)cc3)c3cc4c(cc3-c3sc5cc(C=C6C(=O)c7ccccc7C6=C(C#N)C#N)sc5c32)C(c2ccc(CCCCCC)cc2)(c2ccc(CCCCCC)cc2)c2c-4sc3cc(C=C4C(=O)c5ccccc5C4=C(C#N)C#N)sc23)cc1}
5.040704402396989,{[$]CCCCCCCC(CCCCCC)COc1cnc2c[$]c(F)c(F)c(-c3ccc[$]s3)c2n1}.{[$]CCCCCC1(CCCCCC)c2cc3c(cc2-c2sc(/C=C4\C(=O)c5ccccc5C4=C(C#N)C#N)cc21)C(CCCCCC)(CCCCCC)c1cc(/C=C2\C(=O)c4ccccc4C2=C(C#N)C#N)sc1-3}
10.616177482224568,{[$]CCCCCCCC(CCCCCC)Cn1nc2c(-c3ccc[$]s3)c(F)c(F)c(-c3ccc(-c4cc5c(-c6ccc([Si](CCC)(CCC)CCC)s6)c6sc[$]cc6c(-c6ccc([Si](CCC)(CCC)CCC)s6)c5s4)s3)c2n1}.{[$]CCCCCc1ccc(C2(c3ccc(CCCCCC)cc3)c3cc4c(cc3-c3sc5cc(/C=C6\C(=O)c7cscc7C6=C(C#N)C#N)sc5c32)C(c2ccc(CCCCCC)cc2)(c2ccc(CCCCCC)cc2)c2c-4sc3cc(/C=C4\C(=O)c5cscc5C4=C(C#N)C#N)sc23)cc1}
10.243435183406003,{[$]CCCC(CC)CSc1cccc(-c2c3cc(-c4ccc(-c5sc(-c6ccc[$]s6)c6c5C(=O)c5c(CC(CC)CCCC)sc(CC(CC)CCCC)c5C6=O)s4)sc3c(-c3cccc(SCC(CC)CCCC)c3)c3cc[$]sc23)c1}.{[$]CCCCCc1ccc(C2(c3ccc(CCCCCC)cc3)c3cc4c(cc3-c3sc5cc(/C=C6\C(=O)c7cscc7C6=C(C#N)C#N)sc5c32)C(c2ccc(CCCCCC)cc2)(c2ccc(CCCCCC)cc2)c2c-4sc3cc(/C=C4\C(=O)c5cscc5C4=C(C#N)C#N)sc23)cc1}
8.081502324587444,{[$]CCCC(CC)COC(=O)c1sc2c(-c3cc4c(-c5ccc(CC(CC)CCCC)s5)c5sc[$]cc5c(-c5ccc(CC(CC)CCCC)s5)c4s3)sc[$]c2c1F}.{[$]CCCCCc1ccc(C2(c3ccc(CCCCCC)cc3)c3cc(/C=C4\C(=O)c5cc(F)c(F)cc5C4=C(C#N)C#N)sc3-c3cc4ccc5c6c(cc7ccc(c32)c4c75)-c2sc(/C=C3\C(=O)c4cc(F)c(F)cc4C3=C(C#N)C#N)cc2C6(c2ccc(CCCCCC)cc2)c2ccc(CCCCCC)cc2)cc1}
12.03197379838808,{[$]CCCCCCCC(CCCCCC)Cn1nc2c(-c3ccc[$]s3)c(F)c(F)c(-c3ccc(-c4cc5c(-c6cc(Cl)c([Si](CCC)(CCC)CCC)s6)c6sc[$]cc6c(-c6cc(Cl)c([Si](CCC)(CCC)CCC)s6)c5s4)s3)c2n1}.{[$]CCCCCc1ccc(C2(c3ccc(CCCCCC)cc3)c3cc4c(cc3-c3sc5cc(/C=C6\C(=O)c7cc(F)c(F)cc7C6=C(C#N)C#N)sc5c32)C(c2ccc(CCCCCC)cc2)(c2ccc(CCCCCC)cc2)c2c-4sc3cc(/C=C4\C(=O)c5cc(F)c(F)cc5C4=C(C#N)C#N)sc23)cc1}
8.496658906286187,{[$]CCCCCCCc1sc(CCCCCCCC)c2c1C(=O)c1c(-c3ccc[$]s3)sc(-c3ccc(-c4cc5c(-c6ccc(CC(CC)CCCC)s6)c6sc[$]cc6c(-c6ccc(CC(CC)CCCC)s6)c5s4)s3)c1C2=O}.{[$]CCCCCc1ccc(C2(c3ccc(CCCCCC)cc3)c3cc4c(cc3-c3sc5cc(/C=C6\C(=O)c7ccccc7C6=C(C#N)C#N)sc5c32)C(c2ccc(CCCCCC)cc2)(c2ccc(CCCCCC)cc2)c2c-4sc3cc(/C=C4\C(=O)c5ccccc5C4=C(C#N)C#N)sc23)cc1}
9.243539677691656,{[$]CCCCCCCc1sc(CCCCCCCC)c2c1C(=O)c1c(-c3cc4sc[$]c(CCCCCC)c4s3)sc(-c3cc4sc(-c5cc6c(-c7ccc(CC(CC)CCCC)s7)c7sc[$]cc7c(-c7ccc(CC(CC)CCCC)s7)c6s5)c(CCCCCC)c4s3)c1C2=O}.{[$]CCCCCc1ccc(C2(c3ccc(CCCCCC)cc3)c3cc4c(cc3-c3sc5cc(/C=C6\C(=O)c7ccccc7C6=C(C#N)C#N)sc5c32)C(c2ccc(CCCCCC)cc2)(c2ccc(CCCCCC)cc2)c2c-4sc3cc(/C=C4\C(=O)c5ccccc5C4=C(C#N)C#N)sc23)cc1}
8.467879717123468,{[$]CCCC(CC)COC(=O)c1sc2c(-c3cc4c(-c5sc(SCC(CC)CCCC)c6c5OCCO6)c5sc[$]cc5c(-c5sc(SCC(CC)CCCC)c6c5OCCO6)c4s3)sc[$]c2c1F}.{[$]CCCCCc1ccc(C2(c3ccc(CCCCCC)s3)c3cc4c(cc3-c3sc5cc(/C=C6\C(=O)c7ccccc7C6=C(C#N)C#N)sc5c32)C(c2ccc(CCCCCC)s2)(c2ccc(CCCCCC)s2)c2c-4sc3cc(/C=C4\C(=O)c5ccccc5C4=C(C#N)C#N)sc23)s1}
11.504357909655079,{[$]CCCCCCCC(CCCCCC)COc1ccc(-c2c3cc(-c4ccc(-c5sc(-c6ccc[$]s6)c6c5C(=O)c5c(CC(CC)CCCC)sc(CC(CC)CCCC)c5C6=O)s4)sc3c(-c3ccc(OCC(CCCCCC)CCCCCCCC)cc3)c3cc[$]sc23)cc1}.{[$]CCCCCc1ccc(C2(c3ccc(CCCCCC)cc3)c3cc4c(cc3-c3sc5cc(/C=C6\C(=O)c7cc(F)c(F)cc7C6=C(C#N)C#N)sc5c32)C(c2ccc(CCCCCC)cc2)(c2ccc(CCCCCC)cc2)c2c-4sc3cc(/C=C4\C(=O)c5cc(F)c(F)cc5C4=C(C#N)C#N)sc23)cc1}
11.416332100388907,{[$]CCCCCCCC(CCCCCC)COc1c(F)cc(-c2c3cc(-c4ccc(-c5sc(-c6ccc[$]s6)c6c5C(=O)c5c(CC(CC)CCCC)sc(CC(CC)CCCC)c5C6=O)s4)sc3c(-c3cc(F)c(OCC(CCCCCC)CCCCCCCC)c(F)c3)c3cc[$]sc23)cc1F}.{[$]CCCCCc1ccc(C2(c3ccc(CCCCCC)cc3)c3cc4c(cc3-c3sc5cc(/C=C6\C(=O)c7cc(F)c(F)cc7C6=C(C#N)C#N)sc5c32)C(c2ccc(CCCCCC)cc2)(c2ccc(CCCCCC)cc2)c2c-4sc3cc(/C=C4\C(=O)c5cc(F)c(F)cc5C4=C(C#N)C#N)sc23)cc1}
9.634771389450037,{[$]CCCC(CC)CC1SC(CC(CC)CCCC)C2C(=O)c3c(C4CCC(c5cc6c(-c7ccc([Si](CCC)(CCC)CCC)s7)c7sc[$]cc7c(-c7ccc([Si](CCC)(CCC)CCC)s7)c6s5)S4)sc(-c4ccc[$]s4)c3C(=O)C12}.{[$]CCCCCc1ccc(C2(c3ccc(CCCCCC)s3)c3cc4c(cc3-c3sc5cc(C=C6C(=O)c7cc(F)ccc7C6=C(C#N)C#N)sc5c32)C(c2ccc(CCCCCC)s2)(c2ccc(CCCCCC)s2)c2c-4sc3cc(C=C4C(=O)c5cc(F)ccc5C4=C(C#N)C#N)sc23)s1}
9.919324721399871,{[$]CCCCCCCC(CCCCCC)Cn1nc2c(-c3ccc[$]s3)c(F)c(F)c(-c3ccc(-c4cc5c(-c6ccc([Si](CCC)(CCC)CCC)s6)c6sc[$]cc6c(-c6ccc([Si](CCC)(CCC)CCC)s6)c5s4)s3)c2n1}.{[$]CCCCCc1ccc(C2(c3ccc(CCCCCC)cc3)C3=C(SC4C=C(C=C5C(=O)c6cc[$]c[$]cc6C5=C(C#N)C#N)SC34)c3cc4c(cc32)-c2sc3cc(C=C5C(=O)c6cc[$]c[$]cc6C5=C(C#N)C#N)sc3c2C4(c2ccc(CCCCCC)cc2)c2ccc(CCCCCC)cc2)cc1}
10.062155027133352,{[$]CCCCCC(CCCC)COC(=O)c1cc[$]sc1-c1cc2sc(-c3sc(-c4cc5c(-c6cc(F)c(CC(CC)CCCC)s6)c6sc[$]cc6c(-c6cc(F)c(CC(CC)CCCC)s6)c5s4)cc3C(=O)OCC(CCCC)CCCCCC)cc2s1}.{[$]CCCCCc1cccc(C2(c3cccc(CCCCCC)c3)c3cc4c(cc3-c3sc5cc(/C=C6\C(=O)c7ccccc7C6=C(C#N)C#N)sc5c32)C(c2cccc(CCCCCC)c2)(c2cccc(CCCCCC)c2)c2c-4sc3cc(/C=C4\C(=O)c5ccccc5C4=C(C#N)C#N)sc23)c1}
10.932488435099533,{[$]CCCC(CC)COC(=O)c1sc2c(-c3cc4c(-c5ccc(CC(CC)CCCC)s5)c5sc[$]cc5c(-c5ccc(CC(CC)CCCC)s5)c4s3)sc[$]c2c1F}.{[$]CCCCCc1ccc(C2(c3ccc(CCCCCC)cc3)c3cc4c(cc3-c3sc(-c5sc(/C=C6\C(=O)c7cc(F)c(F)cc7C6=C(C#N)C#N)cc5SCC(CC)CCCC)cc32)C(c2ccc(CCCCCC)cc2)(c2ccc(CCCCCC)cc2)c2cc(-c3sc(/C=C5\C(=O)c6cc(F)c(F)cc6C5=C(C#N)C#N)cc3SCC(CC)CCCC)sc2-4)cc1}
8.861515921554687,{[$]CCCCCCCC(CCCCCC)COC(=O)c1cc[$]sc1-c1ccc(-c2sc(-c3ccc(-c4c(F)c(F)c(-c5ccc[$]s5)c5nn(CCCCC[$]CC)nc45)s3)cc2C(=O)OCC(CCCCCC)CCCCCCCC)s1}.{[$]CCCCCc1ccc(C2(c3ccc(CCCCCC)s3)c3cc4c(cc3-c3sc5cc(/C=C6\C(=O)c7ccccc7C6=C(C#N)C#N)sc5c32)C(c2ccc(CCCCCC)s2)(c2ccc(CCCCCC)s2)c2c-4sc3cc(/C=C4\C(=O)c5ccccc5C4=C(C#N)C#N)sc23)s1}
6.174442975115155,{[$]CCCC(CC)COC(=O)c1sc2c(-c3cc4c(-c5ccc(CC(CC)CCCC)s5)c5sc[$]cc5c(-c5ccc(CC(CC)CCCC)s5)c4s3)sc[$]c2c1F}.{[$]CCCCCCC[Si]1(CCCCCCCC)c2cc(/C=C3\C(=O)c4cc(F)c(F)cc4C3=C(C#N)C#N)sc2-c2sc3c4c(sc3c21)-c1sc(/C=C2\C(=O)c3cc(F)c(F)cc3C2=C(C#N)C#N)cc1[Si]4(CCCCCCCC)CCCCCCCC}
10.233795381166583,{[$]CCCCCC(CCCC)Cc1ccc(Cc2c3cc(-c4ccc(-c5sc(-c6ccc[$]s6)c6c5C(=O)c5c(CC(CC)CCCC)sc(CC(CC)CCCC)c5C6=O)s4)sc3c(Cc3ccc(CC(CCCC)CCCCCC)cc3)c3cc[$]sc23)cc1}.{[$]CCCCCc1ccc(C2(c3ccc(CCCCCC)cc3)c3cc4c(cc3-c3sc5cc(/C=C6\C(=O)c7cscc7C6=C(C#N)C#N)sc5c32)C(c2ccc(CCCCCC)cc2)(c2ccc(CCCCCC)cc2)c2c-4sc3cc(/C=C4\C(=O)c5cscc5C4=C(C#N)C#N)sc23)cc1}
4.691153651869731,{[$]CCCCCc1cc(-c2sc(-c3sc(-c4sc[$]cc4CCCCCC)cc3CCCCCC)cc2CCCCCC)sc1C}.{[$]CCCCCc1ccc(C2(c3ccc(CCCCCC)cc3)c3cc4c(cc3-c3sc(-c5ccc(/C=c6\sc(=C(C#N)C#N)n(CC)c6=O)c6nsnc56)cc32)C(c2ccc(CCCCCC)cc2)(c2ccc(CCCCCC)cc2)c2cc(-c3ccc(/C=c5\sc(=C(C#N)C#N)n(CC)c5=O)c5nsnc35)sc2-4)cc1}
3.618757663897827,{[$]CCCCCc1cc(-c2sc(-c3sc(-c4sc[$]cc4CCCCCC)cc3CCCCCC)cc2CCCCCC)sc1C}.{[$]CCCCCn1nc2c(/C=C3\SC(=S)N(CC)C3=O)ccc(-c3ccc4c(c3)C3(c5ccccc5-c5ccccc53)c3cc(-c5ccc(/C=C6\SC(=S)N(CC)C6=O)c6nn(CCCCCC)nc56)ccc3-4)c2n1}
8.215495391940358,{[$]CCCC(CC)Cc1ccc(-c2c3cc(-c4ccc(-c5sc(-c6ccc[$]s6)c6c5C(=O)c5c(CC(CC)CCCC)sc(CC(CC)CCCC)c5C6=O)s4)sc3c(-c3ccc(CC(CC)CCCC)s3)c3cc[$]sc23)s1}.{[$]CCCCCCCC1(CCCCCCCC)c2cc3c(cc2-c2cc4c(cc21)-c1sc(C=C2C(=O)c5cc(F)ccc5C2=C(C#N)C#N)cc1C4(CCCCCCCC)CCCCCCCC)C(CCCCCCCC)(CCCCCCCC)c1cc(C=C2C(=O)c4cc(F)ccc4C2=C(C#N)C#N)sc1-3}
6.32201507342965,{[$]CCCC(CC)Cc1ccc(-c2c3cc(-c4ccc(-c5sc(-c6ccc[$]s6)c6c5C(=O)c5c(CC(CC)CCCC)sc(CC(CC)CCCC)c5C6=O)s4)sc3c(-c3ccc(CC(CC)CCCC)s3)c3cc[$]sc23)s1}.{[$]CCCC(CC)CC1(CCCCC[$]CC)c2cc(/C=C3\C(=O)c4ccccc4C3=C(C#N)C#N)sc2-c2sc(-c3cc(F)c(-c4cc5c(s4)-c4sc(/C=C6\C(=O)c7ccccc7C6=C(C#N)C#N)cc4C5(CC(CC)CCCC)CC(CC)CCCC)cc3F)cc21}
5.040704402396989,{[$]CCCCCCCC(CCCCCC)COc1cnc2c[$]c(F)c(F)c(-c3ccc[$]s3)c2n1}.{[$]CCCCCC1(CCCCCC)c2cc3c(cc2-c2sc(/C=C4\C(=O)c5ccccc5C4=C(C#N)C#N)cc21)C(CCCCCC)(CCCCCC)c1cc(/C=C2\C(=O)c4ccccc4C2=C(C#N)C#N)sc1-3}
5.87973780503647,{[$]CCCCCc1cc(-c2sc(-c3sc(-c4sc[$]cc4CCCCCC)cc3CCCCCC)cc2CCCCCC)sc1C}.{[$]CCCCCc1ccc(C2(c3ccc(CCCCCC)cc3)c3cc4c(cc3-c3sc(-c5ccc(/C=C6\SC(=S)N(CC)C6=O)c6nn(CCCCCC)nc56)cc32)C(CCCCCC)(CCCCCC)c2cc3c(cc2-4)C(c2ccc(CCCCCC)cc2)(c2ccc(CCCCCC)cc2)c2cc(-c4ccc(/C=C5\SC(=S)N(CC)C5=O)c5nn(CCCCCC)nc45)sc2-3)cc1}
8.612839740135787,{[$]CCCCCCCCCC(CCCCCCCC)Cc1ccc(-c2c3cc[$]sc3c(-c3ccc(SCC(CCCC)CCCCCC)cc3)c3cc(-c4ccc(-c5sc(-c6ccc[$]s6)c6c5C(=O)c5c(CC(CC)CCCC)sc(CC(CC)CCCC)c5C6=O)s4)sc23)cc1}.{[$]CCCCCc1ccc(C2(c3ccc(CCCCCC)cc3)c3cc4c(cc3-c3sc(C=C5C(=O)c6cc(F)ccc6C5=C(C#N)C#N)cc32)C(c2ccc(CCCCCC)cc2)(c2ccc(CCCCCC)cc2)c2cc(C=C3C(=O)c5cc(F)ccc5C3=C(C#N)C#N)sc2-4)cc1}
8.77355992015699,{[$]CCCC(CC)Cc1ccc(-c2c3cc(-c4ccc(-c5sc(-c6ccc[$]s6)c6c5C(=O)c5c(CC(CC)CCCC)sc(CC(CC)CCCC)c5C6=O)s4)sc3c(-c3ccc(CC(CC)CCCC)s3)c3cc[$]sc23)s1}.{[$]CCCCCc1ccc(C2(c3ccc(CCCCCC)cc3)c3cc4c(cc3-c3sc5cc(-c6ccc(/C=c7\sc(=C(C#N)C#N)n(CC)c7=O)c7nsnc67)sc5c32)C(c2ccc(CCCCCC)cc2)(c2ccc(CCCCCC)cc2)c2c-4sc3cc(-c4ccc(/C=c5\sc(=C(C#N)C#N)n(CC)c5=O)c5nsnc45)sc23)cc1}
9.242718714282624,{[$]CCCC(CC)Cc1ccc(-c2c3cc(-c4ccc(-c5sc(-c6ccc[$]s6)c6c5C(=O)c5c(CC(CC)CCCC)sc(CC(CC)CCCC)c5C6=O)s4)sc3c(-c3ccc(CC(CC)CCCC)s3)c3cc[$]sc23)s1}.{[$]CCCCCc1ccc(C2(c3ccc(CCCCCC)cc3)c3cc4c(cc3-c3sc5cc(-c6ccc(/C=c7\sc(=C(C#N)C#N)n(CCCCCC)c7=O)c7nsnc67)sc5c32)C(c2ccc(CCCCCC)cc2)(c2ccc(CCCCCC)cc2)c2c-4sc3cc(-c4ccc(/C=c5\sc(=C(C#N)C#N)n(CCCCCC)c5=O)c5nsnc45)sc23)cc1}
10.863620427930087,{[$]CCCCCCCC(CCCCCC)Cc1ccc(-c2c3cc(-c4ccc(-c5sc(-c6ccc[$]s6)c6c5C(=O)c5c(CC(CC)CCCC)sc(CC(CC)CCCC)c5C6=O)s4)sc3c(-c3ccc(CC(CCCCCC)CCCCCCCC)s3)c3cc[$]sc23)s1}.{[$]CCCCCc1ccc(C2(c3ccc(CCCCCC)cc3)c3cc4c(cc3-c3sc5cc(/C=C6\C(=O)c7ccc[$]cc7C6=C(C#N)C#N)sc5c32)C(c2ccc(CCCCCC)cc2)(c2ccc(CCCCCC)cc2)c2c-4sc3cc(/C=C4\C(=O)c5ccc[$]cc5C4=C(C#N)C#N)sc23)cc1}
7.347945092608002,{[$]CCCC(CC)COC(=O)c1sc2c(-c3cc4c(-c5ccc(CC(CC)CCCC)s5)c5sc[$]cc5c(-c5ccc(CC(CC)CCCC)s5)c4s3)sc[$]c2c1F}.{[$]CCCCCc1ccc(C2(c3ccc(CCCCCC)cc3)c3cc4c(cc3-c3sc(-c5ccc(/C=C6\SC(=S)N(CC)C6=O)c6nsnc56)cc32)C(c2ccc(CCCCCC)cc2)(c2ccc(CCCCCC)cc2)c2cc(-c3ccc(/C=C5\SC(=S)N(CC)C5=O)c5nsnc35)sc2-4)cc1}
4.779446937605596,{[$]CCCC(CC)COC(=O)c1sc2c(-c3cc4c(-c5ccc(CC(CC)CCCC)s5)c5sc[$]cc5c(-c5ccc(CC(CC)CCCC)s5)c4s3)sc[$]c2c1F}.{[$]CCCCCc1ccc(C2(c3ccc(CCCCCC)cc3)c3cc4c(cc3-c3sc(-c5ccc(/C=C6\SC(=S)N(CC(F)(F)F)C6=O)c6nsnc56)cc32)C(c2ccc(CCCCCC)cc2)(c2ccc(CCCCCC)cc2)c2cc(-c3ccc(/C=C5\SC(=S)N(CC(F)(F)F)C5=O)c5nsnc35)sc2-4)cc1}
6.4656015906393005,{[$]CCCC(CC)COC(=O)c1sc2c(-c3cc4c(-c5ccc(CC(CC)CCCC)s5)c5sc[$]cc5c(-c5ccc(CC(CC)CCCC)s5)c4s3)sc[$]c2c1F}.{[$]CCCCCc1ccc(C2(c3ccc(CCCCCC)cc3)c3cc4c(cc3-c3sc(-c5ccc(/C=C6\SC(=S)N(COC)C6=O)c6nsnc56)cc32)C(c2ccc(CCCCCC)cc2)(c2ccc(CCCCCC)cc2)c2cc(-c3ccc(/C=C5\SC(=S)N(COC)C5=O)c5nsnc35)sc2-4)cc1}
5.5891985093579315,{[$]CCCC(CC)COC(=O)c1sc2c(-c3cc4c(-c5ccc(CC(CC)CCCC)s5)c5sc[$]cc5c(-c5ccc(CC(CC)CCCC)s5)c4s3)sc[$]c2c1F}.{[$]CCCCCc1ccc(C2(c3ccc(CCCCCC)cc3)c3cc4c(cc3-c3sc(-c5ccc(/C=C6\SC(=S)N(N7CCCCC7)C6=O)c6nsnc56)cc32)C(c2ccc(CCCCCC)cc2)(c2ccc(CCCCCC)cc2)c2cc(-c3ccc(/C=C5\SC(=S)N(N6CCCCC6)C5=O)c5nsnc35)sc2-4)cc1}
8.08972549698377,{[$]CCCC(CC)Cc1ccc(-c2c3cc(-c4ccc(-c5sc(-c6ccc[$]s6)c6c5C(=O)c5c(CC(CC)CCCC)sc(CC(CC)CCCC)c5C6=O)s4)sc3c(-c3ccc(CC(CC)CCCC)s3)c3cc[$]sc23)s1}.{[$]CCCCCOc1ccc(C2(c3ccc(OCCCCCC)cc3)c3cc4c(cc3-c3sc(/C=C5\C(=O)c6ccccc6C5=C(C#N)C#N)cc32)C(c2ccc(OCCCCCC)cc2)(c2ccc(OCCCCCC)cc2)c2cc(/C=C3\C(=O)c5ccccc5C3=C(C#N)C#N)sc2-4)cc1}
9.020853547943164,{[$]CCCC(CC)COC(=O)c1sc2c(-c3cc4c(-c5ccc(CC(CC)CCCC)s5)c5sc[$]cc5c(-c5ccc(CC(CC)CCCC)s5)c4s3)sc[$]c2c1F}.{[$]CCCCCc1ccc(C2(c3ccc(CCCCCC)cc3)c3cc(C=C4C(=O)c5cc(F)ccc5C4=C(C#N)C#N)sc3-c3sc4c(OCC(CC)CCCC)c5c6c(sc5c(OCC(CC)CCCC)c4c32)-c2sc(C=C3C(=O)c4cc(F)ccc4C3=C(C#N)C#N)cc2C6(c2ccc(CCCCCC)cc2)c2ccc(CCCCCC)cc2)cc1}
8.248349194239392,{[$]CCCCCC(CCCC)CSc1sc(SCC(CCCC)CCCCCC)c2c1C(=O)c1c(-c3ccc[$]s3)sc(-c3ccc(-c4cc5c(-c6ccc(SCC(CC)CCCC)s6)c6sc[$]cc6c(-c6ccc(SCC(CC)CCCC)s6)c5s4)s3)c1C2=O}.{[$]CCCCCc1ccc(C2(c3ccc(CCCCCC)cc3)c3cc4c(cc3-c3sc(/C=C5\C(=O)c6cscc6C5=C(C#N)C#N)cc32)C(c2ccc(CCCCCC)cc2)(c2ccc(CCCCCC)cc2)c2cc(/C=C3\C(=O)c5cscc5C3=C(C#N)C#N)sc2-4)cc1}
8.646513012065094,{[$]CCCC(CC)Cc1ccc(-c2c3cc(-c4ccc(-c5sc(-c6ccc[$]s6)c6c5C(=O)c5c(CC(CC)CCCC)sc(CC(CC)CCCC)c5C6=O)s4)sc3c(-c3ccc(CC(CC)CCCC)s3)c3cc[$]sc23)s1}.{[$]CCCCCc1ccc(C2(c3ccc(CCCCCC)cc3)c3cc4c(cc3-c3sc(-c5ccc(/C=C6\C(=O)c7ccccc7C6=C(C#N)C#N)s5)cc32)C(c2ccc(CCCCCC)cc2)(c2ccc(CCCCCC)cc2)c2cc(-c3ccc(/C=C5\C(=O)c6ccccc6C5=C(C#N)C#N)s3)sc2-4)cc1}
6.140041263346659,{[$]CCCCCCCC(CCCCCC)Cn1nc2c(-c3ccc[$]s3)c(F)c(F)c(-c3ccc(-c4cc5c(-c6ccc(CC(CC)CCCC)s6)c6sc[$]cc6c(-c6ccc(CCCCC[$]CC)s6)c5s4)s3)c2n1}.{[$]CCCCCc1ccc(C2(c3ccc(CCCCCC)cc3)c3cc4c(cc3-c3sc5cc(/C=C6\C(=O)c7ccccc7C6=C(C#N)C#N)sc5c32)C(c2ccc(CCCCCC)cc2)(c2ccc(CCCCCC)cc2)c2c-4sc3cc(/C=C4\C(=O)c5ccccc5C4=C(C#N)C#N)sc23)cc1}
8.780583243127646,{[$]CCCC(CC)Cc1ccc(-c2c3cc(-c4ccc(-c5sc(-c6ccc[$]s6)c6c5C(=O)c5c(CC(CC)CCCC)sc(CC(CC)CCCC)c5C6=O)s4)sc3c(-c3ccc(CC(CC)CCCC)s3)c3cc[$]sc23)s1}.{[$]CCCCCOc1c(-c2ccc(/C=C3\C(=O)c4cc(F)c(F)cc4C3=C(C#N)C#N)s2)sc2c1C(c1ccc(CCCCCC)cc1)(c1ccc(CCCCCC)cc1)c1cc3c(cc1-2)C(c1ccc(CCCCCC)cc1)(c1ccc(CCCCCC)cc1)c1c-3sc(-c2ccc(/C=C3\C(=O)c4cc(F)c(F)cc4C3=C(C#N)C#N)s2)c1OCCCCCC}
10.036321778827887,{[$]CCCC(CC)Cc1ccc(-c2c3cc(-c4ccc(-c5sc(-c6ccc[$]s6)c6c5C(=O)c5c(CC(CC)CCCC)sc(CC(CC)CCCC)c5C6=O)s4)sc3c(-c3ccc(CC(CC)CCCC)s3)c3cc[$]sc23)s1}.{[$]CCCCCc1ccc(C2(c3ccc(CCCCCC)cc3)c3cc4c(cc3-c3sc5cc(/C=C6\C(=O)c7ccccc7C6=C(C#N)C#N)sc5c32)C(c2ccc(CCCCCC)cc2)(c2ccc(CCCCCC)cc2)c2c-4sc3cc(/C=C4\C(=O)c5ccccc5C4=C(C#N)C#N)sc23)cc1}
10.704107974291015,{[$]CCCC(CC)Cc1sc(-c2c3cc(-c4ccc(-c5sc(-c6ccc[$]s6)c6c5C(=O)c5c(CC(CC)CCCC)sc(CC(CC)CCCC)c5C6=O)s4)sc3c(-c3cc(F)c(CC(CC)CCCC)s3)c3cc[$]sc23)cc1F}.{[$]CCCCCc1ccc(C2(c3ccc(CCCCCC)cc3)c3cc4c(cc3-c3sc5cc(/C=C6\C(=O)c7ccc[$]cc7C6=C(C#N)C#N)sc5c32)C(c2ccc(CCCCCC)cc2)(c2ccc(CCCCCC)cc2)c2c-4sc3cc(/C=C4\C(=O)c5ccc[$]cc5C4=C(C#N)C#N)sc23)cc1}
9.553978548875294,{[$]CCCC(CC)Cc1sc(-c2c3cc(-c4ccc(-c5sc(-c6ccc[$]s6)c6c5C(=O)c5c(CC(CC)CCCC)sc(CC(CC)CCCC)c5C6=O)s4)sc3c(-c3cc(F)c(CC(CC)CCCC)s3)c3cc[$]sc23)cc1F}.{[$]CCCC(CC)CC1(CCCCC[$]CC)c2cc(/C=C3\C(=O)c4cc(F)c(F)cc4C3=C(C#N)C#N)sc2-c2sc(-c3cc(F)c(-c4cc5c(s4)-c4sc(/C=C6\C(=O)c7cc(F)c(F)cc7C6=C(C#N)C#N)cc4C5(CC(CC)CCCC)CC(CC)CCCC)cc3F)cc21}
9.563449443346155,{[$]CCCC(CC)Cc1sc(-c2c3cc(-c4ccc(-c5sc(-c6ccc[$]s6)c6c5C(=O)c5c(CC(CC)CCCC)sc(CC(CC)CCCC)c5C6=O)s4)sc3c(-c3cc(F)c(CC(CC)CCCC)s3)c3cc[$]sc23)cc1F}.{[$]CCCC(CC)CC1(CCCCC[$]CC)c2cc(/C=C3\C(=O)c4cc(F)c(F)cc4C3=C(C#N)C#N)sc2-c2sc(-c3c(F)c(OC)c(-c4cc5c(s4)-c4sc(/C=C6\C(=O)c7cc(F)c(F)cc7C6=C(C#N)C#N)cc4C5(CC(CC)CCCC)CC(CC)CCCC)c(F)c3OC)cc21}
7.7650486997296095,{[$]CCCC(CC)Cc1ccc(-c2c3cc(-c4ccc(-c5sc(-c6ccc[$]s6)c6c5C(=O)c5c(CC(CC)CCCC)sc(CC(CC)CCCC)c5C6=O)s4)sc3c(-c3ccc(CC(CC)CCCC)s3)c3cc[$]sc23)s1}.{[$]CCCCCC1(CCCCCC)c2cc3c(cc2-c2sc(-c4sc(/C=C5\C(=O)c6cc7ccccc7cc6C5=C(C#N)C#N)cc4CC(CC)CCCC)cc21)C(CCCCCC)(CCCCCC)c1cc(-c2sc(/C=C4\C(=O)c5cc6ccccc6cc5C4=C(C#N)C#N)cc2CC(CC)CCCC)sc1-3}
8.357583605202354,{[$]CCCCCCCCN1C(=O)c2c(c(-c3ccc(-c4cc5c(-c6ccc(SCC(CC)CCCC)s6)c6sc[$]cc6c(-c6ccc(SCC(CC)CCCC)s6)c5s4)s3)c3nn(CCCCCCCC)nc3c2-c2ccc[$]s2)C1=O}.{[$]CCCCCc1ccc(C2(c3ccc(CCCCCC)cc3)c3cc4c(cc3-c3sc5cc(/C=C6\C(=O)c7ccccc7C6=C(C#N)C#N)sc5c32)C(c2ccc(CCCCCC)cc2)(c2ccc(CCCCCC)cc2)c2c-4sc3cc(/C=C4\C(=O)c5ccccc5C4=C(C#N)C#N)sc23)cc1}
7.553099215327885,{[$]CCCC(CC)Cc1ccc(-c2c3cc(-c4ccc(-c5sc(-c6ccc[$]s6)c6c5C(=O)c5c(CC(CC)CCCC)sc(CC(CC)CCCC)c5C6=O)s4)sc3c(-c3ccc(CC(CC)CCCC)s3)c3cc[$]sc23)s1}.{[$]CCCCCC(CCCCCC)n1c2cc(/C=C3\C(=O)c4ccccc4C3=C(C#N)C#N)sc2c2sc3c(sc4c5sc(/C=C6\C(=O)c7ccccc7C6=C(C#N)C#N)cc5n(C(CCCCCC)CCCCCC)c43)c21}
7.46358907476507,{[$]CCCC(CC)Cc1ccc(-c2c3cc(-c4ccc(-c5sc(-c6ccc[$]s6)c6c5C(=O)c5c(CC(CC)CCCC)sc(CC(CC)CCCC)c5C6=O)s4)sc3c(-c3ccc(CC(CC)CCCC)s3)c3cc[$]sc23)s1}.{[$]CCCCCC(CCCCCC)n1c2cc(/C=C3\C(=O)c4cc(F)c(F)cc4C3=C(C#N)C#N)sc2c2sc3c(sc4c5sc(/C=C6\C(=O)c7cc(F)c(F)cc7C6=C(C#N)C#N)cc5n(C(CCCCCC)CCCCCC)c43)c21}
13.46640196272908,{[$]CCCC(CC)Cc1sc(-c2c3cc(-c4ccc(-c5sc(-c6ccc[$]s6)c6c5C(=O)c5c(CC(CC)CCCC)sc(CC(CC)CCCC)c5C6=O)s4)sc3c(-c3cc(F)c(CC(CC)CCCC)s3)c3cc[$]sc23)cc1F}.{[$]CCCCCc1ccc(C2(c3ccc(CCCCCC)cc3)c3cc4c(cc3-c3sc5cc(/C=C6\C(=O)c7cc(F)c(F)cc7C6=C(C#N)C#N)sc5c32)C(c2ccc(CCCCCC)cc2)(c2ccc(CCCCCC)cc2)c2c-4sc3cc(/C=C4\C(=O)c5cc(F)c(F)cc5C4=C(C#N)C#N)sc23)cc1}
9.57432170290513,{[$]CCCCCC(CCCC)CSc1c2cc(-c3ccc(-c4c(F)c(F)c(-c5ccc[$]s5)c5nn(SCC(CCCC)CCCCCC)nc45)s3)sc2c(SCC(CCCC)CCCCCC)c2cc[$]sc12}.{[$]CCCCCc1ccc(C2(c3ccc(CCCCCC)cc3)c3cc4c(cc3-c3sc5cc(/C=C6\C(=O)c7cc(F)c(F)cc7C6=C(C#N)C#N)sc5c32)C(c2ccc(CCCCCC)cc2)(c2ccc(CCCCCC)cc2)c2c-4sc3cc(/C=C4\C(=O)c5cc(F)c(F)cc5C4=C(C#N)C#N)sc23)cc1}
9.792940705288537,{[$]CCCCCCCCCCCSc1cc[$]sc1-c1sc(-c2sc(-c3cc4c(-c5ccc([Si](CCC)(CCC)CCC)s5)c5sc[$]cc5c(-c5ccc([Si](CCC)(CCC)CCC)s5)c4s3)cc2SCCCCCCCCCCCC)c2c1C(=O)N(CC(CCCCCC)CCCCCCCC)C2=O}.{[$]CCCCCc1cccc(C2(c3cccc(CCCCCC)c3)c3cc4c(cc3-c3sc5cc(/C=C6\C(=O)c7ccccc7C6=C(C#N)C#N)sc5c32)C(c2cccc(CCCCCC)c2)(c2cccc(CCCCCC)c2)c2c-4sc3cc(/C=C4\C(=O)c5ccccc5C4=C(C#N)C#N)sc23)c1}
8.25055111946695,{[$]CCCC(CC)Cc1sc(CC(CC)CCCC)c2c1C(=O)c1c(-c3ccc[$]s3)sc(-c3ccc(-c4cc5c(-c6ccc([Si](CCC)(CCC)CCC)s6)c6sc[$]cc6c(-c6ccc([Si](CCC)(CCC)CCC)s6)c5s4)s3)c1C2=O}.{[$]CCCCCC1(CCCCCC)c2cc3c(cc2-c2sc(/C=C4\C(=O)c5ccccc5C4=C(C#N)C#N)cc21)C(CCCCCC)(CCCCCC)c1cc(/C=C2\C(=O)c4ccccc4C2=C(C#N)C#N)sc1-3}
7.26227904081794,{[$]CCCC(CC)COC(=O)c1sc2c(-c3cc4c(-c5ccc(CC(CC)CCCC)s5)c5sc[$]cc5c(-c5ccc(CC(CC)CCCC)s5)c4s3)sc[$]c2c1F}.{[$]CCCCCc1ccc(C2(c3ccc(CCCCCC)cc3)c3cc4c(cc3-c3sc5cc(/C=C6\C(=O)c7ccccc7C6=C(C#N)C#N)sc5c32)C(c2ccc(CCCCCC)cc2)(c2ccc(CCCCCC)cc2)c2c-4sc3cc(/C=C4\C(=O)c5ccccc5C4=C(C#N)C#N)sc23)cc1}
9.512355096506353,{[$]CCCC(CC)Cc1ccc(-c2c3cc(-c4ccc(-c5sc(-c6ccc[$]s6)c6c5C(=O)c5c(CC(CC)CCCC)sc(CC(CC)CCCC)c5C6=O)s4)sc3c(-c3ccc(CC(CC)CCCC)s3)c3cc[$]sc23)s1}.{[$]CCCCCc1ccc(C2(c3ccc(CCCCCC)cc3)c3cc(/C=C4\C(=O)c5cc(F)c(F)cc5C4=C(C#N)C#N)sc3-c3sc4cc5c6c(sc5cc4c32)-c2sc(/C=C3\C(=O)c4cc(F)c(F)cc4C3=C(C#N)C#N)cc2C6(c2ccc(CCCCCC)cc2)c2ccc(CCCCCC)cc2)cc1}
9.574553958588464,{[$]CCCC(CC)Cc1ccc(-c2c3cc(-c4ccc(-c5sc(-c6ccc[$]s6)c6c5C(=O)c5c(CC(CC)CCCC)sc(CC(CC)CCCC)c5C6=O)s4)sc3c(-c3ccc(CC(CC)CCCC)s3)c3cc[$]sc23)s1}.{[$]CCCCCc1ccc(C2(c3ccc(CCCCCC)cc3)c3cc(/C=C4\C(=O)c5ccc[$]cc5C4=C(C#N)C#N)sc3-c3sc4c(-c5ccc(CC(CC)CCCC)s5)c5c6c(sc5c(-c5ccc(CC(CC)CCCC)s5)c4c32)-c2sc(/C=C3\C(=O)c4ccc[$]cc4C3=C(C#N)C#N)cc2C6(c2ccc(CCCCCC)cc2)c2ccc(CCCCCC)cc2)cc1}
7.494775189799075,{[$]CCCCCC(CCCC)CSc1c2cc(-c3ccc(-c4c(F)c(F)c(-c5ccc[$]s5)c5nn(SCC(CCCC)CCCCCC)nc45)s3)sc2c(SCC(CCCC)CCCCCC)c2cc[$]sc12}.{[$]CCCCCc1ccc(C2(c3ccc(CCCCCC)cc3)c3cc4c(cc3-c3sc5cc(/C=C6\C(=O)c7ccccc7C6=C(C#N)C#N)sc5c32)C(c2ccc(CCCCCC)cc2)(c2ccc(CCCCCC)cc2)c2c-4sc3cc(/C=C4\C(=O)c5ccccc5C4=C(C#N)C#N)sc23)cc1}
8.029726126238861,{[$]CCCCCC(CS)CCCCc1c2cc[$]sc2c(SCC(CCCC)CCCCCC)c2cc(-c3ccc(-c4ccc(-c5ccc[$]s5)c5nn(SCC(CCCC)CCCCCC)nc45)s3)sc12}.{[$]CCCCCc1ccc(C2(c3ccc(CCCCCC)cc3)c3cc4c(cc3-c3sc5cc(/C=C6\C(=O)c7ccccc7C6=C(C#N)C#N)sc5c32)C(c2ccc(CCCCCC)cc2)(c2ccc(CCCCCC)cc2)c2c-4sc3cc(/C=C4\C(=O)c5ccccc5C4=C(C#N)C#N)sc23)cc1}
2.697469413697415,{[$]CCCC(CC)COC(=O)c1sc2c(-c3cc4c(-c5ccc(CC(CC)CCCC)s5)c5sc[$]cc5c(-c5ccc(CC(CC)CCCC)s5)c4s3)sc[$]c2c1F}.{[$]CCCCCCCn1nc2c(/C=C3\SC(=S)N(CC)C3=O)ccc(-c3cc4c(s3)-c3cc5c(cc3C4(c3ccc(CCCCCC)cc3)c3ccc(CCCCCC)cc3)-c3sc(-c4ccc(/C=C6\SC(=S)N(CC)C6=O)c6nn(CCCCCCCC)nc46)cc3C5(c3ccc(CCCCCC)cc3)c3ccc(CCCCCC)cc3)c2n1}
10.036321778827887,{[$]CCCC(CC)Cc1ccc(-c2c3cc(-c4ccc(-c5sc(-c6ccc[$]s6)c6c5C(=O)c5c(CC(CC)CCCC)sc(CC(CC)CCCC)c5C6=O)s4)sc3c(-c3ccc(CC(CC)CCCC)s3)c3cc[$]sc23)s1}.{[$]CCCCCc1ccc(C2(c3ccc(CCCCCC)cc3)c3cc4c(cc3-c3sc5cc(/C=C6\C(=O)c7ccccc7C6=C(C#N)C#N)sc5c32)C(c2ccc(CCCCCC)cc2)(c2ccc(CCCCCC)cc2)c2c-4sc3cc(/C=C4\C(=O)c5ccccc5C4=C(C#N)C#N)sc23)cc1}
8.694524798502254,{[$]CCCC(CC)COc1ccc(-c2nc3c(-c4ccc[$]s4)c(F)c(F)c(-c4ccc(-c5cc6c(-c7ccc(CC(CC)CCCC)s7)c7sc[$]cc7c(-c7ccc(CC(CC)CCCC)s7)c6s5)s4)c3nc2-c2ccc(OCC(CC)CCCC)c(F)c2)cc1F}.{[$]CCCCCc1ccc(C2(c3ccc(CCCCCC)cc3)c3cc4c(cc3-c3sc5cc(/C=C6\C(=O)c7ccccc7C6=C(C#N)C#N)sc5c32)C(c2ccc(CCCCCC)cc2)(c2ccc(CCCCCC)cc2)c2c-4sc3cc(/C=C4\C(=O)c5ccccc5C4=C(C#N)C#N)sc23)cc1}
4.869531957379037,{[$]CCCC(CC)COC(=O)c1sc2c(-c3cc4c(-c5ccc(CC(CC)CCCC)s5)c5sc[$]cc5c(-c5ccc(CC(CC)CCCC)s5)c4s3)sc[$]c2c1F}.{[$]CCCCCCCCCC1(CCCCCCCCCC)c2cc(-c3ccc(C=C4C(=O)c5ccccc5C4=C(C#N)C#N)s3)ccc2-c2ccc(-c3ccc(C=C4C(=O)c5ccccc5C4=C(C#N)C#N)s3)cc21}
