predicted_calc_PCE_percent,DA_SMILES
10.916972,CCCCC(CC)COC(=O)c1c(-c2ccc(C)s2)sc2c(C(=O)OCC(CC)CCCC)c(-c3ccc(-c4cc5c(-c6ccc(CC(CC)CCCC)s6)c6sc(C)cc6c(-c6ccc(CC(CC)CCCC)s6)c5s4)s3)sc12.CCCCCCc1ccc(C2(c3ccc(CCCCCC)cc3)c3c(sc4cc(/C=C5\C(=O)c6ccccc6C5=C(C#N)C#N)sc34)-c3sc4c5c(sc4c32)-c2sc3cc(/C=C4\C(=O)c6ccccc6C4=C(C#N)C#N)sc3c2C5(c2ccc(CCCCCC)cc2)c2ccc(CCCCCC)cc2)cc1
8.07381,CCCCCCCCC(CCCCCC)Cn1nc2c(-c3ccc(C)s3)c(F)c(F)c(-c3ccc(-c4cc5c(-c6cc(F)c(SCC(CC)CCCC)s6)c6sc(C)cc6c(-c6cc(F)c(SCC(CC)CCCC)s6)c5s4)s3)c2n1.CCCCCCCCn1nc2c(/C=c3/sc(=C(C#N)C#N)n(CC)c3=O)ccc(-c3cc4sc5c(c4s3)C(c3ccc(CCCCCC)cc3)(c3ccc(CCCCCC)cc3)c3cc4c(cc3-5)C(c3ccc(CCCCCC)cc3)(c3ccc(CCCCCC)cc3)c3c-4sc4cc(-c5ccc(/C=c6/sc(=C(C#N)C#N)n(CC)c6=O)c6nn(CCCCCCCC)nc56)sc34)c2n1
10.076064,CCCCCCCCC(CCCCCC)Cc1ccc(-c2c3cc(-c4ccc(-c5c(F)c(F)c(-c6ccc(C)s6)c6nn(CCCCCCCC)nc56)s4)sc3c(-c3ccc(CCCCCCCCC(C)CCCCCC)s3)c3cc(C)sc23)s1.CCCCCCC1(CCCCCC)c2cc3c(cc2-c2sc(/C=C4\C(=O)c5ccccc5C4=C(C#N)C#N)cc21)C(CCCCCC)(CCCCCC)c1cc(/C=C2\C(=O)c4ccccc4C2=C(C#N)C#N)sc1-3
8.683202,CCCCCCCCc1ccc(-c2c3sc4cc(-c5ccc(-c6sc(-c7ccc(C)s7)c7c6C(=O)c6c(CC(CC)CCCC)sc(CC(CC)CCCC)c6C7=O)s5)sc4c3c(-c3ccc(CCCCCCCC)s3)c3sc4cc(C)sc4c23)s1.CCCCCCC1(CCCCCC)c2cc3c(cc2-c2sc(/C=C4\C(=O)c5ccccc5C4=C(C#N)C#N)cc21)C(CCCCCC)(CCCCCC)c1cc(/C=C2\C(=O)c4ccccc4C2=C(C#N)C#N)sc1-3
8.62455,CCCCCCC(CCCC)CSOC(=O)c1cc(-c2cc(C(=O)OSCC(CCCC)CCCCCC)c(-c3ccc(C)s3)s2)sc1-c1ccc(C)s1.CCCCCCC1(CCCCCC)c2cc3c(cc2-c2sc(/C=C4\C(=O)c5ccccc5C4=C(C#N)C#N)cc21)C(CCCCCC)(CCCCCC)c1cc(/C=C2\C(=O)c4ccccc4C2=C(C#N)C#N)sc1-3
9.932339,CCCCCCC(CCCC)CSOC(=O)c1cc(-c2cc(C(=O)OSCC(CCCC)CCCCCC)c(-c3ccc(C)s3)s2)sc1-c1ccc(C)s1.CCCCCCC(CCCC)CSc1ccc(C2(c3ccc(SCC(CCCC)CCCCCC)cc3)c3cc4c(cc3-c3sc5cc(/C=C6\C(=O)c7cc8ccccc8cc7C6=C(C#N)C#N)sc5c32)C(c2ccc(SCC(CCCC)CCCCCC)cc2)(c2ccc(SCC(CCCC)CCCCCC)cc2)c2c-4sc3cc(/C=C4\C(=O)c5cc6ccccc6cc5C4=C(C#N)C#N)sc23)cc1
9.785412,CCCCCCCCC(CCCCCC)Cn1nc2c(-c3ccc(C)s3)c(F)c(F)c(-c3ccc(-c4cc5c(-c6ccc([Si](CCC)(CCC)CCC)s6)c6sc(C)cc6c(-c6ccc([Si](CCC)(CCC)CCC)s6)c5s4)s3)c2n1.CCCCCCC(CCCC)CSOc1ccc(C2(c3ccc(OSCC(CCCC)CCCCCC)cc3)c3cc4c(cc3-c3sc5cc(/C=C6\C(=O)c7cc8ccccc8cc7C6=C(C#N)C#N)sc5c32)C(c2ccc(OSCC(CCCC)CCCCCC)cc2)(c2ccc(OSCC(CCCC)CCCCCC)cc2)c2c-4sc3cc(/C=C4\C(=O)c5cc6ccccc6cc5C4=C(C#N)C#N)sc23)cc1
10.661621,CCCCC(CC)COC(=O)c1sc2c(-c3cc4c(-c5ccc(CC(CC)CCCC)s5)c5sc(C)cc5c(-c5ccc(CC(CC)CCCC)s5)c4s3)sc(C)c2c1F.CCCCCCc1ccc(C2(c3ccc(CCCCCC)cc3)c3cc4c(cc3-c3sc(-c5sc(/C=C6\C(=O)c7cc(Cl)c(Cl)cc7C6=C(C#N)C#N)cc5OCC(CC)CCCC)cc32)C(c2ccc(CCCCCC)cc2)(c2ccc(CCCCCC)cc2)c2cc(-c3sc(/C=C5\C(=O)c6cc(Cl)c(Cl)cc6C5=C(C#N)C#N)cc3OCC(CC)CCCC)sc2-4)cc1
7.9792795,CCCCCCCCSc1ccc(-c2c3cc(-c4ccc(-c5c(F)c(F)c(-c6ccc(C)s6)c6nn(CC(CCCCCC)CCCCCCCC)nc56)s4)sc3c(-c3ccc(SCCCCCCCC)s3)c3cc(C)sc23)s1.CCCCCCc1ccc(C2(c3ccc(CCCCCC)cc3)c3cc4c(cc3-c3sc5cc(/C=C6\C(=O)c7ccccc7C6=C(C#N)C#N)sc5c32)C(c2ccc(CCCCCC)cc2)(c2ccc(CCCCCC)cc2)c2c-4sc3cc(/C=C4\C(=O)c5ccccc5C4=C(C#N)C#N)sc23)cc1
2.8259788,CCCCC(CC)COc1c2cc(-c3sc(C)c(F)c3F)sc2c(OCC(CC)CCCC)c2cc(C)sc12.CCCCCCc1ccc(C2(c3ccc(CCCCCC)cc3)c3cc4c(cc3-c3sc5cc(/C=C6\C(=O)c7ccccc7C6=C(C#N)C#N)sc5c32)C(c2ccc(CCCCCC)cc2)(c2ccc(CCCCCC)cc2)c2c-4sc3cc(/C=C4\C(=O)c5ccccc5C4=C(C#N)C#N)sc23)cc1
8.834588,CCCCCCCCc1cc(-c2c(F)c(F)c(-c3cc(CCCCCCCC)c(-c4cc5c(-c6ccc(SSCC(CCCC)CCCCCC)s6)c6sc(C)cc6c(-c6ccc(SSCC(CCCC)CCCCCC)s6)c5s4)s3)c3nsnc23)sc1C.CCCCCCc1ccc(C2(c3ccc(CCCCCC)cc3)c3cc4c(cc3-c3sc5cc(/C=C6\C(=O)c7ccccc7C6=C(C#N)C#N)sc5c32)C(c2ccc(CCCCCC)cc2)(c2ccc(CCCCCC)cc2)c2c-4sc3cc(/C=C4\C(=O)c5ccccc5C4=C(C#N)C#N)sc23)cc1
8.099987,CCCCCCCCc1cc(-c2c(F)c(F)c(-c3cc(CCCCCCCC)c(-c4cc5c(-c6cc(F)c(SSCC(CCCC)CCCCCC)s6)c6sc(C)cc6c(-c6cc(F)c(SSCC(CCCC)CCCCCC)s6)c5s4)s3)c3nsnc23)sc1C.CCCCCCc1ccc(C2(c3ccc(CCCCCC)cc3)c3cc4c(cc3-c3sc5cc(/C=C6\C(=O)c7ccccc7C6=C(C#N)C#N)sc5c32)C(c2ccc(CCCCCC)cc2)(c2ccc(CCCCCC)cc2)c2c-4sc3cc(/C=C4\C(=O)c5ccccc5C4=C(C#N)C#N)sc23)cc1
9.478872,CCCCCCCCc1cc(-c2nnc(-c3cc(CCCCCCCC)c(-c4cc5c(-c6ccc(CC(CCCCCC)CCCCCCCC)s6)c6sc(C)cc6c(-c6ccc(CCCCCCCCC(C)CCCCCC)s6)c5s4)s3)o2)sc1C.CCCCCCc1ccc(C2(c3ccc(CCCCCC)s3)c3cc4c(cc3-c3sc5cc(/C=C6\C(=O)c7ccccc7C6=C(C#N)C#N)sc5c32)C(c2ccc(CCCCCC)s2)(c2ccc(CCCCCC)s2)c2c-4sc3cc(/C=C4\C(=O)c5ccccc5C4=C(C#N)C#N)sc23)s1
10.796542,CCCCCCCCC(CCCCCC)Cn1nc2c(-c3ccc(C)s3)c(F)c(F)c(-c3ccc(-c4cc5c(-c6ccc([Si](CCC)(CCC)CCC)s6)c6sc(C)cc6c(-c6ccc([Si](CCC)(CCC)CCC)s6)c5s4)s3)c2n1.CCCCCCc1ccc(C2(c3ccc(CCCCCC)cc3)c3cc4c(cc3-c3sc5cc(/C=C/C=C6\C(=O)c7ccccc7C6=C(C#N)C#N)sc5c32)C(c2ccc(CCCCCC)cc2)(c2ccc(CCCCCC)cc2)c2c-4sc3cc(/C=C/C=C4\C(=O)c5ccccc5C4=C(C#N)C#N)sc23)cc1
8.992827,CCCCCCCCC(CCCCCC)Cn1nc2c(-c3ccc(C)s3)c(F)c(F)c(-c3ccc(-c4cc5c(-c6ccc([Si](CC)(CC)CC)s6)c6sc(C)cc6c(-c6ccc([Si](CC)(CC)CC)s6)c5s4)s3)c2n1.CCCCCCc1cccc(C2(c3cccc(CCCCCC)c3)c3cc4c(cc3-c3sc5cc(/C=C6\C(=O)c7ccccc7C6=C(C#N)C#N)sc5c32)C(c2cccc(CCCCCC)c2)(c2cccc(CCCCCC)c2)c2c-4sc3cc(/C=C4\C(=O)c5ccccc5C4=C(C#N)C#N)sc23)c1
10.959368,CCCCCCCCC(CCCCCC)Cn1nc2c(-c3ccc(C)s3)c(F)c(F)c(-c3ccc(-c4cc5c(-c6ccc([Si](CCC)(CCC)CCC)s6)c6sc(C)cc6c(-c6ccc([Si](CCC)(CCC)CCC)s6)c5s4)s3)c2n1.CCCCCCc1cccc(C2(c3cccc(CCCCCC)c3)c3cc4c(cc3-c3sc5cc(/C=C6\C(=O)c7ccccc7C6=C(C#N)C#N)sc5c32)C(c2cccc(CCCCCC)c2)(c2cccc(CCCCCC)c2)c2c-4sc3cc(/C=C4\C(=O)c5ccccc5C4=C(C#N)C#N)sc23)c1
9.8219795,CCCCCCCCC(CCCCCC)Cn1nc2c(-c3ccc(C)s3)c(F)c(F)c(-c3ccc(-c4cc5c(-c6ccc([Si](C(C)C)(C(C)C)C(C)C)s6)c6sc(C)cc6c(-c6ccc(CC(C)[Si](C(C)C)C(C)C)s6)c5s4)s3)c2n1.CCCCCCc1cccc(C2(c3cccc(CCCCCC)c3)c3cc4c(cc3-c3sc5cc(/C=C6\C(=O)c7ccccc7C6=C(C#N)C#N)sc5c32)C(c2cccc(CCCCCC)c2)(c2cccc(CCCCCC)c2)c2c-4sc3cc(/C=C4\C(=O)c5ccccc5C4=C(C#N)C#N)sc23)c1
9.170771,CCCCCCCCOc1cccc(-c2nc3c(-c4ccc(C)s4)ccc(-c4ccc(-c5cc6c(-c7ccc(CC(CC)CCCC)s7)c7sc(C)cc7c(-c7ccc(CC(CC)CCCC)s7)c6s5)s4)c3nc2-c2cccc(OCCCCCCCC)c2)c1.CCCCCCc1ccc(C2(c3ccc(CCCCCC)cc3)c3cc4c(cc3-c3sc5cc(/C=C6\C(=O)c7ccccc7C6=C(C#N)C#N)sc5c32)C(c2ccc(CCCCCC)cc2)(c2ccc(CCCCCC)cc2)c2c-4sc3cc(/C=C4\C(=O)c5ccccc5C4=C(C#N)C#N)sc23)cc1
11.586252,CCCCCCCCCC(CCCCCC)n1nc2c(-c3ccc(C)s3)c(F)c(F)c(-c3ccc(-c4cc5c(-c6cc(F)c(C(CC)CCCCCC)s6)c6sc(C)cc6c(-c6cc(F)c(C(CC)CCCCCC)s6)c5s4)s3)c2n1.CCCCCCc1ccc(C2(c3ccc(CCCCCC)cc3)c3cc4c(cc3-c3sc5cc(/C=C6\C(=O)c7ccc(C)cc7C6=C(C#N)C#N)sc5c32)C(c2ccc(CCCCCC)cc2)(c2ccc(CCCCCC)cc2)c2c-4sc3cc(/C=C4\C(=O)c5ccc(C)cc5C4=C(C#N)C#N)sc23)cc1
12.266656,CCCCCCCCCC(CCCCCC)n1nc2c(-c3ccc(C)s3)c(F)c(F)c(-c3ccc(-c4cc5c(-c6cc(F)c(C(CC)CCCCCC)s6)c6sc(C)cc6c(-c6cc(F)c(C(CC)CCCCCC)s6)c5s4)s3)c2n1.CCCCCCc1ccc(C2(c3ccc(CCCCCC)cc3)c3cc4c(cc3-c3sc5cc(/C=C6\C(=O)c7cc(F)c(F)cc7C6=C(C#N)C#N)sc5c32)C(c2ccc(CCCCCC)cc2)(c2ccc(CCCCCC)cc2)c2c-4sc3cc(/C=C4\C(=O)c5cc(F)c(F)cc5C4=C(C#N)C#N)sc23)cc1
8.5347805,CCCCC(CC)Cc1ccc(-c2c3cc(-c4ccc(-c5sc(-c6ccc(C)s6)c6c5C(=O)c5c(CC(CC)CCCC)sc(CC(CC)CCCC)c5C6=O)s4)sc3c(-c3ccc(CC(CC)CCCC)s3)c3cc(C)sc23)s1.CCCCCCc1ccc(C2(c3ccc(CCCCCC)cc3)c3cc4c(cc3-c3sc5cc(/C=C6\C(=O)c7ccccc7C6=C(C#N)C#N)sc5c32)C(c2ccc(CCCCCC)cc2)(c2ccc(CCCCCC)cc2)c2c-4sc3cc(/C=C4\C(=O)c5ccccc5C4=C(C#N)C#N)sc23)cc1
7.2401285,CCCCC(CC)COC(=O)c1sc2c(-c3cc4c(OCC(CC)CCCC)c5sc(C)cc5c(OCC(CC)CCCC)c4s3)sc(C)c2c1F.CCCCCCCCOc1ccc2c(c1)-c1cc(OCCCCCCCC)ccc1C21c2cc(-c3ccc(/C=c4\sc(=C(C#N)C#N)n(CC)c4=O)c4nsnc34)ccc2-c2ccc(-c3ccc(/C=c4\sc(=C(C#N)C#N)n(CC)c4=O)c4nsnc34)cc21
9.8049135,CCCCC(CC)COC(=O)c1sc2c(-c3cc4c(-c5ccc(CC(CC)CCCC)s5)c5sc(C)cc5c(-c5ccc(CC(CC)CCCC)s5)c4s3)sc(C)c2c1F.CCCCCCCCOc1ccc2c(c1)-c1cc(OCCCCCCCC)ccc1C21c2cc(-c3ccc(/C=c4\sc(=C(C#N)C#N)n(CC)c4=O)c4nsnc34)ccc2-c2ccc(-c3ccc(/C=c4\sc(=C(C#N)C#N)n(CC)c4=O)c4nsnc34)cc21
5.425458,CCCCC(CC)COC(=O)c1cc2c(C)sc(-c3cc4c(-c5ccc(CC(CC)CCCC)s5)c5sc(C)cc5c(-c5ccc(CC(CC)CCCC)s5)c4s3)c2s1.CCCCCCc1ccc(C2(c3ccc(CCCCCC)cc3)c3cc4c(cc3-c3sc(-c5sc(/C=C6\C(=O)c7ccccc7C6=C(C#N)C#N)cc5CC(CC)CCCC)cc32)C(c2ccc(CCCCCC)cc2)(c2ccc(CCCCCC)cc2)c2cc(-c3sc(/C=C5\C(=O)c6ccccc6C5=C(C#N)C#N)cc3CC(CC)CCCC)sc2-4)cc1
7.202902,CCCCCCOC(=O)c1sc2c(-c3cc4c(-c5ccc(CC(CC)CCCC)s5)c5sc(C)cc5c(-c5ccc(CC(CC)CCCC)s5)c4s3)sc(C)c2c1F.CCCCCCc1ccc(C2(c3ccc(CCCCCC)cc3)c3cc4c(cc3-c3sc(-c5sc(/C=C6\C(=O)c7ccccc7C6=C(C#N)C#N)cc5OCC(CC)CCCC)cc32)C(c2ccc(CCCCCC)cc2)(c2ccc(CCCCCC)cc2)c2cc(-c3sc(/C=C5\C(=O)c6ccccc6C5=C(C#N)C#N)cc3OCC(CC)CCCC)sc2-4)cc1
6.0833864,CCCCCCc1cc(-c2sc(-c3sc(-c4sc(C)cc4CCCCCC)cc3CCCCCC)cc2CCCCCC)sc1C.CCCCCCCCN1C(=O)c2cc(-c3ccc(/C=C(\C#N)C(=O)OCCOC)s3)c3c4c(cc(-c5ccc(/C=C(/C#N)C(=O)OCCOC)s5)c(c24)C1=O)C(=O)N(C(C)CCCCCCC)C3=O
7.0637994,CCCCCCc1cc(-c2sc(-c3sc(-c4sc(C)cc4CCCCCC)cc3CCCCCC)cc2CCCCCC)sc1C.CCCCCCCCN1C(=O)C(=Cc2ccc(-c3cc4c5c(c(-c6ccc(C=C7C(=O)N(CCCCCCCC)C(=O)C(C#N)=C7C)s6)cc6c5c3C(=O)N(CCCCCCCC)C6=O)C(=O)N(CCCCCCCC)C4=O)s2)C(C)=C(C#N)C1=O
8.710765,CCCCC(CC)Cc1ccc(-c2c3cc(-c4ccc(-c5sc(-c6ccc(C)s6)c6c5C(=O)c5c(CC(CC)CCCC)sc(CC(CC)CCCC)c5C6=O)s4)sc3c(-c3ccc(CC(CC)CCCC)s3)c3cc(C)sc23)s1.CCCCCCc1ccc(C2(c3ccc(CCCCCC)cc3)c3cc4c(cc3-c3sc(-c5cc(CCCCCC)c(C=C6C(=O)c7ccccc7C6=C(C#N)C#N)cc5CCCCCC)cc32)C(c2ccc(CCCCCC)cc2)(c2ccc(CCCCCC)cc2)c2cc(-c3cc(CCCCCC)c(C=C5C(=O)c6ccccc6C5=C(C#N)C#N)cc3CCCCCC)sc2-4)cc1
9.05178,CCCCCCc1cc(-c2sc(-c3sc(-c4sc(C)cc4CCCCCC)cc3CCCCCC)cc2CCCCCC)sc1C.CCCCCCCCOC(=O)c1cc2c(-c3cc4c(s3)-c3cc5c(cc3C4(c3ccc(CCCCCC)cc3)c3ccc(CCCCCC)cc3)-c3sc(-c4sc(C=C6SC(=S)N(CC)C6=O)c6sc(C(=O)OCCCCCCCC)cc46)cc3C5(c3ccc(CCCCCC)cc3)c3ccc(CCCCCC)cc3)sc(C=C3SC(=S)N(CC)C3=O)c2s1
9.127107,CCCCCCCCN1C(=O)c2c(C)sc(-c3cc4c(-c5ccc(CC(CC)CCCC)s5)c5sc(C)cc5c(-c5ccc(CC(CC)CCCC)s5)c4s3)c2C1=O.CCCCCCc1ccc(C2(c3ccc(CCCCCC)cc3)c3cc4c(cc3-c3sc5cc(C=C6C(=O)c7cc(I)ccc7C6=C(C#N)C#N)sc5c32)C(c2ccc(CCCCCC)cc2)(c2ccc(CCCCCC)cc2)c2c-4sc3cc(C=C4C(=O)c5cc(I)ccc5C4=C(C#N)C#N)sc23)cc1
9.7823715,CCCCC(CC)Cc1ccc(-c2c3cc(-c4ccc(-c5sc(-c6ccc(C)s6)c6c5C(=O)c5c(CC(CC)CCCC)sc(CC(CC)CCCC)c5C6=O)s4)sc3c(-c3ccc(CC(CC)CCCC)s3)c3cc(C)sc23)s1.CCCCCCc1ccc(C2(c3ccc(CCCCCC)cc3)c3cc(/C=C4\C(=O)c5ccccc5C4=C(C#N)C#N)sc3-c3sc4cc5c6c(sc5cc4c32)-c2sc(/C=C3\C(=O)c4ccccc4C3=C(C#N)C#N)cc2C6(c2ccc(CCCCCC)cc2)c2ccc(CCCCCC)cc2)cc1
9.381657,CCCCCCCCC(CCCCCC)Cn1nc2c(-c3ccc(C)s3)c(F)c(F)c(-c3ccc(-c4cc5c(-c6ccc([Si](CCC)(CCC)CCC)s6)c6sc(C)cc6c(-c6ccc([Si](CCC)(CCC)CCC)s6)c5s4)s3)c2n1.CCCCCCC(CCCC)CSC1(SCC(CCCC)CCCCCC)C2=C(c3cc4c(cc31)-c1sc(/C=C3\C(=O)c5cc(F)c(F)cc5C3=C(C#N)C#N)cc1C4)C(SCC(CCCC)CCCCCC)(SCC(CCCC)CCCCCC)c1cc3c(cc12)Cc1cc(/C=C2\C(=O)c4cc(F)c(F)cc4C2=C(C#N)C#N)sc1-3
8.088713,CCCCC(CC)Cc1ccc(-c2c3cc(-c4ccc(-c5sc(-c6ccc(C)s6)c6c5C(=O)c5c(CC(CC)CCCC)sc(CC(CC)CCCC)c5C6=O)s4)sc3c(-c3ccc(CC(CC)CCCC)s3)c3cc(C)sc23)s1.CCCCCCCCCC(CCCCCCC)n1c2cc3c(cc2c2cc4c(cc21)-c1sc(/C=C2\C(=O)c5ccccc5C2=C(C#N)C#N)cc1C4(c1ccc(CCCCCCCC)cc1)c1ccc(CCCCCCCC)cc1)C(c1ccc(CCCCCCCC)cc1)(c1ccc(CCCCCCCC)cc1)c1cc(/C=C2\C(=O)c4ccccc4C2=C(C#N)C#N)sc1-3
8.413007,CCCCCCC(CCCC)CSc1c2cc(-c3ccc(-c4c(F)c(F)c(-c5ccc(C)s5)c5nn(SCC(CCCC)CCCCCC)nc45)s3)sc2c(SCC(CCCC)CCCCCC)c2cc(C)sc12.CCCCCCc1ccc(C2(c3ccc(CCCCCC)cc3)c3cc4c(cc3-c3sc5c(sc6cc(/C=C7\C(=O)c8ccccc8C7=C(C#N)C#N)sc65)c32)C(c2ccc(CCCCCC)cc2)(c2ccc(CCCCCC)cc2)c2c-4sc3c2sc2cc(/C=C4\C(=O)c5ccccc5C4=C(C#N)C#N)sc23)cc1
9.810842,CCCCCCC(CCCC)CSc1c2cc(-c3ccc(-c4c(F)c(F)c(-c5ccc(C)s5)c5nn(SCC(CCCC)CCCCCC)nc45)s3)sc2c(SCC(CCCC)CCCCCC)c2cc(C)sc12.CCCCCCc1ccc(C2(c3ccc(CCCCCC)cc3)c3cc4c(cc3-c3sc5c(sc6cc(/C=C7\C(=O)c8ccc(F)cc8C7=C(C#N)C#N)sc65)c32)C(c2ccc(CCCCCC)cc2)(c2ccc(CCCCCC)cc2)c2c-4sc3c2sc2cc(/C=C4\C(=O)c5ccc(F)cc5C4=C(C#N)C#N)sc23)cc1
11.205619,CCCCC(CC)Cc1ccc(-c2c3cc(-c4ccc(-c5sc(-c6ccc(C)s6)c6c5C(=O)c5c(CC(CC)CCCC)sc(CC(CC)CCCC)c5C6=O)s4)sc3c(-c3ccc(CC(CC)CCCC)s3)c3cc(C)sc23)s1.CCCCCCc1ccc(C2(c3ccc(CCCCCC)cc3)c3c(sc4cc(/C=C5\C(=O)c6cc(Cl)c(Cl)cc6C5=C(C#N)C#N)sc34)-c3sc4c5c(sc4c32)-c2sc3cc(/C=C4\C(=O)c6cc(Cl)c(Cl)cc6C4=C(C#N)C#N)sc3c2C5(c2ccc(CCCCCC)cc2)c2ccc(CCCCCC)cc2)cc1
9.131234,CCCCC(CC)Cc1ccc(-c2c3cc(-c4ccc(-c5sc(-c6ccc(C)s6)c6c5C(=O)c5c(CC(CC)CCCC)sc(CC(CC)CCCC)c5C6=O)s4)sc3c(-c3ccc(CC(CC)CCCC)s3)c3cc(C)sc23)s1.CCCCCCc1ccc(C2(c3ccc(CCCCCC)cc3)c3cc4c(cc3-c3sc5cc(C=C6C(=O)c7ccc(OC)cc7C6=C(C#N)C#N)sc5c32)C(c2ccc(CCCCCC)cc2)(c2ccc(CCCCCC)cc2)c2c-4sc3cc(C=C4C(=O)c5ccc(OC)cc5C4=C(C#N)C#N)sc23)cc1
8.959744,CCCCC(CC)Cc1ccc(-c2c3cc(-c4ccc(-c5sc(-c6ccc(C)s6)c6c5C(=O)c5c(CC(CC)CCCC)sc(CC(CC)CCCC)c5C6=O)s4)sc3c(-c3ccc(CC(CC)CCCC)s3)c3cc(C)sc23)s1.CCCCCCc1ccc(C2(c3ccc(CCCCCC)cc3)c3cc4c(cc3-c3sc5cc(C=C6C(=O)c7cc(OC)ccc7C6=C(C#N)C#N)sc5c32)C(c2ccc(CCCCCC)cc2)(c2ccc(CCCCCC)cc2)c2c-4sc3cc(C=C4C(=O)c5cc(OC)ccc5C4=C(C#N)C#N)sc23)cc1
9.206879,CCCCC(CC)CC(=O)c1cc2c(C)sc(-c3cc4c(-c5ccc(CC(CC)CCCC)s5)c5sc(C)cc5c(-c5ccc(CC(CC)CCCC)s5)c4s3)c2s1.CCCCCCc1ccc(C2(c3ccc(CCCCCC)cc3)c3cc4c(cc3-c3sc5cc(-c6ccc(C=C(C#N)C#N)c7nsnc67)sc5c32)C(c2ccc(CCCCCC)cc2)(c2ccc(CCCCCC)cc2)c2c-4sc3cc(-c4ccc(C=C(C#N)C#N)c5nsnc45)sc23)cc1
3.4814517,CCCCC(CC)COC(=O)c1sc2c(-c3cc4c(-c5ccc(CC(CC)CCCC)s5)c5sc(C)cc5c(-c5ccc(CC(CC)CCCC)s5)c4s3)sc(C)c2c1F.CCCCCCc1ccc(C2(c3ccc(CCCCCC)cc3)c3cc4c(cc3-c3sc(/C=C5\C(=O)c6ccccc6C5=C(C#N)C#N)cc32)C(c2ccc(CCCCCC)cc2)(c2ccc(CCCCCC)cc2)c2cc(/C=C3\C(=O)c5ccccc5C3=C(C#N)C#N)sc2-4)cc1
7.664979,CCCCC(CC)Cc1ccc(-c2c3cc(-c4ccc(-c5sc(-c6ccc(C)s6)c6c5C(=O)c5c(CC(CC)CCCC)sc(CC(CC)CCCC)c5C6=O)s4)sc3c(-c3ccc(CC(CC)CCCC)s3)c3cc(C)sc23)s1.CCCCCCc1ccc(C2(c3ccc(CCCCCC)cc3)c3cc4c(cc3-c3sc(/C=C5\C(=O)c6cc7ccccc7cc6C5=C(C#N)C#N)cc32)C(c2ccc(CCCCCC)cc2)(c2ccc(CCCCCC)cc2)c2cc(/C=C3\C(=O)c5cc6ccccc6cc5C3=C(C#N)C#N)sc2-4)cc1
9.777432,CCCCC(CC)Cc1sc(-c2c3cc(-c4ccc(-c5sc(-c6ccc(C)s6)c6c5C(=O)c5c(CC(CC)CCCC)sc(CC(CC)CCCC)c5C6=O)s4)sc3c(-c3cc(F)c(CC(CC)CCCC)s3)c3cc(C)sc23)cc1F.CCCCCCc1ccc(C2(c3ccc(CCCCCC)cc3)c3cc4c(cc3-c3sc(/C=C5\C(=O)c6ccc(C)cc6C5=C(C#N)C#N)cc32)C(c2ccc(CCCCCC)cc2)(c2ccc(CCCCCC)cc2)c2cc(/C=C3\C(=O)c5ccc(C)cc5C3=C(C#N)C#N)sc2-4)cc1
9.4473295,CCCCC(CC)Cc1ccc(-c2c3cc(-c4ccc(-c5sc(-c6ccc(C)s6)c6c5C(=O)c5c(CC(CC)CCCC)sc(CC(CC)CCCC)c5C6=O)s4)sc3c(-c3ccc(CC(CC)CCCC)s3)c3cc(C)sc23)s1.CCCCCCCCC1(CCCCCCCC)c2cc3c(cc2-c2cc4c(cc21)-c1sc(/C=C2\C(=O)c5ccccc5C2=C(C#N)C#N)cc1C4(CCCCCCCC)CCCCCCCC)C(CCCCCCCC)(CCCCCCCC)c1cc(/C=C2\C(=O)c4ccccc4C2=C(C#N)C#N)sc1-3
9.662744,CCCCC(CC)COC(=O)c1sc2c(-c3cc4c(-c5ccc(CC(CC)CCCC)s5)c5sc(C)cc5c(-c5ccc(CC(CC)CCCC)s5)c4s3)sc(C)c2c1F.CCCCCCCCOc1ccc(C2(c3ccc(OCCCCCCCC)cc3)c3cc4c5cc6c(cc5n(CCCCCCCC)c4cc3-c3sc(/C=C4\C(=O)c5cc(F)c(F)cc5C4=C(C#N)C#N)cc32)-c2sc(/C=C3\C(=O)c4cc(F)c(F)cc4C3=C(C#N)C#N)cc2C6(c2ccc(OCCCCCCCC)cc2)c2ccc(OCCCCCCCC)cc2)cc1
5.1848683,CCCCCCCCCCCCSOc1c2cc(-c3ccc(-c4ccc(-c5ccc(C)s5)c5nsnc45)s3)sc2c(OSCCCCCCCCCCCC)c2cc(C)sc12.CCCCCCCCCCCCCCCCCn1c2cc(-c3sc(-c4sc(/C=C5\C(=O)c6ccccc6C5=C(C#N)C#N)cc4CCCCCC)cc3CCCCCC)sc2c2sc(-c3sc(-c4sc(/C=C5\C(=O)c6ccccc6C5=C(C#N)C#N)cc4CCCCCC)cc3CCCCCC)cc21
5.496955,CCCCC(CC)COC(=O)c1sc2c(-c3cc4c(-c5ccc(CC(CC)CCCC)s5)c5sc(C)cc5c(-c5ccc(CC(CC)CCCC)s5)c4s3)sc(C)c2c1F.CCCCCCC1(CCCCCC)c2cc3c(cc2-c2sc(-c4ccc(/C=C5\SC(=S)N(CC)C5=O)c5nsnc45)cc21)C(CCCCCC)(CCCCCC)c1cc(-c2ccc(/C=C4\SC(=S)N(CC)C4=O)c4nsnc24)sc1-3
8.247689,CCCCC(CC)COC(=O)c1sc2c(-c3cc4c(-c5ccc(CC(CC)CCCC)s5)c5sc(C)cc5c(-c5ccc(CC(CC)CCCC)s5)c4s3)sc(C)c2c1F.CCCCCCc1ccc(C2(c3ccc(CCCCCC)cc3)c3cc4c(cc3-c3sc(-c5sc(/C=C6\C(=O)c7cc(F)ccc7C6=C(C#N)C#N)c6c(F)c(C(=O)OCC(CC)CCCC)sc56)cc32)C(c2ccc(CCCCCC)cc2)(c2ccc(CCCCCC)cc2)c2cc(-c3sc(/C=C5\C(=O)c6cc(F)ccc6C5=C(C#N)C#N)c5c(F)c(C(=O)OCC(CC)CCCC)sc35)sc2-4)cc1
9.145938,CCCCC(CC)COC(=O)c1sc2c(-c3cc4c(-c5ccc(CC(CC)CCCC)s5)c5sc(C)cc5c(-c5ccc(CC(CC)CCCC)s5)c4s3)sc(C)c2c1F.CCCCCCc1ccc(C2(c3ccc(CCCCCC)cc3)c3cc4c(cc3-c3sc(-c5sc(/C=C6\C(=O)c7cc(F)c(F)cc7C6=C(C#N)C#N)c6c(F)c(C(=O)OCC(CC)CCCC)sc56)cc32)C(c2ccc(CCCCCC)cc2)(c2ccc(CCCCCC)cc2)c2cc(-c3sc(/C=C5\C(=O)c6cc(F)c(F)cc6C5=C(C#N)C#N)c5c(F)c(C(=O)OCC(CC)CCCC)sc35)sc2-4)cc1
8.683202,CCCCCCCCc1ccc(-c2c3sc4cc(-c5ccc(-c6sc(-c7ccc(C)s7)c7c6C(=O)c6c(CC(CC)CCCC)sc(CC(CC)CCCC)c6C7=O)s5)sc4c3c(-c3ccc(CCCCCCCC)s3)c3sc4cc(C)sc4c23)s1.CCCCCCC1(CCCCCC)c2cc3c(cc2-c2sc(/C=C4\C(=O)c5ccccc5C4=C(C#N)C#N)cc21)C(CCCCCC)(CCCCCC)c1cc(/C=C2\C(=O)c4ccccc4C2=C(C#N)C#N)sc1-3
8.731518,CCCCCCCCC(CCCCCC)CN1C(=O)c2c(-c3cc4sc(C)c(CCCCCC)c4s3)sc(-c3cc4sc(-c5cc6c(-c7cc(OC)c(CC(CC)CCCC)s7)c7sc(C)cc7c(-c7cc(OC)c(CC(CC)CCCC)s7)c6s5)c(CCCCCC)c4s3)c2C1=O.CCCCCCc1ccc(C2(c3ccc(CCCCCC)cc3)c3cc4c(cc3-c3sc5cc(/C=C6\C(=O)c7ccccc7C6=C(C#N)C#N)sc5c32)C(c2ccc(CCCCCC)cc2)(c2ccc(CCCCCC)cc2)c2c-4sc3cc(/C=C4\C(=O)c5ccccc5C4=C(C#N)C#N)sc23)cc1
10.302916,CCCCCCCCCCC(CCCCCC)N1C(=O)c2c(-c3cc4sc(C)c(CCCCCC)c4s3)sc(-c3cc4sc(-c5cc6c(-c7ccc(C(CC)CCCCCC)s7)c7sc(C)cc7c(-c7ccc(C(CC)CCCCCC)s7)c6s5)c(CCCCCC)c4s3)c2C1=O.CCCCCCC1(CCCCCC)c2cc3c(cc2-c2sc(/C=C4\C(=O)c5ccccc5C4=C(C#N)C#N)cc21)C(CCCCCC)(CCCCCC)c1cc(/C=C2\C(=O)c4ccccc4C2=C(C#N)C#N)sc1-3
4.8852,CCCCCCc1cc(-c2sc(-c3sc(-c4sc(C)cc4CCCCCC)cc3CCCCCC)cc2CCCCCC)sc1C.CCCCCCCCn1nc2c(C=C3SC(=O)N(CC)C3=O)ccc(-c3cc4c(s3)-c3cc5c(cc3C4(c3ccc(CCCCCC)cc3)c3ccc(CCCCCC)cc3)-c3sc(-c4ccc(C=C6SC(=O)N(CC)C6=O)c6nn(CCCCCCCC)nc46)cc3C5(c3ccc(CCCCCC)cc3)c3ccc(CCCCCC)cc3)c2n1
8.557238,CCCCCCCCCCCCC(CCCCCCCCCC)Cc1cc(-c2c(F)c(F)c(-c3cc(CC(CCCCCCCCCC)CCCCCCCCCCCC)c(-c4cc(F)c(-c5sc(C)cc5F)s4)s3)c3nn(CCC)nc23)sc1C.CCCCCCc1ccc(C2(c3ccc(CCCCCC)cc3)c3cc4c(cc3-c3sc(-c5sc(/C=C6\C(=O)c7ccccc7C6=C(C#N)C#N)cc5CC(CC)CCCC)cc32)C(c2ccc(CCCCCC)cc2)(c2ccc(CCCCCC)cc2)c2cc(-c3sc(/C=C5\C(=O)c6ccccc6C5=C(C#N)C#N)cc3CC(CC)CCCC)sc2-4)cc1
5.977103,CCCCC(CC)COC(=O)c1sc2c(-c3cc4c(-c5ccc(CC(CC)CCCC)s5)c5sc(C)cc5c(-c5ccc(CC(CC)CCCC)s5)c4s3)sc(C)c2c1F.CCCCCCc1ccc(C2(c3ccc(CCCCCC)cc3)c3cc4c(cc3-c3sc(-c5sc(/C=C6\C(=O)c7ccccc7C6=C(C#N)C#N)cc5CCCCCC)cc32)C(c2ccc(CCCCCC)cc2)(c2ccc(CCCCCC)cc2)c2cc(-c3sc(/C=C5\C(=O)c6ccccc6C5=C(C#N)C#N)cc3CCCCCC)sc2-4)cc1
9.039509,CCCCC(CC)Cc1ccc(-c2c3cc(-c4ccc(-c5sc(-c6ccc(C)s6)c6c5C(=O)c5c(CC(CC)CCCC)sc(CC(CC)CCCC)c5C6=O)s4)sc3c(-c3ccc(CC(CC)CCCC)s3)c3cc(C)sc23)s1.CCCCCCc1ccc(C2(c3ccc(CCCCCC)cc3)c3cc4c(cc3-c3sc5cc(/C=C6\C(=O)c7cc(C)c(C)cc7C6=C(C#N)C#N)sc5c32)C(c2ccc(CCCCCC)cc2)(c2ccc(CCCCCC)cc2)c2c-4sc3cc(/C=C4\C(=O)c5cc(C)c(C)cc5C4=C(C#N)C#N)sc23)cc1
9.470657,CCCCCCCCc1ccc(-c2c3sc4cc(-c5ccc(-c6sc(-c7ccc(C)s7)c7c6C(=O)c6c(CC(CC)CCCC)sc(CC(CC)CCCC)c6C7=O)s5)sc4c3c(-c3ccc(CCCCCCCC)s3)c3sc4cc(C)sc4c23)s1.CCCCCCc1ccc(C2(c3ccc(CCCCCC)s3)c3cc4c(cc3-c3sc5cc(/C=C6\C(=O)c7ccccc7C6=C(C#N)C#N)sc5c32)C(c2ccc(CCCCCC)s2)(c2ccc(CCCCCC)s2)c2c-4sc3cc(/C=C4\C(=O)c5ccccc5C4=C(C#N)C#N)sc23)s1
8.690119,CCCCCCCCN1C(=O)c2c(c(-c3ccc(-c4cc5c(-c6cc(F)c(CC(CC)CCCC)c(F)c6)c6sc(C)cc6c(-c6cc(F)c(CC(CC)CCCC)c(F)c6)c5s4)s3)c3nn(CCC(CC)CCCC)nc3c2-c2ccc(C)s2)C1=O.CCCCCCc1ccc(C2(c3ccc(CCCCCC)cc3)c3cc4c(cc3-c3sc5cc(/C=C6\C(=O)c7ccccc7C6=C(C#N)C#N)sc5c32)C(c2ccc(CCCCCC)cc2)(c2ccc(CCCCCC)cc2)c2c-4sc3cc(/C=C4\C(=O)c5ccccc5C4=C(C#N)C#N)sc23)cc1
8.5347805,CCCCC(CC)Cc1ccc(-c2c3cc(-c4ccc(-c5sc(-c6ccc(C)s6)c6c5C(=O)c5c(CC(CC)CCCC)sc(CC(CC)CCCC)c5C6=O)s4)sc3c(-c3ccc(CC(CC)CCCC)s3)c3cc(C)sc23)s1.CCCCCCc1ccc(C2(c3ccc(CCCCCC)cc3)c3cc4c(cc3-c3sc5cc(/C=C6\C(=O)c7ccccc7C6=C(C#N)C#N)sc5c32)C(c2ccc(CCCCCC)cc2)(c2ccc(CCCCCC)cc2)c2c-4sc3cc(/C=C4\C(=O)c5ccccc5C4=C(C#N)C#N)sc23)cc1
8.4691925,CCCCCCC(CCCC)CSc1c2cc(-c3ccc(-c4c(F)c(F)c(-c5ccc(C)s5)c5nn(SCC(CCCC)CCCCCC)nc45)s3)sc2c(SCC(CCCC)CCCCCC)c2cc(C)sc12.CCCCCCc1ccc(C2(c3ccc(CCCCCC)cc3)c3cc(/C=C4\C(=O)c5ccccc5C4=C(C#N)C#N)sc3-c3sc4cc5c6c(sc5cc4c32)-c2sc(/C=C3\C(=O)c4ccccc4C3=C(C#N)C#N)cc2C6(c2ccc(CCCCCC)cc2)c2ccc(CCCCCC)cc2)cc1
8.880942,CCCCCCC(CCCC)CSc1c2cc(-c3ccc(-c4c(F)c(F)c(-c5ccc(C)s5)c5nn(SCC(CCCC)CCCCCC)nc45)s3)sc2c(SCC(CCCC)CCCCCC)c2cc(C)sc12.CCCCCCc1ccc(C2(c3ccc(CCCCCC)cc3)c3cc(/C=C4\C(=O)c5ccccc5C4=C(C#N)C#N)sc3-c3sc4c(-c5ccc(CC(CC)CCCC)s5)c5c6c(sc5c(-c5ccc(CCCCC(C)CC)s5)c4c32)-c2sc(/C=C3\C(=O)c4ccccc4C3=C(C#N)C#N)cc2C6(c2ccc(CCCCCC)cc2)c2ccc(CCCCCC)cc2)cc1
9.89434,CCCCC(CC)Cc1ccc(-c2c3cc(-c4ccc(-c5sc(-c6ccc(C)s6)c6c5C(=O)c5c(CC(CC)CCCC)sc(CC(CC)CCCC)c5C6=O)s4)sc3c(-c3ccc(CC(CC)CCCC)s3)c3cc(C)sc23)s1.CCCCCCc1ccc(C2(c3ccc(CCCCCC)cc3)c3cc(/C=C4\C(=O)c5ccccc5C4=C(C#N)C#N)sc3-c3c2ccc2c4c(ccc32)C(c2ccc(CCCCCC)cc2)(c2ccc(CCCCCC)cc2)c2cc(/C=C3\C(=O)c5ccccc5C3=C(C#N)C#N)sc2-4)cc1
9.980887,CCCCC(CC)Cc1ccc(-c2c3cc(-c4ccc(-c5sc(-c6ccc(C)s6)c6c5C(=O)c5c(CC(CC)CCCC)sc(CC(CC)CCCC)c5C6=O)s4)sc3c(-c3ccc(CC(CC)CCCC)s3)c3cc(C)sc23)s1.CCCCCCc1ccc(C2(c3ccc(CCCCCC)cc3)c3cc(/C=C4\C(=O)c5ccc(OC)cc5C4=C(C#N)C#N)sc3-c3c2ccc2c4c(ccc32)C(c2ccc(CCCCCC)cc2)(c2ccc(CCCCCC)cc2)c2cc(/C=C3\C(=O)c5ccc(OC)cc5C3=C(C#N)C#N)sc2-4)cc1
8.449586,CCCCC(CC)Cc1ccc(-c2c3cc(-c4ccc(-c5sc(-c6ccc(C)s6)c6c5C(=O)c5c(CC(CC)CCCC)sc(CC(CC)CCCC)c5C6=O)s4)sc3c(-c3ccc(CC(CC)CCCC)s3)c3cc(C)sc23)s1.CCCCCCc1ccc(C2(c3ccc(CCCCCC)cc3)c3cc(C=C4C(=O)c5cc(F)ccc5C4=C(C#N)C#N)sc3-c3c2ccc2c4c(ccc32)C(c2ccc(CCCCCC)cc2)(c2ccc(CCCCCC)cc2)c2cc(C=C3C(=O)c5cc(F)ccc5C3=C(C#N)C#N)sc2-4)cc1
9.05371,CCCCCCCCC(CCCCCC)Cn1nc2c(-c3ccc(C)s3)c(F)c(F)c(-c3ccc(-c4cc5c(-c6ccc([Si](CCC)(CCC)CCC)s6)c6sc(C)cc6c(-c6ccc([Si](CCC)(CCC)CCC)s6)c5s4)s3)c2n1.CCCCCCc1ccc(C2(c3ccc(CCCCCC)cc3)c3cc(/C=C4\C(=O)c5ccccc5C4=C(C#N)C#N)sc3-c3sc4cc5c6c(sc5cc4c32)-c2sc(/C=C3\C(=O)c4ccccc4C3=C(C#N)C#N)cc2C6(c2ccc(CCCCCC)cc2)c2ccc(CCCCCC)cc2)cc1
13.371741,CCCCC(CC)Cc1sc(-c2c3cc(-c4ccc(-c5sc(-c6ccc(C)s6)c6c5C(=O)c5c(CC(CC)CCCC)sc(CC(CC)CCCC)c5C6=O)s4)sc3c(-c3cc(F)c(CC(CC)CCCC)s3)c3cc(C)sc23)cc1F.CCCCCCc1ccc(C2(c3ccc(CCCCCC)cc3)c3cc4c(cc3-c3sc5cc(/C=C6\C(=O)c7cc(F)c(F)cc7C6=C(C#N)C#N)sc5c32)C(c2ccc(CCCCCC)cc2)(c2ccc(CCCCCC)cc2)c2c-4sc3cc(/C=C4\C(=O)c5cc(F)c(F)cc5C4=C(C#N)C#N)sc23)cc1
10.970663,CCCCCCCCCCCCSOc1c2cc(-c3ccc(-c4ccc(-c5ccc(C)s5)c5nsnc45)s3)sc2c(OSCCCCCCCCCCCC)c2cc(C)sc12.CCCCCCc1ccc(C2(c3ccc(CCCCCC)cc3)c3cc4c(cc3-c3sc5cc(/C=C6\C(=O)c7cc(F)c(F)cc7C6=C(C#N)C#N)sc5c32)C(c2ccc(CCCCCC)cc2)(c2ccc(CCCCCC)cc2)c2c-4sc3cc(/C=C4\C(=O)c5cc(F)c(F)cc5C4=C(C#N)C#N)sc23)cc1
11.071153,CCCCC(CC)CSc1sc(-c2c3cc(-c4cc(C(=O)OCCC(C)CCCC(C)C)c(-c5ccc(-c6sc(C)cc6C(=O)OCCC(C)CCCC(C)C)s5)s4)sc3c(-c3cc(F)c(SCC(CC)CCCC)s3)c3cc(C)sc23)cc1F.CCCCCCc1ccc(C2(c3ccc(CCCCCC)cc3)c3cc4c(cc3-c3sc5cc(/C=C6\C(=O)c7cc(F)c(F)cc7C6=C(C#N)C#N)sc5c32)C(c2ccc(CCCCCC)cc2)(c2ccc(CCCCCC)cc2)c2c-4sc3cc(/C=C4\C(=O)c5cc(F)c(F)cc5C4=C(C#N)C#N)sc23)cc1
8.829087,CCCCC(CC)Cc1sc(-c2c3cc(-c4ccc(-c5sc(-c6ccc(C)s6)c6c5C(=O)c5c(CC(CC)CCCC)sc(CC(CC)CCCC)c5C6=O)s4)sc3c(-c3cc(F)c(CC(CC)CCCC)s3)c3cc(C)sc23)cc1F.CCCCCCCCCCCc1c(/C=C2\C(=O)c3cc(F)c(F)cc3C2=C(C#N)C#N)sc2c1sc1c3c4nsnc4c4c5sc6c(CCCCCCCCCCC)c(/C=C7\C(=O)c8cc(F)c(F)cc8C7=C(C#N)C#N)sc6c5n(CC(CC)CCCC)c4c3n(CC(CC)CCCC)c21
12.035883,CCCCCCCCC(CCCCCC)Cn1nc2c(-c3ccc(C)s3)c(F)c(F)c(-c3ccc(-c4cc5c(-c6ccc([Si](CCC)(CCC)CCC)s6)c6sc(C)cc6c(-c6ccc([Si](CCC)(CCC)CCC)s6)c5s4)s3)c2n1.CCCCCCc1ccc(C2(c3ccc(CCCCCC)cc3)c3cc4c(cc3-c3sc5cc(/C=C6\C(=O)c7c(csc7C)C6=C(C#N)C#N)sc5c32)C(c2ccc(CCCCCC)cc2)(c2ccc(CCCCCC)cc2)c2c-4sc3cc(/C=C4\C(=O)c5c(csc5C)C4=C(C#N)C#N)sc23)cc1
8.123987,CCCCC(CC)Cc1ccc(-c2c3cc(-c4ccc(-c5sc(-c6ccc(C)s6)c6c5C(=O)c5c(CC(CC)CCCC)sc(CC(CC)CCCC)c5C6=O)s4)sc3c(-c3ccc(CC(CC)CCCC)s3)c3cc(C)sc23)s1.CCCCCCCCOC(=O)c1cc2c(/C=C3\C(=O)c4ccccc4C3=C(C#N)C#N)sc(-c3cc4c(s3)-c3cc5c(cc3C4(c3cccc(OCCCCCC)c3)c3cccc(OCCCCCC)c3)-c3sc(-c4sc(/C=C6\C(=O)c7ccccc7C6=C(C#N)C#N)c6cc(C(=O)OCCCCCCCC)sc46)cc3C5(c3cccc(OCCCCCC)c3)c3cccc(OCCCCCC)c3)c2s1
9.023751,CCCCCCCCC(CCCCCC)Cn1nc2c(-c3ccc(C)s3)c(F)c(F)c(-c3ccc(-c4cc5c(-c6ccc([Si](CCC)(CCC)CCC)s6)c6sc(C)cc6c(-c6ccc([Si](CCC)(CCC)CCC)s6)c5s4)s3)c2n1.CCCCCCCCn1nc2c(/C=C/c3ccc(C#N)cc3)ccc(-c3cc4c(s3)-c3cc5c(cc3C4(c3ccc(CCCCCC)cc3)c3ccc(CCCCCC)cc3)-c3sc(-c4ccc(/C=C/c6ccc(C#N)cc6)c6nn(CCCCCCCC)nc46)cc3C5(c3ccc(CCCCCC)cc3)c3ccc(CCCCCC)cc3)c2n1
9.361963,CCCCCCCCC(CCCCCC)Cn1nc2c(-c3ccc(C)s3)c(F)c(F)c(-c3ccc(-c4cc5c(-c6ccc([Si](CCC)(CCC)CCC)s6)c6sc(C)cc6c(-c6ccc([Si](CCC)(CCC)CCC)s6)c5s4)s3)c2n1.CCCCCCCCn1nc2c(/C=C/C3C(C#N)C(=C(C#N)C#N)OC3(C)C)ccc(-c3cc4c(s3)-c3cc5c(cc3C4(c3ccc(CCCCCC)cc3)c3ccc(CCCCCC)cc3)-c3sc(-c4ccc(/C=C/C6C(C#N)C(=C(C#N)C#N)OC6(C)C)c6nn(CCCCCCCC)nc46)cc3C5(c3ccc(CCCCCC)cc3)c3ccc(CCCCCC)cc3)c2n1
8.836254,CCCCCCCC[Si]1(CCCCCCCC)c2cc(-c3cc(F)c(C)c4nn(CCCCCC)nc34)sc2-c2sc(-c3cc(F)c(-c4cc5c(s4)-c4sc(C)cc4[Si]5(CCCCCCCC)CCCCCCCC)c4nn(CCCCCC)nc34)cc21.CCCCC(CC)Cn1c2cc(-c3ccc(/C=c4\sc(=C(C#N)C#N)n(CC)c4=O)c4nsnc34)ccc2c2cc3c(cc21)c1ccc(-c2ccc(/C=c4\sc(=C(C#N)C#N)n(CC)c4=O)c4nsnc24)cc1n3CC(CC)CCCC
8.782687,CCCCC(CC)Cc1ccc(-c2c3cc(-c4ccc(-c5sc(-c6ccc(C)s6)c6c5C(=O)c5c(CC(CC)CCCC)sc(CC(CC)CCCC)c5C6=O)s4)sc3c(-c3ccc(CC(CC)CCCC)s3)c3cc(C)sc23)s1.CCCCC(CC)CC1(CC(CC)CCCC)c2cc(/C=C3\C(=O)c4cc(F)c(F)cc4C3=C(C#N)C#N)sc2-c2sc(-c3sc(-c4cc5c(s4)-c4sc(/C=C6\C(=O)c7cc(F)c(F)cc7C6=C(C#N)C#N)cc4C5(CC(CC)CCCC)CC(CC)CCCC)c(F)c3F)cc21
10.345116,CCCCC(CC)CC1SC(CC(CC)CCCC)C2C(=O)c3c(C4CCC(c5cc6c(-c7ccc([Si](CCC)(CCC)CCC)s7)c7sc(C)cc7c(-c7ccc([Si](CCC)(CCC)CCC)s7)c6s5)S4)sc(-c4ccc(C)s4)c3C(=O)C12.CCCCCCc1ccc(C2(c3ccc(CCCCCC)cc3)c3cc4c(cc3-c3sc5cc(/C=C6\C(=O)c7cc(F)c(F)cc7C6=C(C#N)C#N)sc5c32)C(c2ccc(CCCCCC)cc2)(c2ccc(CCCCCC)cc2)c2c-4sc3cc(/C=C4\C(=O)c5cc(F)c(F)cc5C4=C(C#N)C#N)sc23)cc1
8.5347805,CCCCC(CC)Cc1ccc(-c2c3cc(-c4ccc(-c5sc(-c6ccc(C)s6)c6c5C(=O)c5c(CC(CC)CCCC)sc(CC(CC)CCCC)c5C6=O)s4)sc3c(-c3ccc(CC(CC)CCCC)s3)c3cc(C)oc23)s1.CCCCCCc1ccc(C2(c3ccc(CCCCCC)cc3)c3cc4c(cc3-c3sc5cc(/C=C6\C(=O)c7ccccc7C6=C(C#N)C#N)sc5c32)C(c2ccc(CCCCCC)cc2)(c2ccc(CCCCCC)cc2)c2c-4sc3cc(/C=C4\C(=O)c5ccccc5C4=C(C#N)C#N)sc23)cc1
10.203672,CCCCCCCCCCCCSSc1ccc(-c2c3cc(-c4ccc(-c5sc(-c6ccc(C)s6)c6c5C(=O)c5c(CC(CC)CCCC)sc(CC(CC)CCCC)c5C6=O)s4)sc3c(-c3ccc(SSCCCCCCCCCCCC)s3)c3cc(C)oc23)s1.CCCCCCc1ccc(C2(c3ccc(CCCCCC)cc3)c3cc4c(cc3-c3sc5cc(/C=C6\C(=O)c7ccccc7C6=C(C#N)C#N)sc5c32)C(c2ccc(CCCCCC)cc2)(c2ccc(CCCCCC)cc2)c2c-4sc3cc(/C=C4\C(=O)c5ccccc5C4=C(C#N)C#N)sc23)cc1
9.869274,CCCCCCC(CCCC)CSOC(=O)c1c(-c2ccc(C)s2)sc2c(C(=O)OSCC(CCCC)CCCCCC)c(-c3ccc(-c4cc5c(-c6cc(F)c(CC(CC)CCCC)s6)c6sc(C)cc6c(-c6cc(F)c(CC(CC)CCCC)s6)c5s4)s3)sc12.CCCCCCc1cccc(C2(c3cccc(CCCCCC)c3)c3cc4c(cc3-c3sc5cc(/C=C6\C(=O)c7ccccc7C6=C(C#N)C#N)sc5c32)C(c2cccc(CCCCCC)c2)(c2cccc(CCCCCC)c2)c2c-4sc3cc(/C=C4\C(=O)c5ccccc5C4=C(C#N)C#N)sc23)c1
4.5193624,CCCCCCc1cc(-c2sc(-c3sc(-c4sc(C)cc4CCCCCC)cc3CCCCCC)cc2CCCCCC)sc1C.CCCCCCC1(CCCCCC)c2cc3c(cc2-c2sc(-c4ccc(C=O)c5nc(-c6ccccc6)c(-c6ccccc6)nc45)cc21)C(CCCCCC)(CCCCCC)c1cc(-c2ccc(C=O)c4nc(-c5ccccc5)c(-c5ccccc5)nc24)sc1-3
3.7959914,CCCCCCc1cc(-c2sc(-c3sc(-c4sc(C)cc4CCCCCC)cc3CCCCCC)cc2CCCCCC)sc1C.CCCCCCn1nc2c(/C=c3\sc(=C(C#N)C#N)n(CC)c3=O)ccc(-c3ccc4c(c3)C3(c5ccccc5-c5ccccc53)c3cc(-c5ccc(/C=c6\sc(=C(C#N)C#N)n(CC)c6=O)c6nn(CCCCCC)nc56)ccc3-4)c2n1
3.8146498,CCCCCCc1cc(-c2sc(-c3sc(-c4sc(C)cc4CCCCCC)cc3CCCCCC)cc2CCCCCC)sc1C.CCCCCCn1nc2c(C=C(C#N)C#N)ccc(-c3ccc4c(c3)C3(c5ccccc5-c5ccccc53)c3cc(-c5ccc(C=C(C#N)C#N)c6nn(CCCCCC)nc56)ccc3-4)c2n1
10.058735,CCCCC(CC)Cc1ccc(-c2c3cc(-c4ccc(-c5sc(-c6ccc(C)s6)c6c5C(=O)c5c(CC(CC)CCCC)sc(CC(CC)CCCC)c5C6=O)s4)sc3c(-c3ccc(CC(CC)CCCC)s3)c3cc(C)sc23)s1.Bc1ccc2c(c1)C(=O)C(=Cc1cc3c(s1)-c1cc4c(cc1C3(CCCCCCCC)CCCCCCCC)-c1cc3c(cc1C4(CCCCCCCC)CCCCCCCC)-c1sc(C=C4C(=O)c5cc(B)ccc5C4=C(C#N)C#N)cc1C3(CCCCCCCC)CCCCCCCC)C2=C(C#N)C#N
8.508656,CCCCC(CC)Cc1ccc(-c2c3cc(-c4ccc(-c5sc(-c6ccc(C)s6)c6c5C(=O)c5c(CC(CC)CCCC)sc(CC(CC)CCCC)c5C6=O)s4)sc3c(-c3ccc(CC(CC)CCCC)s3)c3cc(C)sc23)s1.CCCCCCCCC(CCCCCC)CC1(CCCCCCCCC(C)CCCCCC)c2cc3c(cc2-c2sc4cc(/C=C5\C(=O)c6ccccc6C5=C(C#N)C#N)sc4c21)C(CC(CCCCCC)CCCCCCCC)(CC(CCCCCC)CCCCCCCC)c1c-3sc2cc(/C=C3\C(=O)c4ccccc4C3=C(C#N)C#N)sc12
7.168035,CCCCC(CC)COC(=O)c1sc2c(-c3cc4c(-c5ccc(CC(CC)CCCC)s5)c5sc(C)cc5c(-c5ccc(CC(CC)CCCC)s5)c4s3)sc(C)c2c1F.CCCCCCc1ccc(C2(c3ccc(CCCCCC)cc3)c3cc4c(cc3-c3sc5cc(/C=C6\C(=O)c7ccccc7C6=C(C#N)C#N)sc5c32)C(c2ccc(CCCCCC)cc2)(c2ccc(CCCCCC)cc2)c2c-4sc3cc(/C=C4\C(=O)c5ccccc5C4=C(C#N)C#N)sc23)cc1
7.025297,CCCCC(CC)Cc1ccc(-c2c3cc(-c4ccc(-c5sc(-c6ccc(C)s6)c6c5C(=O)c5c(CC(CC)CCCC)sc(CC(CC)CCCC)c5C6=O)s4)sc3c(-c3ccc(CC(CC)CCCC)s3)c3cc(C)sc23)s1.CCCCCCc1ccc(C2(c3ccc(CCCCCC)cc3)c3cc4c(cc3-c3sc5cc(-c6ccc(/C=c7\sc(=C(C#N)C#N)n(CCCC)c7=O)c7nsnc67)sc5c32)C(c2ccc(CCCCCC)cc2)(c2ccc(CCCCCC)cc2)c2c-4sc3cc(-c4ccc(/C=c5\sc(=C(C#N)C#N)n(CCCC)c5=O)c5nsnc45)sc23)cc1
7.758099,CCCCC(CC)Cc1ccc(-c2c3cc(-c4ccc(-c5sc(-c6ccc(C)s6)c6c5C(=O)c5c(CC(CC)CCCC)sc(CC(CC)CCCC)c5C6=O)s4)sc3c(-c3ccc(CC(CC)CCCC)s3)c3cc(C)sc23)s1.CCCCCCCCc1cc(/C=C2\C(=O)c3ccccc3C2=C(C#N)C#N)sc1-c1ccc2c(c1)C(CCCCCCCC)(CCCCCCCC)c1cc3c(cc1-2)C(CCCCCCCC)(CCCCCCCC)c1cc(-c2sc(/C=C4\C(=O)c5ccccc5C4=C(C#N)C#N)cc2CCCCCCCC)ccc1-3
7.411582,CCCCC(CC)Cc1ccc(-c2c3cc(-c4ccc(-c5sc(-c6ccc(C)s6)c6c5C(=O)c5c(CC(CC)CCCC)sc(CC(CC)CCCC)c5C6=O)s4)sc3c(-c3ccc(CC(CC)CCCC)s3)c3cc(C)sc23)s1.CCCCCCCCc1cc(/C=C2\C(=O)c3cc(F)c(F)cc3C2=C(C#N)C#N)sc1-c1ccc2c(c1)C(CCCCCCCC)(CCCCCCCC)c1cc3c(cc1-2)C(CCCCCCCC)(CCCCCCCC)c1cc(-c2sc(/C=C4\C(=O)c5cc(F)c(F)cc5C4=C(C#N)C#N)cc2CCCCCCCC)ccc1-3
10.522994,CCCCC(CC)COC(=O)c1sc2c(-c3cc4c(-c5ccc(CC(CC)CCCC)s5)c5sc(C)cc5c(-c5ccc(CC(CC)CCCC)s5)c4s3)sc(C)c2c1F.CCCCCCc1ccc(C2(c3ccc(CCCCCC)cc3)c3cc(/C=C4\C(=O)c5cc(F)c(F)cc5C4=C(C#N)C#N)sc3-c3sc4c(OCC(CC)CCCC)c5c6c(sc5c(OCC(CC)CCCC)c4c32)-c2sc(/C=C3\C(=O)c4cc(F)c(F)cc4C3=C(C#N)C#N)cc2C6(c2ccc(CCCCCC)cc2)c2ccc(CCCCCC)cc2)cc1
10.715438,CCCCC(CC)Cc1ccc(-c2c3cc(-c4ccc(-c5sc(-c6ccc(C)s6)c6c5C(=O)c5c(CC(CC)CCCC)sc(CC(CC)CCCC)c5C6=O)s4)sc3c(-c3ccc(CC(CC)CCCC)s3)c3cc(C)sc23)s1.CCCCCCc1ccc(C2(c3ccc(CCCCCC)cc3)c3cc(/C=C4\C(=O)c5ccccc5C4=C(C#N)C#N)sc3-c3sc4c5c(sc4c32)-c2sc(/C=C3\C(=O)c4ccccc4C3=C(C#N)C#N)cc2C5(c2ccc(CCCCCC)cc2)c2ccc(CCCCCC)cc2)cc1
9.769167,CCCCC(CC)Cc1ccc(-c2c3cc(-c4ccc(-c5sc(-c6ccc(C)s6)c6c5C(=O)c5c(CC(CC)CCCC)sc(CC(CC)CCCC)c5C6=O)s4)sc3c(-c3ccc(CC(CC)CCCC)s3)c3cc(C)sc23)s1.CCCCCCc1ccc(C2(c3ccc(CCCCCC)cc3)c3cc(/C=C4\C(=O)c5ccc(C)cc5C4=C(C#N)C#N)sc3-c3sc4c5c(sc4c32)-c2sc(/C=C3\C(=O)c4ccc(C)cc4C3=C(C#N)C#N)cc2C5(c2ccc(CCCCCC)cc2)c2ccc(CCCCCC)cc2)cc1
9.82784,CCCCCCCCC(CCCCCC)Cn1nc2c(-c3ccc(C)s3)c(F)c(F)c(-c3ccc(-c4cc5c(-c6cc(Cl)c(CC(CC)CCCC)s6)c6sc(C)cc6c(-c6cc(Cl)c(CCCCC(C)CC)s6)c5s4)s3)c2n1.CCCCCCc1ccc(C2(c3ccc(CCCCCC)cc3)c3cc4c(cc3-c3sc5cc(/C=C6\C(=O)c7ccccc7C6=C(C#N)C#N)sc5c32)C(c2ccc(CCCCCC)cc2)(c2ccc(CCCCCC)cc2)c2c-4sc3cc(/C=C4\C(=O)c5ccccc5C4=C(C#N)C#N)sc23)cc1
6.636717,CCCCC(CC)Cc1ccc(-c2c3cc(-c4ccc(-c5sc(-c6ccc(C)s6)c6c5C(=O)c5c(CC(CC)CCCC)sc(CC(CC)CCCC)c5C6=O)s4)sc3c(-c3ccc(CC(CC)CCCC)s3)c3cc(C)sc23)s1.CCCCCCCCC(CCCCCC)CC1(CCCCCCCCC(C)CCCCCC)c2cc3c(cc2-c2sc(/C=C4\C(=O)c5ccccc5C4=C(C#N)C#N)cc21)C(CC(CCCCCC)CCCCCCCC)(CC(CCCCCC)CCCCCCCC)c1cc(/C=C2\C(=O)c4ccccc4C2=C(C#N)C#N)sc1-3
9.0067425,CCCCC(CC)Cc1ccc(-c2c3cc(-c4ccc(-c5sc(-c6ccc(C)s6)c6c5C(=O)c5c(CC(CC)CCCC)sc(CC(CC)CCCC)c5C6=O)s4)sc3c(-c3ccc(CC(CC)CCCC)s3)c3cc(C)sc23)s1.CCCCCCc1ccc(C2(c3ccc(CCCCCC)cc3)c3cc4c(cc3-c3sc(-c5ccc(/C=C6\C(=O)c7cc(F)c(F)cc7C6=C(C#N)C#N)[se]5)cc32)C(c2ccc(CCCCCC)cc2)(c2ccc(CCCCCC)cc2)c2cc(-c3ccc(/C=C5\C(=O)c6cc(F)c(F)cc6C5=C(C#N)C#N)[se]3)sc2-4)cc1
8.79326,CCCCCCCCC(CCCCCC)Cc1ccc(-c2c3cc(-c4ccc(-c5c(F)c(F)c(-c6ccc(C)s6)c6nn(CCCCCC)nc56)s4)sc3c(-c3ccc(CCCCCCCCC(C)CCCCCC)[se]3)c3cc(C)sc23)[se]1.CCCCCCc1ccc(C2(c3ccc(CCCCCC)cc3)c3cc4c(cc3-c3sc5cc(/C=C6\C(=O)c7ccccc7C6=C(C#N)C#N)sc5c32)C(c2ccc(CCCCCC)cc2)(c2ccc(CCCCCC)cc2)c2c-4sc3cc(/C=C4\C(=O)c5ccccc5C4=C(C#N)C#N)sc23)cc1
8.875393,CCCCC(CC)Cc1sc(-c2c3cc(-c4ccc(-c5sc(-c6ccc(C)s6)c6c5C(=O)c5c(CC(CC)CCCC)sc(CC(CC)CCCC)c5C6=O)s4)sc3c(-c3cc(F)c(CC(CC)CCCC)s3)c3cc(C)sc23)cc1F.CCCCC(CC)CC1(CCCCC(C)CC)c2cc(/C=C3\C(=O)c4cc(F)c(F)cc4C3=C(C#N)C#N)sc2-c2sc(-c3c(F)c(F)c(-c4cc5c(s4)-c4sc(/C=C6\C(=O)c7cc(F)c(F)cc7C6=C(C#N)C#N)cc4C5(CC(CC)CCCC)CC(CC)CCCC)c(F)c3F)cc21
10.469565,CCCCC(CC)Cc1sc(-c2c3cc(-c4ccc(-c5sc(-c6ccc(C)s6)c6c5C(=O)c5c(CC(CC)CCCC)sc(CC(CC)CCCC)c5C6=O)s4)sc3c(-c3cc(F)c(CC(CC)CCCC)s3)c3cc(C)sc23)cc1F.CCCCC(CC)CC1(CCCCC(C)CC)c2cc(/C=C3\C(=O)c4cc(F)c(F)cc4C3=C(C#N)C#N)sc2-c2sc(-c3cc(F)c(-c4cc5c(s4)-c4sc(/C=C6\C(=O)c7cc(F)c(F)cc7C6=C(C#N)C#N)cc4C5(CC(CC)CCCC)CC(CC)CCCC)cc3F)cc21
9.7823715,CCCCC(CC)Cc1ccc(-c2c3cc(-c4ccc(-c5sc(-c6ccc(C)s6)c6c5C(=O)c5c(CC(CC)CCCC)sc(CC(CC)CCCC)c5C6=O)s4)sc3c(-c3ccc(CC(CC)CCCC)s3)c3cc(C)sc23)s1.CCCCCCc1ccc(C2(c3ccc(CCCCCC)cc3)c3cc(/C=C4\C(=O)c5ccccc5C4=C(C#N)C#N)sc3-c3sc4cc5c6c(sc5cc4c32)-c2sc(/C=C3\C(=O)c4ccccc4C3=C(C#N)C#N)cc2C6(c2ccc(CCCCCC)cc2)c2ccc(CCCCCC)cc2)cc1
10.171804,CCCCC(CC)Cc1ccc(-c2c3cc(-c4ccc(-c5sc(-c6ccc(C)s6)c6c5C(=O)c5c(CC(CC)CCCC)sc(CC(CC)CCCC)c5C6=O)s4)sc3c(-c3ccc(CC(CC)CCCC)s3)c3cc(C)sc23)s1.CCCCCCc1ccc(C2(c3ccc(CCCCCC)cc3)c3cc4c(cc3-c3sc5cc(C=C6C(=O)N(CC)C(=S)N(CC)C6=O)sc5c32)C(c2ccc(CCCCCC)cc2)(c2ccc(CCCCCC)cc2)c2c-4sc3cc(C=C4C(=O)N(CC)C(=S)N(CC)C4=O)sc23)cc1
7.9621997,CCCCC(CC)Cc1ccc(-c2c3cc(-c4ccc(-c5sc(-c6ccc(C)s6)c6c5C(=O)c5c(CC(CC)CCCC)sc(CC(CC)CCCC)c5C6=O)s4)sc3c(-c3ccc(CC(CC)CCCC)s3)c3cc(C)sc23)s1.CCCCCCC(CCCC)CSOc1ccc(C2(c3ccc(OSCC(CCCC)CCCCCC)cc3)c3cc(/C=C4\C(=O)c5cc6ccccc6cc5C4=C(C#N)C#N)sc3-c3c2ccc2c4c(ccc32)C(c2ccc(OSCC(CCCC)CCCCCC)cc2)(c2ccc(OSCC(CCCC)CCCCCC)cc2)c2cc(/C=C3\C(=O)c5cc6ccccc6cc5C3=C(C#N)C#N)sc2-4)cc1
5.0114737,CCCCCCC(CCCC)CSc1c2cc(-c3ccc(-c4c(F)c(F)c(-c5ccc(C)s5)c5nn(SCC(CCCC)CCCCCC)nc45)s3)sc2c(SCC(CCCC)CCCCCC)c2cc(C)sc12.CCCCCCc1ccc(C2(c3ccc(CCCCCC)cc3)c3cc4c(cc3-c3sc(/C=C5\C(=O)c6cc(F)c(F)cc6C5=C(C#N)C#N)cc32)C(c2ccc(CCCCCC)cc2)(c2ccc(CCCCCC)cc2)c2cc(/C=C3\C(=O)c5cc(F)c(F)cc5C3=C(C#N)C#N)sc2-4)cc1
10.976792,CCCCCCC(CCCC)CSc1c2cc(-c3ccc(-c4c(F)c(F)c(-c5ccc(C)s5)c5nn(SCC(CCCC)CCCCCC)nc45)s3)sc2c(SCC(CCCC)CCCCCC)c2cc(C)sc12.CCCCCCc1ccc(C2(c3ccc(CCCCCC)cc3)c3cc4c(cc3-c3sc5c(sc6cc(C=C7C(=O)c8cc(F)c(F)cc8C7=C(C#N)C#N)sc65)c32)C(c2ccc(CCCCCC)cc2)(c2ccc(CCCCCC)cc2)c2c-4sc3c2sc2cc(C=C4C(=O)c5cc(F)c(F)cc5C4=C(C#N)C#N)sc23)cc1
10.133438,CCCCC(CC)Cc1sc(CC(CC)CCCC)c2c1C(=O)c1c(-c3ccc(C)s3)sc(-c3ccc(-c4cc5c(-c6ccc([Si](CCC)(CCC)CCC)s6)c6sc(C)cc6c(-c6ccc([Si](CCC)(CCC)CCC)s6)c5s4)s3)c1C2=O.CCCCCCc1cccc(C2(c3cccc(CCCCCC)c3)c3cc4c(cc3-c3sc5cc(/C=C6\C(=O)c7ccccc7C6=C(C#N)C#N)sc5c32)C(c2cccc(CCCCCC)c2)(c2cccc(CCCCCC)c2)c2c-4sc3cc(/C=C4\C(=O)c5ccccc5C4=C(C#N)C#N)sc23)c1
8.74533,CCCCC(CC)COC(=O)c1sc2c(-c3cc4c(-c5cc(Cl)c(CC(CC)CCCC)s5)c5sc(C)cc5c(-c5cc(Cl)c(CC(CC)CCCC)s5)c4s3)sc(C)c2c1F.CCCCCCc1ccc(C2(c3ccc(CCCCCC)cc3)c3cc4c(cc3-c3sc5cc(/C=C6\C(=O)c7ccccc7C6=C(C#N)C#N)sc5c32)C(c2ccc(CCCCCC)cc2)(c2ccc(CCCCCC)cc2)c2c-4sc3cc(/C=C4\C(=O)c5ccccc5C4=C(C#N)C#N)sc23)cc1
5.0398016,CCCCCCCCC(CCCCCC)Cn1nc2c(-c3ccc(C)s3)c(F)c(F)c(-c3ccc(-c4cc5c(-c6ccc(CC(CC)CCCC)s6)c6sc(C)cc6c(-c6ccc(CC(CC)CCCC)s6)c5s4)s3)c2n1.CCCCCCc1ccc(C2(c3ccc(CCCCCC)cc3)c3cc4c(cc3-c3sc5cc(/C=C6\C(=O)c7ccccc7C6=C(C#N)C#N)sc5c32)C(c2ccc(CCCCCC)cc2)(c2ccc(CCCCCC)cc2)c2c-4sc3cc(/C=C4\C(=O)c5ccccc5C4=C(C#N)C#N)sc23)cc1
10.917026,CCCCCCCCC(CCCCCC)Cn1nc2c(-c3ccc(C)s3)c(F)c(F)c(-c3ccc(-c4cc5c(-c6ccc([Si](CCC)(CCC)CCC)s6)c6sc(C)cc6c(-c6ccc([Si](CCC)(CCC)CCC)s6)c5s4)s3)c2n1.CCCCCCc1ccc(C2(c3ccc(CCCCCC)cc3)c3cc4c(cc3-c3sc5cc(/C=C6\C(=O)c7ccccc7C6=C(C#N)C#N)sc5c32)C(c2ccc(CCCCCC)cc2)(c2ccc(CCCCCC)cc2)c2c-4sc3cc(/C=C4\C(=O)c5ccccc5C4=C(C#N)C#N)sc23)cc1
7.4714475,CCCCCCCCOc1c(OCCCCCCCC)c(-c2ccc(-c3cc4c(-c5ccc(OCC(CC)CCCC)cc5)c5oc(C)cc5c(-c5ccc(OCC(CC)CCCC)cc5)c4s3)s2)c2nsnc2c1-c1ccc(C)s1.CCCCCCc1ccc(C2(c3ccc(CCCCCC)cc3)c3cc4c(cc3-c3sc5cc(/C=C6\C(=O)c7ccccc7C6=C(C#N)C#N)sc5c32)C(c2ccc(CCCCCC)cc2)(c2ccc(CCCCCC)cc2)c2c-4sc3cc(/C=C4\C(=O)c5ccccc5C4=C(C#N)C#N)sc23)cc1
5.4027276,CCCCCCCCCCCCSOc1c(OSCCCCCCCCCCCC)c(-c2ccc(-c3cc4c(-c5cc(F)c(CCC(CC)CCCC)c(F)c5)c5sc(C)cc5c(-c5cc(F)c(CCC(CC)CCCC)c(F)c5)c4s3)s2)c2nsnc2c1-c1ccc(C)s1.CCCCCCn1c2cc(-c3ccc(/C=C4\SC(=S)N(CC)C4=O)c4nsnc34)ccc2c2ccc(-c3ccc(/C=C4\SC(=S)N(CC)C4=O)c4nsnc34)cc21
7.6437106,CCCCC(CC)Cc1ccc(-c2c3cc(-c4ccc(-c5sc(-c6ccc(C)s6)c6c5C(=O)c5c(CC(CC)CCCC)sc(CC(CC)CCCC)c5C6=O)s4)sc3c(-c3ccc(CC(CC)CCCC)s3)c3cc(C)sc23)s1.CCCCCCc1ccc(C2(c3ccc(CCCCCC)cc3)c3cc4c(cc3-c3sc(-c5sc(/C=C6\C(=O)c7cscc7C6=C(C#N)C#N)cc5CC(CC)CCCC)cc32)C(c2ccc(CCCCCC)cc2)(c2ccc(CCCCCC)cc2)c2cc(-c3sc(/C=C5\C(=O)c6cscc6C5=C(C#N)C#N)cc3CC(CC)CCCC)sc2-4)cc1
8.998684,CCCCC(CC)COC(=O)c1sc2c(-c3cc4c(-c5ccc(CC(CC)CCCC)s5)c5sc(C)cc5c(-c5ccc(CC(CC)CCCC)s5)c4s3)sc(C)c2c1F.CCCCCCc1ccc(C2(c3ccc(CCCCCC)cc3)c3cc(C=C4C(=O)c5ccccc5C4=C(C#N)C#N)sc3-c3sc4c5c(sc4c32)-c2sc(C=C3C(=O)c4ccccc4C3=C(C#N)C#N)cc2C5(c2ccc(CCCCCC)cc2)c2ccc(CCCCCC)cc2)cc1
9.206879,CCCCC(CC)CC(=O)c1cc2c(C)sc(-c3cc4c(-c5ccc(CC(CC)CCCC)s5)c5sc(C)cc5c(-c5ccc(CC(CC)CCCC)s5)c4s3)c2s1.CCCCCCc1ccc(C2(c3ccc(CCCCCC)cc3)c3cc4c(cc3-c3sc5cc(-c6ccc(C=C(C#N)C#N)c7nsnc67)sc5c32)C(c2ccc(CCCCCC)cc2)(c2ccc(CCCCCC)cc2)c2c-4sc3cc(-c4ccc(C=C(C#N)C#N)c5nsnc45)sc23)cc1
12.701834,CCCCCCCCC(CCCCCC)Cn1nc2c(-c3ccc(C)s3)c(Cl)c(Cl)c(-c3ccc(-c4cc5c(-c6ccc([Si](CCC)(CCC)CCC)s6)c6sc(C)cc6c(C6=CCC([Si](CCC)(CCC)CCC)S6)c5s4)s3)c2n1.CCCCCCCCC(CCCCCC)CC1(CCCCCCCCC(C)CCCCCC)c2cc3c(cc2C2C1c1cc4c(cc1C2(CC(CCCCCC)CCCCCCCC)CC(CCCCCC)CCCCCCCC)-c1sc(/C=C2\C(=O)c5cc(F)ccc5C2=C(C#N)C#N)cc1C4)Cc1cc(/C=C2\C(=O)c4cc(F)ccc4C2=C(C#N)C#N)sc1-3
