index,SMILES,Fragments
0,CCCCCCc1c(C#CC2=C3CCC4N3[Zn@@]35n6c2ccc6C(=C2N3C(CC2)C(=c2n5c(=C4c3c(C)cc(cc3C)C)cc2)C#Cc2sc(c(c2CCCCCC)CCCCCC)C=C(C#N)C#N)c2c(C)cc(cc2C)C)sc(c1CCCCCC)C=C(C#N)C#N,
2,CCCCCCc1c(/C=C/c2sc(c(c2CCCCCC)CCCCCC)C=C(C#N)C#N)sc(c1CCCCCC)C#CC1=C2CCC3N2[Zn@]24n5c1ccc5C(=C1N2C(CC1)C(=c1n4c(=C3c2c(C)cc(cc2C)C)cc1)C#Cc1sc(c(c1CCCCCC)CCCCCC)/C=C/c1sc(c(c1CCCCCC)CCCCCC)C=C(C#N)C#N)c1c(C)cc(cc1C)C,
3,CCCC[C@H](Cn1c2cc(ccc2c2c1c1c(c3c2n(C[C@H](CCCC)CC)c2c3cccc2)n(c2c1cccc2)C[C@@H](CCCC)CC)c1ccc(s1)c1ccc(c2c1nsn2)c1ccc(s1)c1ccc2c(c1)n(C[C@H](CCCC)CC)c1c2c2n(C[C@@H](CCCC)CC)c3c(c2c2c1c1ccccc1n2C[C@H](CCCC)CC)cccc3)CC,
5,CCCC[C@@H](Cn1c2cc(ccc2c2c1c1c3ccccc3n(c1c1c2n(C[C@@H](CCCC)CC)c2c1cccc2)C[C@H](CCCC)CC)c1ccc(s1)c1ncc(c2c1nsn2)c1ccc(s1)c1ccc2c(c1)n(C[C@@H](CCCC)CC)c1c2c2c(c3c1c1ccccc1n3C[C@@H](CCCC)CC)c1c(n2C[C@H](CCCC)CC)cccc1)CC,
6,CCCC[C@H](Cn1c2cc(ccc2c2c1c1c(c3c2n(C[C@H](CCCC)CC)c2c3cccc2)n(c2c1cccc2)C[C@@H](CCCC)CC)c1ccc(s1)[C@@H]1[S]=C(c2c1nsn2)c1ccc(s1)c1ccc2c(c1)n(C[C@H](CCCC)CC)c1c2c2n(C[C@@H](CCCC)CC)c3c(c2c2c1c1ccccc1n2C[C@H](CCCC)CC)cccc3)CC,
7,N#C[C](c1nc(c(s1)[CH]c1ccc(cc1)N(c1ccccc1)c1ccccc1)c1ccccc1)C#N,
9,N#C[C](c1nc(c(s1)[CH]c1ccc(cc1)N(Cc1ccccc1)Cc1ccccc1)c1ccccc1)C#N,
10,N#C[C](c1nc(c(s1)[CH]c1ccc(cc1)N(c1cccc2c1cccc2)c1ccccc1)c1ccccc1)C#N,
11,CCCC[C@H](C[Si]1(C[C@H](CCCC)CC)c2cc(sc2c2c1cc(s2)c1c(F)cc(c2c1nsn2)c1ccc(s1)c1ccc(s1)CCCCCC)c1c(F)cc(c2c1nsn2)c1ccc(s1)c1ccc(s1)CCCCCC)CC,
12,CCCC[C@H](CSc1ccc(s1)c1c2cc(sc2c(c2c1sc(c2)c1sc(c(c1)CCCCCCCC)c1ccc(s1)c1sc(cc1CCCCCCCC)/C=C\1/SC(=S)N(C1=O)CC)c1ccc(s1)SC[C@H](CCCC)CC)c1sc(c(c1)CCCCCCCC)c1ccc(s1)c1sc(cc1CCCCCCCC)/C=C\1/SC(=S)N(C1=O)CC)CC,
13,CCCCCCc1ccc(c2c1C1=N/C/2=C\c2[nH]c(c3c2c(CCCCCC)ccc3CCCCCC)/C=C\2/N=C(/C=c\3/[nH]/c(=C\1)/c1c(CCCCCC)ccc(c31)CCCCCC)c1c(CCCCCC)ccc(c21)CCCCCC)CCCCCC,
14,CCCCCCc1ccc(c2c1/C/1=C\c3[nH]c(c4c3c(CCCCCC)ccc4CCCCCC)/N=C/3\N=C(/C=c/4\[nH]/c(=C/C2=N1)/c1c(CCCCCC)ccc(c41)CCCCCC)c1c3c(CCCCCC)ccc1CCCCCC)CCCCCC,
15,CCCCCC[C]1C=C[C](C2=C1C1=N/C/2=N\c2[nH]c(c3c2c(CCCCCC)ccc3CCCCCC)/C=C\2/N=C(/C=c\3/[nH]/c(=N\1)/c1c(CCCCCC)ccc(c31)CCCCCC)c1c(CCCCCC)ccc(c21)CCCCCC)CCCCCC,
16,CCCC[C@H](Cc1cc(sc1c1ccc(s1)c1sc(cc1C[C@@H](CCCC)CC)c1c(F)c(F)c(c2c1nsn2)c1cc(c(s1)c1ccc(s1)/C=C\1/SC(N(C1=O)CC)[C](C#N)C#N)C[C@@H](CCCC)CC)c1c(F)c(F)c(c2c1nsn2)c1cc(c(s1)c1ccc(s1)[CH]C1SC(=C(C#N)C#N)N(C1=O)CC)C[C@@H](CCCC)CC)CC,
17,CCCC[C@H](COc1c2sc(cc2c(c2c1cc(s2)c1c(F)cc(c2c1nsn2)c1ccc(s1)c1ccc(s1)CCCCCC)OC[C@H](CCCC)CC)c1c(F)cc(c2c1nsn2)c1ccc(s1)c1ccc(s1)CCCCCC)CC,
18,CCCCCCc1ccc(s1)c1ccc(s1)c1cc(F)c(c2c1nsn2)c1cc2c(s1)c(C#C[Si](C(C)C)(C(C)C)C(C)C)c1c(c2C#C[Si](C(C)C)(C(C)C)C(C)C)sc(c1)c1c(F)cc(c2c1nsn2)c1ccc(s1)c1ccc(s1)CCCCCC,
19,CCCC[C@H](COc1ccc(cc1)c1c2cc(sc2c(c2c1sc(c2)c1sc(cc1CCCCCCCC)c1sc(cc1CCCCCCCC)c1ccc(s1)/C=C(/C(=O)OCCCCCCCC)\C#N)c1ccc(cc1)OC[C@H](CCCC)CC)c1sc(cc1CCCCCCCC)c1sc(cc1CCCCCCCC)c1ccc(s1)/C=C(/C(=O)OCCCCCCCC)\C#N)CC,
20,CCCC[C@H](Cc1ccc(s1)c1c2sc(cc2c(c2c1cc(s2)c1ccc2c(c1)N(C[C@H](CCCC)CC)C(=O)/C/2=C\c1ccc(s1)c1ccc(s1)CCCCCC)c1ccc(s1)C[C@H](CCCC)CC)c1ccc2c(c1)N(C[C@H](CCCC)CC)C(=O)/C/2=C\c1ccc(s1)c1ccc(s1)CCCCCC)CC,
21,CCCCCCCCN1C(S/C(=C\c2sc(c(c2)CCCCCC)c2ccc(s2)c2sc(c(c2)CCCCCCCC)c2cc3c(s2)c(OC[C@H](CCCC)CC)c2c(c3OC[C@@H](CCCC)CC)sc(c2)c2sc(cc2CCCCCCCC)c2ccc(s2)c2sc(cc2CCCCCCCC)/C=C/2\SC(N(C2=O)CCCCCCCC)[C](C#N)C#N)/C1=O)[C](C#N)C#N,
22,CCCCCCCCN1C(=O)C(SC1=C(C#N)C#N)[CH]c1sc(c(c1)CCCCCC)c1ccc(s1)c1sc(c(c1)CCCCCCCC)c1cc2c(s1)c(c1ccc(s1)C[C@H](CCCC)CC)c1c(c2c2ccc(s2)C[C@@H](CCCC)CC)sc(c1)c1sc(cc1CCCCCCCC)c1ccc(s1)c1sc(cc1CCCCCCCC)[CH]C1SC(=C(C#N)C#N)N(C1=O)CCCCCCCC,
23,CCCCCCCCn1c2cc(ccc2c2c1cc(cc2)c1cc(c(s1)c1ccc(s1)c1sc(cc1CCCCCCCC)[CH]C1=[S]C(=S)N(C1=O)CCCCCCCC)CCCCCCCC)c1cc(c(s1)c1ccc(s1)c1sc(cc1CCCCCCCC)[CH]C1=[S]C(=S)N(C1=O)CCCCCCCC)CCCCCCCC,
24,CCCCCCCCCCCCCCCCn1c2cc3sc(cc3cc2c2c1cc1sc(cc1c2)c1ccc(s1)c1sc(cc1CCCCCCCC)[CH]C1=[S]C(=S)N(C1=O)CCCCCCCC)c1sc(cc1CCCCCCCC)c1sc(cc1CCCCCCCC)/C=C\1/SC(=S)N(C1=O)CCCCCCCC,
25,N#CC(=C(C(=C(C#N)C#N)c1ccc(c2c1nsn2)n1c2ccccc2c2c1cccc2)c1ccc(cc1)N(c1ccccc1)c1ccccc1)C#N,
26,N#C[C](c1ccc(cc1)[C](C(=C(C#N)C#N)c1ccc(c2c1nsn2)n1c2ccccc2c2c1cccc2)c1ccc(cc1)N(c1ccccc1)c1ccccc1)C#N,
27,N#CC(=C(c1ccc(c2c1nsn2)C#Cc1c2ccccc2cc2c1cccc2)C(=C(C#N)C#N)c1ccc(cc1)N(c1ccccc1)c1ccccc1)C#N,
28,N#CC(=C(C(=C(C#N)C#N)c1ccc(cc1)N(c1ccccc1)c1ccccc1)c1ccc(cc1)c1sc2c(n1)cccc2)C#N,
29,N#CC(=C([C](c1ccc(cc1)[C](C#N)C#N)c1ccc(cc1)c1sc2c(n1)cccc2)c1ccc(cc1)N(c1ccccc1)c1ccccc1)C#N,
30,CCCC[C@H](Cn1c2ccc(cc2c2c1cccc2)c1nsnc(c1=O)c1ccc2c(c1)c1ccccc1n2C[C@H](CCCC)CC)CC,
31,CCCC[C@H](Cn1c2ccc(cc2c2c1cccc2)c1ccc(s1)c1nsnc(c1=O)c1ccc(s1)c1ccc2c(c1)c1ccccc1n2C[C@H](CCCC)CC)CC,
32,CCCC[C@H](Cc1cc(sc1c1ccc(s1)[CH]C1SC(=C(C#N)C#N)N(C1=O)CC)c1c(F)c(F)c(c2c1nsn2)c1cc(c(s1)c1ccc(s1)/C=C\1/SC(N(C1=O)CC)[C](C#N)C#N)C[C@@H](CCCC)CC)CC,
33,CCCC[C@H](Cn1c2ccc(cc2c2c1cccc2)c1ccc(s1)c1ccc(s1)c1nsnc(c1=O)c1ccc(s1)c1ccc(s1)c1ccc2c(c1)c1ccccc1n2C[C@H](CCCC)CC)CC,
34,CCCCCCCCOc1c2[S]=C(Cc2c(c2c1cc(s2)c1sc(cc1CCCCCC)c1c(F)c(F)c(c2c1nn(n2)CCCCCCCC)c1scc(c1)CCCCCC)OCCCCCCCC)c1sc(cc1CCCCCC)c1c(F)c(F)c(c2c1nn(n2)CCCCCCCC)c1scc(c1)CCCCCC,
35,CCCCCCCCOc1c2[S]=C(Cc2c(c2c1cc(s2)c1sc(cc1CCCCCC)c1cc(F)c(c2c1nn(n2)CCCCCCCC)c1scc(c1)CCCCCC)OCCCCCCCC)c1sc(cc1CCCCCC)c1cc(F)c(c2c1nn(n2)CCCCCCCC)c1scc(c1)CCCCCC,
36,CCCCCCCCOc1c2[S]=C(Cc2c(c2c1cc(s2)c1sc(cc1CCCCCC)c1ccc(c2c1nn(n2)CCCCCCCC)c1scc(c1)CCCCCC)OCCCCCCCC)c1sc(cc1CCCCCC)c1ccc(c2c1nn(n2)CCCCCCCC)c1scc(c1)CCCCCC,
37,CCCCCCCCc1ccc(s1)c1c2sc(cc2c(c2c1cc(s2)c1sc(cc1CCCCCCCC)c1sc(cc1CCCCCCCC)c1sc(cc1CCCCCCCC)/C=C(\C(=O)OCCCCCCCC)/C#N)c1ccc(s1)CCCCCCCC)c1sc(cc1CCCCCCCC)c1sc(cc1CCCCCCCC)c1sc(cc1CCCCCCCC)/C=C(\C(=O)OCCCCCCCC)/C#N,
38,s1nc2c(n1)c(ccc2c1ccc(s1)c1ccc2c(c1)cccc2)c1ccc(s1)c1ccc2c(c1)cccc2,
39,s1nc2c(n1)c(ccc2c1ccc(s1)c1cc2c(s1)cccc2)c1ccc(s1)c1cc2c(s1)cccc2,
40,CCCCCC[C@@H](Cc1ccc(s1)C1=C2CCC3N2[Zn@]24n5c1ccc5C(=C1N2C(CC1)C(=c1n4c(=C3C#Cc2ccc(s2)c2n(C[C@@H](CCCC)CC)c(=O)c3c2c(=O)n(c3c2cccs2)C[C@@H](CCCC)CC)cc1)c1ccc(s1)C[C@H](CCCCCC)CCCC)C#Cc1ccc(s1)c1n(C[C@H](CCCC)CC)c(=O)c2c1c(=O)n(c2c1cccs1)C[C@H](CCCC)CC)CCCC,
41,CCCCCCCCCCCCc1cc(sc1c1ccc(cc1)N(c1ccccc1)c1ccccc1)c1ccc(c2c1nsn2)/C=C/c1ccc(cc1)N(c1ccc(cc1)/C=C/c1ccc(c2c1nsn2)c1cc(c(s1)c1ccc(cc1)N(c1ccccc1)c1ccccc1)CCCCCCCCCCCC)c1ccccc1,
42,CCCCCCCCCCCCc1cc(sc1c1ccc(cc1)N(c1ccccc1)c1ccccc1)c1ccc(c2c1nsn2)/C=C/c1ccc(cc1)N(c1ccc(cc1)C=C(C#N)C#N)c1ccccc1,
43,CCCCCCCCCCCCc1cc(sc1c1ccc(cc1)N(c1ccccc1)c1ccccc1)c1ccc(c2c1nsn2)/C=C/c1ccc(cc1)N(c1ccc(cc1)/C=C(\c1ccc(cc1)N(=O)=O)/C#N)c1ccccc1,
44,CCCC[C@H](COc1c2sc(cc2c(c2c1cc(s2)c1ccc(c2c1nsn2)/C=C/N(c1ccc(cc1)/C=C(/c1ccc(cc1)N(=O)=O)\C#N)c1ccccc1)OC[C@H](CCCC)CC)c1ccc(c2c1nsn2)/C=C/N(c1ccc(cc1)/C=C(/c1ccc(cc1)N(=O)=O)\C#N)c1ccccc1)CC,
45,N#CC(=Cc1cnc(nc1)c1cc2c(s1)c1c(C2(Cc2ccccc2)Cc2ccccc2)cc(cc1)N(c1ccc(cc1)C)c1ccc(cc1)C)C#N,
46,CCCCCCCCc1cc(sc1c1ccc(s1)c1sc(cc1CCCCCCCC)c1sc(cc1CCCCCCCC)[CH]C1SC(=C(C#N)C#N)N(C1=O)CC)c1sc(cc1CCCCCCCC)[CH]C1SC(=C(C#N)C#N)N(C1=O)CC,
47,CCCCCCC[C@H](Cc1sc(c2c1C(=O)c1c(sc(c1C2=O)c1ccc(s1)/C=C/1\SC(=S)N(C1=O)CC)c1ccc(s1)c1sc2c(c1)c(c1ccc(s1)C[C@@H](CCCC)CC)c1c(c2c2ccc(s2)C[C@H](CCCC)CC)cc(s1)c1ccc(s1)c1sc(c2c1C(=O)c1c(C2=O)c(sc1C[C@@H](CCCCCC)CCCC)C[C@H](CCCCCC)CCCC)c1ccc(s1)[CH]C1=[S]C(=S)N(C1=O)CC)C[C@H](CCCCCC)CCCC)CCCC,
48,CCCCCCCCc1cc(sc1c1ccc(s1)c1sc(cc1CCCCCCCC)c1sc(cc1CCCCCCCC)c1sc(cc1CCCCCCCC)/C=C/1\SC(N(C1=O)CC)[C](C#N)C#N)c1sc(cc1CCCCCCCC)c1sc(cc1CCCCCCCC)/C=C/1\SC(N(C1=O)CC)[C](C#N)C#N,
49,CCCCCCCCc1cc(sc1c1cc(c(s1)c1sc(cc1CCCCCCCC)c1sc(cc1CCCCCCCC)c1sc(cc1CCCCCCCC)[CH]C1SC(=C(C#N)C#N)N(C1=O)CC)CCCCCCCC)c1sc(cc1CCCCCCCC)c1sc(cc1CCCCCCCC)c1sc(cc1CCCCCCCC)/C=C/1\SC(N(C1=O)CC)[C](C#N)C#N,
50,CCCCCCCCc1cc(sc1c1cc(c(s1)c1cc(c(s1)c1cc(c(s1)c1cc(c(s1)/C=C/1\SC(N(C1=O)CC)[C](C#N)C#N)CCCCCCCC)CCCCCCCC)CCCCCCCC)CCCCCCCC)c1sc(cc1CCCCCCCC)c1sc(cc1CCCCCCCC)c1sc(cc1CCCCCCCC)c1sc(cc1CCCCCCCC)/C=C/1\SC(N(C1=O)CC)[C](C#N)C#N,
51,CCCC[C@H](CN1C(=O)/C(=C/2\c3sc(cc3N(C2=O)C[C@@H](CCCC)CC)c2ccccc2)/c2c1cc(s2)c1ccccc1)CC,
52,CCCCC[C@H](CN1C(=O)/C(=C/2\c3sc(cc3N(C2=O)C[C@@H](CCCC)CC)c2ccc3c(c2)cccc3)/c2c1cc(s2)c1ccc2c(c1)cccc2)CC,
53,CCCC[C@H](CN1C(=O)/C(=C/2\c3sc(cc3N(C2=O)C[C@H](CCCC)CC)c2occ3c2cccc3)/c2c1cc(s2)c1occ2c1cccc2)CC,
54,c1csc(c1)/C=C/c1ccc(s1)c1ccc(cc1)N(c1ccc(cc1)c1ccc(s1)/C=C/c1cccs1)c1ccc(cc1)c1ccc(s1)/C=C/c1cccs1,
56,CCN1C(=S)N(CC)C(=O)C(=Cc2ccc(s2)c2ccc(cc2)N(c2ccc(cc2)c2ccc(s2)C=C2C(=O)N(CC)C(=S)N(C2=O)CC)c2ccc(cc2)c2ccc(s2)C=C2C(=O)N(CC)C(=S)N(C2=O)CC)C1=O,
58,CCCC[C@H](COC(=O)/C(=C/c1ccc(s1)c1ccc(cc1)N(c1ccc(cc1)c1ccc(s1)/C=C(/C(=O)OC[C@@H](CCCC)CC)\C#N)c1ccc(cc1)c1ccc(s1)/C=C(/C(=O)OC[C@@H](CCCC)CC)\C#N)/C#N)CC,
60,CCCC[C@H](Cc1ccc(s1)c1c2sc(cc2c(c2c1cc(s2)c1cc(c(s1)c1ccc(s1)c1sc(cc1CCCCCCCC)/C=C/1\SC(=S)N(C1=O)CC(=O)OC[C@H](CCCC)CC)CCCCCCCC)c1ccc(s1)C[C@@H](CCCC)CC)c1cc(c(s1)c1ccc(s1)c1sc(cc1CCCCCCCC)/C=C/1\SC(=S)N(C1=O)CC(=O)OC[C@H](CCCC)CC)CCCCCCCC)CC,
61,CCCC[C@@H](Cc1ccc(s1)c1c2cc(sc2c(c2c1sc(c2)c1ccc(s1)c1n(C[C@H](CCCC)CC)c(=O)c2c1c(=O)n(c2c1ccc(s1)c1ccc(cc1)F)C[C@H](CCCC)CC)c1ccc(s1)C[C@H](CCCC)CC)c1ccc(s1)c1n(C[C@H](CCCC)CC)c(=O)c2c1c(=O)n(c2c1ccc(s1)c1ccc(cc1)F)C[C@H](CCCC)CC)CC,
62,CCCC[C@@H](Cc1ccc(s1)c1c2cc(sc2c(c2c1sc(c2)c1ccc(s1)c1n(C[C@H](CCCC)CC)c(=O)c2c1c(=O)n(c2c1ccc(s1)c1ccc(cc1)C(F)(F)F)C[C@H](CCCC)CC)c1ccc(s1)C[C@H](CCCC)CC)c1ccc(s1)c1n(C[C@H](CCCC)CC)c(=O)c2c1c(=O)n(c2c1ccc(s1)c1ccc(cc1)C(F)(F)F)C[C@H](CCCC)CC)CC,
63,CCCCCCc1ccc(cc1)C#Cc1c2ccccc2c(c2c1cc(cc2)c1ccc2c(c1)cccc2)C#Cc1ccc(cc1)CCCCCC,
64,CCCCCCc1ccc(cc1)C#Cc1c2ccccc2c(c2c1cc(cc2)c1ccc(s1)c1ccc2c(c1)cccc2)C#Cc1ccc(cc1)CCCCCC,
65,N#CC(=Cc1ccc(s1)c1ccc(s1)c1ccc(s1)N(c1ccc2c(c1)Cc1c2cccc1)c1ccc(cc1)c1ccccc1)C#N,
66,CCCC[C@H](Cn1c(=O)c2c(c1c1ccc(s1)c1c(C)cc(cc1C)C)c(=O)n(c2c1ccc(s1)c1c(C)cc(cc1C)C)C[C@H](CCCC)CC)CC,
67,CCCC[C@H](Cn1c(=O)c2c(c1c1ccc(s1)c1ccc(cc1C)OC(C)C)c(=O)n(c2c1ccc(s1)c1ccc(cc1C)OC(C)C)C[C@H](CCCC)CC)CC,
68,CCCC[C@H](Cn1c(=O)c2c(c1c1ccc(s1)c1ccc(c(c1OC)OC)OC)c(=O)n(c2c1ccc(s1)c1ccc(c(c1OC)OC)OC)C[C@H](CCCC)CC)CC,
69,CCCC[C@H](Cn1c(=O)c2c(c1c1ccc(s1)c1cc(cc(c1)C(C)(C)C)C(C)(C)C)c(=O)n(c2c1ccc(s1)c1cc(cc(c1)C(C)(C)C)C(C)(C)C)C[C@H](CCCC)CC)CC,
70,CCCCCCCCOc1cccc(c1C1=C2CCC3N2[Zn@]24n5c1ccc5C(=C1N2C(CC1)C(=c1n4c(=C3C#Cc2sc(c(c2)CCCCCCCC)c2ccc(s2)c2sc(cc2CCCCCCCC)/C=C\2/SC(=S)N(C2=O)CC)cc1)c1c(OCCCCCCCC)cccc1OCCCCCCCC)C#Cc1sc(c(c1)CCCCCCCC)c1ccc(s1)c1sc(cc1CCCCCCCC)[CH]C1=[S]C(=S)N(C1=O)CC)OCCCCCCCC,
71,CCCC[C@H](Cc1ccc(s1)c1c2sc(cc2c(c2c1cc(s2)c1ccc(c2c1nsn2)c1ccc(cc1)N(c1ccc(cc1)OCCCCCC)c1ccc(cc1)OCCCCCC)c1ccc(s1)C[C@H](CCCC)CC)c1ccc(c2c1nsn2)c1ccc(cc1)N(c1ccc(cc1)OCCCCCC)c1ccc(cc1)OCCCCCC)CC,
72,CCCC[C@H](COc1c2sc(cc2c(c2c1cc(s2)c1ccc(c2c1nsn2)c1ccc(cc1)N(c1ccc(cc1)OCCCCCC)c1ccc(cc1)OCCCCCC)OC[C@H](CCCC)CC)c1ccc(c2c1nsn2)c1ccc(cc1)N(c1ccc(cc1)OCCCCCC)c1ccc(cc1)OCCCCCC)CC,
73,N#CC(=Cc1ccc(s1)C#CC1=C2CCC3N2[Zn@@]24n5c1ccc5C(=C1N2C(CC1)C(=c1n4c(=C3c2cc(cc(c2)C(C)(C)C)C(C)(C)C)cc1)C#Cc1ccc(s1)C=C(C#N)C#N)c1cc(cc(c1)C(C)(C)C)C(C)(C)C)C#N,
74,CCCCCCCCN1C(=S)[S]=C(C1=O)[CH]c1cc(c(s1)c1ccc(s1)c1sc(cc1CCCCCCCC)c1sc2c(c1)c(c1ccc(s1)C[C@H](CCCC)CC)c1c(c2c2ccc(s2)C[C@H](CCCC)CC)cc(s1)c1cc(c(s1)c1ccc(s1)c1sc(cc1CCCCCCCC)[CH]C1=[S]C(=S)N(C1=O)C[C@@H](CCCC)CC)CCCCCCCC)CCCCCCCC,
75,CCCCCCCCN1C(=O)S/C(=C\c2cc(c(s2)c2ccc(s2)c2sc(cc2CCCCCCCC)c2sc3c(c2)c(c2ccc(s2)C[C@H](CCCC)CC)c2c(c3c3ccc(s3)C[C@H](CCCC)CC)cc(s2)c2cc(c(s2)c2ccc(s2)c2sc(cc2CCCCCCCC)[CH]C2=[S]C(=O)N(C2=O)C[C@@H](CCCC)CC)CCCCCCCC)CCCCCCCC)/C1=O,
76,CCCCCCC1(CCCCCC)c2cc(sc2c2c1cc(s2)[CH]C1=[S]C(=S)N(C1=O)CC)c1sc2c(c1)c(OC[C@H](CCCC)CC)c1c(c2OC[C@H](CCCC)CC)cc(s1)c1sc2c(c1)C(c1c2sc(c1)/C=C/1\SC(=S)N(C1=O)CC)(CCCCCC)CCCCCC,
77,CCCC[C@@H](COc1c2sc(cc2c(c2c1cc(s2)c1cc2c(s1)c1c(C2(CCCCCC)CCCCCC)cc(s1)C=C(C#N)C#N)OC[C@H](CCCC)CC)c1cc2c(s1)c1c(C2(CCCCCC)CCCCCC)cc(s1)C=C(C#N)C#N)CC,
80,CCCCCC[C@@H](Cn1c(c2ccc(s2)c2ccc(s2)/C=C/c2ccc(s2)c2ccc(s2)c2n(C[C@H](CCCCCC)CCCC)c(=O)c3c2c(=O)n(c3c2cccs2)C[C@H](CCCCCC)CCCC)c2c(c1=O)c(n(c2=O)C[C@H](CCCCCC)CCCC)c1cccs1)CCCC,
81,CCCCCC[C@@H](Cn1c(c2ccc(s2)c2sc3c(c2)ccc2c3ccc3c2sc(c3)c2ccc(s2)c2n(C[C@H](CCCCCC)CCCC)c(=O)c3c2c(=O)n(c3c2cccs2)C[C@H](CCCCCC)CCCC)c2c(c1=O)c(n(c2=O)C[C@H](CCCCCC)CCCC)c1cccs1)CCCC,
82,CCCCCCCCOc1ccc(cc1)C1=C2CCC3N2[Zn@]24n5c1ccc5C(=C1N2C(CC1)C(=c1n4c(=C3C#Cc2ccc(s2)c2n(C[C@@H](CCCC)CC)c(=O)c3c2c(=O)n(c3c2ccc(s2)C)C[C@@H](CCCC)CC)cc1)c1ccc(cc1)OCCCCCCCC)C#Cc1ccc(s1)c1n(C[C@@H](CCCC)CC)c(=O)c2c1c(=O)n(c2c1ccc(s1)C)C[C@@H](CCCC)CC,
83,CCCC[C@H](Cn1c2cc(ccc2c2c1cc(cc2)c1cc(c(s1)c1ccc(s1)c1sc(cc1CCCCCCCC)C=C1C(=O)N(CC)C(=S)N(C1=O)CC)CCCCCCCC)c1cc(c(s1)c1ccc(s1)c1sc(cc1CCCCCCCC)C=C1C(=O)N(CC)C(=S)N(C1=O)CC)CCCCCCCC)CC,
84,CCCCCCc1ccc(s1)c1ccc(s1)c1c(F)c(F)c(c2c1nsn2)c1ccc(s1)C1=[S]c2c(C1)c(c1ccc(s1)C[C@@H](CCCC)CC)c1c(c2c2ccc(s2)C[C@H](CCCC)CC)cc(s1)c1ccc(s1)c1c(F)c(F)c(c2c1nsn2)c1ccc(s1)c1ccc(s1)CCCCCC,
86,CCCCCCc1ccc(s1)c1ccc(s1)c1ccc(c2c1nsn2)c1ccc(s1)C1=[S]c2c(C1)c(c1ccc(s1)C[C@@H](CCCC)CC)c1c(c2c2ccc(s2)C[C@H](CCCC)CC)cc(s1)c1ccc(s1)c1ccc(c2c1nsn2)c1ccc(s1)c1ccc(s1)CCCCCC,
88,CCCCCCc1csc(c1)c1ccc(c2c1nsn2)c1cc(c(s1)c1ccc(cc1)N(c1cccc(c1)c1sc(cc1CCCCCC)c1ccc(c2c1nsn2)c1scc(c1)CCCCCC)c1ccc(cc1)/C=C/C1=CC(=C(C#N)C#N)CC(C1)(C)C)CCCCCC,
89,CCCCCCCCC1(CCCCCCCC)c2cc(sc2c2c1cc(s2)c1ccc(s1)c1ccc(s1)C(=C(C#N)C#N)CCCCCC)c1ccc(s1)c1ccc(s1)C(=C(C#N)C#N)CCCCCC,
90,CCCCCCCC[Si]1(CCCCCCCC)c2cc(sc2c2c1cc(s2)c1ccc(s1)c1ccc(s1)C(=C(C#N)C#N)CCCCCC)c1ccc(s1)c1ccc(s1)C(=C(C#N)C#N)CCCCCC,
91,CCCCCCCC[Si]1(CCCCCCCC)c2cc(sc2c2c1cc(s2)c1ccc(s1)c1ccc(s1)c1ccc(s1)C(=C(C#N)C#N)CCCCCC)c1ccc(s1)c1ccc(s1)c1ccc(s1)C(=C(C#N)C#N)CCCCCC,
96,CCCC[C@H](CN1c2ccc(cc2Sc2c1cccc2)/C=C/c1c(CC)c(c2n1[B](F)(F)n1c([C]2c2ccc(cc2)N(=O)=O)c(c(c1/C=C/c1ccc2c(c1)Sc1c(N2C[C@H](CCCC)CC)cccc1)CC)C)C)CC,
97,CCCCCCCC[C@H](Cn1nc2c(n1)c(c1ccc(s1)c1cc3c(s1)c(c1ccc(s1)C[C@H](CCCC)CC)c1c(c3c3ccc(s3)C[C@H](CCCC)CC)sc(c1)c1ccc(s1)c1c(F)c(F)c(c3c1nn(n3)C[C@@H](CCCCCCCC)CCCCCC)c1ccc(s1)/C=C(/C(=O)OC[C@@H](CCCC)CC)\C#N)c(c(c2c1ccc(s1)/C=C(/C(=O)OC[C@H](CCCC)CC)\C#N)F)F)CCCCCC,
98,CCCC[C@H](CN(c1cccc2c1cccc2)c1cc(O)c(c(c1)O)C1=C(O)C(=C1O)c1c(O)cc(cc1O)N(c1cccc2c1cccc2)C[C@H](CCCC)CC)CC,
99,CCCC[C@H](C[C](c1ccc2c(c1)C(C)(C)c1c2cccc1)c1cc(O)c(c(c1)O)[C]1C(=C(C1=O)c1c(O)cc(cc1O)N(c1ccc2c(c1)C(C)(C)c1c2cccc1)C[C@H](CCCC)CC)O)CC,
100,CCCC[C@@H](Cn1c(c2ccc(s2)C#Cc2c3ccccc3c(c3c2cccc3)C#Cc2ccc(s2)c2n(C[C@H](CCCC)CC)c(=O)c3c2c(=O)n(c3c2cccs2)C[C@H](CCCC)CC)c2c(c1=O)c(n(c2=O)C[C@H](CCCC)CC)c1cccs1)CC,
101,CCCCCCCC[C@H](Cn1c2cc(sc2c2c1cc(cc2)c1ccc(s1)c1cc2c(s1)c(c1ccc(s1)C[C@H](CCCC)CC)c1c(c2c2ccc(s2)C[C@H](CCCC)CC)sc(c1)c1ccc(s1)c1ccc2c(c1)n(C[C@@H](CCCCCCCC)CCCCCC)c1c2sc(c1)c1ccc(s1)[CH]C1=[S]C(=S)N(C1=O)CC)c1ccc(s1)[CH]C1=[S]C(=S)N(C1=O)CC)CCCCCC,
102,N#CC(=Cc1ccc(s1)c1ccc2c(c1)[C@@H]1CCC[C@@H]1N2c1ccc(cc1)C)C#N,
103,N#CC(=Cc1ccc(s1)c1ccc(s1)c1ccc2c(c1)[C@@H]1CCC[C@@H]1N2c1ccc(cc1)C)C#N,
104,CCCCCCC1(CCCCCC)c2cc(sc2c2c1cc(s2)c1ccc2c(c1)[C@@H]1CCC[C@H]1N2c1ccc(cc1)C)C=C(C#N)C#N,
105,N#CC(=Cc1ccc(s1)c1ccc(c2c1nsn2)c1ccc2c(c1)[C@@H]1CCC[C@@H]1N2c1ccc(cc1)C)C#N,
106,CCCCCCc1c(/C=C/c2sc(c3c2OCCO3)/C=C/c2sc(c(c2CCCCCC)CCCCCC)C=C(C#N)C#N)sc(c1CCCCCC)C=C(C#N)C#N,
107,CCCCCCc1c(/C=C/c2sc(c3c2OCCO3)/C=C/c2sc(c(c2CCCCCC)CCCCCC)/C=C/c2sc(c(c2CCCCCC)CCCCCC)C=C(C#N)C#N)sc(c1CCCCCC)/C=C/c1sc(c(c1CCCCCC)CCCCCC)C=C(C#N)C#N,
108,CCCCCCc1c(/C=C/c2sc(c3c2OCCO3)/C=C/c2sc(c(c2CCCCCC)CCCCCC)/C=C/c2sc(c(c2CCCCCC)CCCCCC)/C=C/c2sc(c(c2CCCCCC)CCCCCC)C=C(C#N)C#N)sc(c1CCCCCC)/C=C\c1sc(c(c1CCCCCC)CCCCCC)/C=C/c1sc(c(c1CCCCCC)CCCCCC)C=C(C#N)C#N,
109,CCCCCCc1cc(sc1C=C(C#N)C#N)/C=C/c1sc(c2c1OCCO2)/C=C/c1cc(c(s1)C=C(C#N)C#N)CCCCCC,
110,CCCCCCc1c([CH]C2=[S]C(=S)N(C2=O)CC)sc(c1CCCCCC)/C=C/c1sc(c2c1OCCO2)/C=C/c1sc(c(c1CCCCCC)CCCCCC)/C=C\1/SC(=S)N(C1=O)CC,
111,CCCCCCc1cc(sc1/C=C/c1sc(c2c1OCCO2)/C=C/c1sc(cc1CCCCCC)/C=C\1/SC(=S)N(C1=O)CC)/C=C/1\SC(=S)N(C1=O)CC,
112,CCCCCCc1ccc(s1)c1csc(c1)c1cc(F)c(c2c1nsn2)c1sc2c(c1)[Ge@](c1c2sc(c1)c1c(F)cc(c2c1nsn2)c1ccc(s1)c1ccc(s1)CCCCCC)(C[C@H](CCCC)CC)C[C@H](CCCC)CC,
113,CCCCCCc1ccc(s1)c1ccc(s1)c1ccc(o1)c1nc2c(s1)nc(s2)c1ccc(o1)c1ccc(s1)c1ccc(s1)CCCCCC,
114,CCCCCCc1ccc(s1)c1ccc(s1)c1ccc(cc1)/C(=C(/c1ccc(cc1)c1ccc(s1)c1ccc(s1)CCCCCC)\C#N)/C#N,
115,CCCC[C@@H](C[C@]1(C[C@H](CCCC)CC)c2cc(sc2c2c1cc(s2)c1cc(c(s1)c1ccc(s1)c1sc(cc1CCCCCCCC)[CH]C1=[S]C(=S)N(C1=O)CC)CCCCCCCC)c1cc(c(s1)c1ccc(s1)c1sc(cc1CCCCCCCC)[CH]C1=[S]C(=S)N(C1=O)CC)CCCCCCCC)CC,
116,CCCCCCCCc1cc(sc1c1ccc(s1)c1sc(cc1CCCCCCCC)[CH]C1=[S]C(=S)N(C1=O)CC)c1sc2c(c1)[Si@](c1c2sc(c1)c1sc(c(c1)CCCCCCCC)c1ccc(s1)c1sc(cc1CCCCCCCC)/C=C\1/SC(=S)N(C1=O)CC)(C[C@H](CCCC)CC)C[C@H](CCCC)CC,
117,CCCCCCc1cc(sc1c1ccc(s1)c1cc(cc(c1)c1ccc(s1)c1sc(cc1CCCCCC)c1sc(cc1CCCCCC)c1ccc2c(c1)N(C[C@@H](CCCC)CC)C(=O)/C/2=C\1/C(=O)N(c2c1cc(F)cc2)C[C@@H](CCCC)CC)c1ccc(s1)c1sc(cc1CCCCCC)c1sc(cc1CCCCCC)c1ccc2c(c1)N(C[C@@H](CCCC)CC)C(=O)/C/2=C\1/C(=O)N(c2c1cc(F)cc2)C[C@@H](CCCC)CC)c1sc(cc1CCCCCC)c1ccc2c(c1)N(C[C@@H](CCCC)CC)C(=O)/C/2=C\1/C(=O)N(c2c1ccc(c2)F)C[C@@H](CCCC)CC,
118,CCCCCCc1cc(sc1c1ccc(s1)c1sc(cc1CCCCCC)c1sc(cc1CCCCCC)c1ccc2c(c1)N(C[C@@H](CCCC)CC)C(=O)/C/2=C/1\c2cc(F)ccc2N(C1=O)C[C@@H](CCCC)CC)c1sc(cc1CCCCCC)c1ccc2c(c1)N(C[C@@H](CCCC)CC)C(=O)/C/2=C/1\c2cc(F)ccc2N(C1=O)C[C@@H](CCCC)CC,
119,CCCCCCCCN1c2ccc(cc2C([C@@H]1[CH]C1=C(O)[C](C1=O)c1ccc(n1C)c1ccc(s1)c1ccc(cc1)N(c1ccc2c(c1)C(C)(C)c1c2cccc1)c1ccc2c(c1)C(C)(C)c1c2cccc1)(C)C)c1ccc(s1)/C=C(/C(=O)OCCCCCC)\C#N,
120,c1ccc(cc1)N(c1ccccc1)c1ccc(cc1)/N=C/c1ccc(s1)c1ccc(c2c1nsn2)c1ccc(s1)/C=N/c1ccc(cc1)N(c1ccccc1)c1ccccc1,
121,CCCC[C@H](COc1ccc(cc1)c1c2cc(sc2c(c2c1sc(c2)c1sc(c(c1)CCCCCCCC)c1ccc(s1)c1sc(cc1CCCCCCCC)/C=C(/C(=O)OCCCCCCCC)\C#N)c1ccc(cc1)OC[C@H](CCCC)CC)c1sc(c(c1)CCCCCCCC)c1ccc(s1)c1sc(cc1CCCCCCCC)/C=C(/C(=O)OCCCCCCCC)\C#N)CC,
122,CCCC[C@H](COc1ccc(cc1F)c1c2cc(sc2c(c2c1sc(c2)c1sc(c(c1)CCCCCCCC)c1ccc(s1)c1sc(cc1CCCCCCCC)/C=C(/C(=O)OCCCCCCCC)\C#N)c1ccc(c(c1)F)OC[C@H](CCCC)CC)c1sc(c(c1)CCCCCCCC)c1ccc(s1)c1sc(cc1CCCCCCCC)/C=C(/C(=O)OCCCCCCCC)\C#N)CC,
123,N#C/C(=C\c1ccc(cc1)N(c1ccccc1)c1ccccc1)/c1ccc(cc1)/C(=C/c1ccc(cc1)N(c1ccccc1)c1ccccc1)/C#N,
124,Cc1cc(C)c(c(c1)C)/C/1=C/2\C=CC(=N2)/C(=c\2/cc/c(=C(/C3=N/C(=C(\c4[nH]c1cc4)/c1ccc(cc1)Nc1nc(nc(n1)Nc1ccc(cc1)[C]1c4c(C)cc(n4[B](n4c1c(C)cc4C)(F)F)C)Nc1ccc(cc1)[C]1c4c(C)cc(n4[B](n4c1c(C)cc4C)(F)F)C)/C=C3)\c1c(C)cc(cc1C)C)/[nH]2)/c1ccc(cc1)C(=O)O,
125,CCCC[C@H](Cn1c(c2ccc(s2)c2ccc(cc2)c2nc(nc(n2)c2ccc(cc2)c2ccc(s2)c2n(C[C@@H](CCCC)CC)c(=O)c3c2c(=O)n(c3c2ccc(s2)c2ccc(cc2)N(c2ccc(cc2)C(C)(C)C)c2ccc(cc2)C(C)(C)C)C[C@@H](CCCC)CC)c2ccc(cc2)c2ccc(s2)c2n(C[C@@H](CCCC)CC)c(=O)c3c2c(=O)n(c3c2ccc(s2)c2ccc(cc2)N(c2ccc(cc2)C(C)(C)C)c2ccc(cc2)C(C)(C)C)C[C@@H](CCCC)CC)c2c(c1=O)c(n(c2=O)C[C@H](CCCC)CC)c1ccc(s1)c1ccc(cc1)N(c1ccc(cc1)C(C)(C)C)c1ccc(cc1)C(C)(C)C)CC,
127,CCCCCCn1c(=O)c2c(c1c1ccc(cc1)c1nc(nc(n1)c1ccc(cc1)c1ccc(cc1)c1n(CCCCCC)c(=O)c3c1c(=O)n(c3c1ccc(cc1)c1ccc(cc1)N(c1ccc(cc1)C(C)(C)C)c1ccc(cc1)C(C)(C)C)CCCCCC)c1ccc(cc1)c1ccc(cc1)c1n(CCCCCC)c(=O)c3c1c(=O)n(c3c1ccc(cc1)c1ccc(cc1)N(c1ccc(cc1)C(C)(C)C)c1ccc(cc1)C(C)(C)C)CCCCCC)c(=O)n(c2c1ccc(cc1)c1ccc(cc1)N(c1ccc(cc1)C(C)(C)C)c1ccc(cc1)C(C)(C)C)CCCCCC,
129,CCCCCCn1c(=O)c2c(c1c1ccc(cc1)c1nc(nc(n1)c1ccc(cc1)c1ccc(cc1)c1n(CCCCCC)c(=O)c3c1c(=O)n(c3c1ccc(cc1)c1ccc(cc1)n1c3ccc(cc3c3c1ccc(c3)C(C)(C)C)C(C)(C)C)CCCCCC)c1ccc(cc1)c1ccc(cc1)c1n(CCCCCC)c(=O)c3c1c(=O)n(c3c1ccc(cc1)c1ccc(cc1)n1c3ccc(cc3c3c1ccc(c3)C(C)(C)C)C(C)(C)C)CCCCCC)c(=O)n(c2c1ccc(cc1)c1ccc(cc1)n1c2ccc(cc2c2c1ccc(c2)C(C)(C)C)C(C)(C)C)CCCCCC,
131,CCCC[C@H](Cc1ccc(s1)c1c2cc(sc2c(c2c1sc(c2)c1ccc(s1)c1ccc(s1)c1n(C[C@H](CCCC)CC)c(=O)c2c1c(=O)n(c2c1ccc(s1)c1ccc(cc1)N(c1ccccc1)c1ccccc1)C[C@H](CCCC)CC)c1ccc(s1)C[C@H](CCCC)CC)c1ccc(s1)c1ccc(s1)c1n(C[C@@H](CCCC)CC)c(=O)c2c1c(=O)n(c2c1ccc(s1)c1ccc(cc1)N(c1ccccc1)c1ccccc1)C[C@@H](CCCC)CC)CC,
132,CCCC[C@H](Cc1ccc(s1)c1c2cc(sc2c(c2c1sc(c2)c1ccc(s1)c1ccc(s1)c1n(C[C@H](CCCC)CC)c(=O)c2c1c(=O)n(c2c1ccc(s1)c1ccc(cc1)CCCC)C[C@H](CCCC)CC)c1ccc(s1)C[C@H](CCCC)CC)c1ccc(s1)c1ccc(s1)c1n(C[C@@H](CCCC)CC)c(=O)c2c1c(=O)n(c2c1ccc(s1)c1ccc(cc1)CCCC)C[C@@H](CCCC)CC)CC,
133,CCCCCCCCOC(=O)/C(=C/c1ccc(s1)c1sc(cc1c1ccc(s1)/C=C(/C(=O)OCCCCCCCC)\C#N)c1sc(cc1CCCCCC)c1sc(cc1CCCCCC)c1ccc(c2c1nsn2)c1sc(c(c1)CCCCCC)c1sc(c(c1)CCCCCC)c1sc(c(c1)c1ccc(s1)/C=C(/C(=O)OCCCCCCCC)\C#N)c1ccc(s1)/C=C(/C(=O)OCCCCCCCC)\C#N)/C#N,
134,CCCCCCCCOC(=O)/C(=C/c1ccc(s1)c1sc(cc1c1ccc(s1)/C=C(/C(=O)OCCCCCCCC)\C#N)c1sc(cc1CCCCCC)c1ccc2c(c1)N(C[C@H](CCCC)CC)C(=O)/C/2=C\1/C(=O)N(c2c1ccc(c2)c1sc(c(c1)CCCCCC)c1sc(c(c1)c1ccc(s1)/C=C(/C(=O)OCCCCCCCC)\C#N)c1ccc(s1)/C=C(/C(=O)OCCCCCCCC)\C#N)C[C@H](CCCC)CC)/C#N,
135,CCCCCCCCOC(=O)/C(=C/c1ccc(s1)c1sc(cc1c1ccc(s1)/C=C(/C(=O)OCCCCCCCC)\C#N)c1sc(cc1CCCCCC)c1sc(cc1CCCCCC)c1ccc2c(c1)N(C[C@H](CCCC)CC)C(=O)/C/2=C\1/C(=O)N(c2c1ccc(c2)c1sc(c(c1)CCCCCC)c1sc(c(c1)CCCCCC)c1sc(c(c1)c1ccc(s1)/C=C(/C(=O)OCCCCCCCC)\C#N)c1ccc(s1)/C=C(/C(=O)OCCCCCCCC)\C#N)C[C@H](CCCC)CC)/C#N,
136,CCCC[C@@H](CN1C(=O)/C(=C/2\c3ccc(cc3N(C2=O)C[C@H](CCCC)CC)c2cc(c(s2)c2cc(c(s2)c2ccc(s2)/C=C(/C(=O)OCCCCCCCC)\C#N)CCCCCC)CCCCCC)/c2c1cc(cc2)c1cc(c(s1)c1cc(c(s1)c1ccc(s1)/C=C(/C(=O)OCCCCCCCC)\C#N)CCCCCC)CCCCCC)CC,
137,CCCC[C@H](Cn1c(=O)c2c(c1c1ccc(s1)c1cc3c(s1)c1c([C@@]3(C[C@H](CCCC)CC)C[C@H](CCCC)CC)cc3c(c1)[C@](C[C@@H](CCCC)CC)(C[C@@H](CCCC)CC)c1c3sc(c1)c1c(F)c(F)c(c3c1nsn3)c1ccc(s1)c1ccc(s1)CCCCCC)c(=O)n(c2c1ccc(s1)c1cc2c(s1)c1c([C@@]2(C[C@H](CCCC)CC)C[C@H](CCCC)CC)cc2c(c1)[C@](C[C@@H](CCCC)CC)(C[C@@H](CCCC)CC)c1c2sc(c1)c1c(F)c(F)c(c2c1nsn2)c1ccc(s1)c1ccc(s1)CCCCCC)C[C@H](CCCC)CC)CC,
138,CCCC[C@H](Cn1c(=O)c2c(c1c1ccc(s1)c1cc3c(s1)c1c([C@@]3(C[C@H](CCCC)CC)C[C@H](CCCC)CC)cc3c(c1)[C@](C[C@@H](CCCC)CC)(C[C@@H](CCCC)CC)c1c3sc(c1)c1ccc(s1)c1c(F)c(F)c(c3c1nsn3)c1ccc(s1)c1ccc(s1)CCCCCC)c(=O)n(c2c1ccc(s1)c1cc2c(s1)c1c([C@@]2(C[C@H](CCCC)CC)C[C@H](CCCC)CC)cc2c(c1)[C@](C[C@@H](CCCC)CC)(C[C@@H](CCCC)CC)c1c2sc(c1)c1ccc(s1)c1c(F)c(F)c(c2c1nsn2)c1ccc(s1)c1ccc(s1)CCCCCC)C[C@H](CCCC)CC)CC,
139,CCCC[C@H](Cn1c(=O)c2c(c1c1ncc(s1)c1ccc(s1)c1cc3c(s1)c1c([C@@]3(C[C@H](CCCC)CC)C[C@H](CCCC)CC)cc3c(c1)[C@](C[C@@H](CCCC)CC)(C[C@@H](CCCC)CC)c1c3sc(c1)c1ccc(s1)c1c(F)c(F)c(c3c1nsn3)c1ccc(s1)c1ccc(s1)CCCCCC)c(=O)n(c2c1ncc(s1)c1ccc(s1)c1cc2c(s1)c1c([C@@]2(C[C@H](CCCC)CC)C[C@H](CCCC)CC)cc2c(c1)[C@](C[C@@H](CCCC)CC)(C[C@@H](CCCC)CC)c1c2sc(c1)c1ccc(s1)c1c(F)c(F)c(c2c1nsn2)c1ccc(s1)c1ccc(s1)CCCCCC)C[C@H](CCCC)CC)CC,
140,CCCC[C@H](C[C@]1(C[C@@H](CCCC)CC)c2cc3c4sc(cc4[C@@](c3cc2c2c1cc(s2)c1c(F)c(F)c(c2c1nsn2)c1ccc(s1)c1ccc(s1)CCCCCC)(C[C@H](CCCC)CC)C[C@H](CCCC)CC)c1c(F)c(F)c(c2c1nsn2)c1ccc(s1)c1ccc(s1)CCCCCC)CC,
141,CCCC[C@H](C[C@]1(C[C@@H](CCCC)CC)c2cc3c4sc(cc4[C@@](c3cc2c2c1cc(s2)c1ccc(s1)c1c(F)c(F)c(c2c1nsn2)c1ccc(s1)c1ccc(s1)CCCCCC)(C[C@H](CCCC)CC)C[C@H](CCCC)CC)c1ccc(s1)c1c(F)c(F)c(c2c1nsn2)c1ccc(s1)c1ccc(s1)CCCCCC)CC,
142,CCCC[C@H](C[C@]1(C[C@@H](CCCC)CC)c2cc3c4sc(cc4[C@@](c3cc2c2c1cc(s2)c1ccc(c2c1nsn2)c1ccc(s1)c1ccc(s1)CCCCCC)(C[C@H](CCCC)CC)C[C@H](CCCC)CC)c1ccc(c2c1nsn2)c1ccc(s1)c1ccc(s1)CCCCCC)CC,
143,CCCCCCc1ccc(s1)c1ccc(s1)c1ccc(s1)[C@H]1C2=C(O)N([C@@H](C2=C(N1C[C@@H](CCCC)CC)O)c1ccc(s1)c1ccc(cc1)N(c1ccc(cc1)c1ccc(s1)[C@@H]1N(C[C@@H](CCCC)CC)C(=C2C1=C(O)N([C@H]2c1ccc(s1)c1ccc(s1)c1ccc(s1)CCCCCC)C[C@@H](CCCC)CC)O)c1ccc(cc1)[C@H](CC)C)C[C@@H](CCCC)CC,
144,CCCCCCCCc1cc(sc1c1ccc(s1)c1sc(cc1CCCCCCCC)[CH]C1=[S]C(=S)N(C1=O)CC)c1sc(c2c1cc(s2)C(=O)[C@H](CCCC)CC)c1sc(c(c1)CCCCCCCC)c1ccc(s1)c1sc(cc1CCCCCCCC)[CH]C1=[S]C(=O)N(C1=S)CC,
145,CCCC[C@H](CN1c2ccc(cc2Sc2c1ccc(c2)C=C1C(=O)c2c(C1=O)cccc2)c1ccc(cc1)N(c1ccccc1)c1ccccc1)CC,
148,CCCC[C@H](CN(c1ccccc1)c1cc(O)c(c(c1)O)[C]1[C@]2([C@]1([C]2c1c(O)cc(cc1O)N(c1ccccc1)C[C@H](CCCC)CC)O)O)CC,
149,CCCCCCCCc1cc(sc1c1ccc(s1)c1sc(cc1CCCCCCCC)/C=C\1/C(=NN(C1=O)c1ccccc1)C)c1sc(c2c1cc(s2)C(=O)[C@H](CCCC)CC)c1cc(c(s1)c1ccc(s1)c1sc(cc1CCCCCCCC)/C=C\1/C(=NN(C1=O)c1ccccc1)C)CCCCCCCC,
150,CCCCCCCCOc1ccc(cc1)c1ccc(cc1)N1N=C(/C(=C/c2sc(c(c2)CCCCCCCC)c2ccc(s2)c2sc(cc2CCCCCCCC)c2sc(c3c2cc(s3)C(=O)[C@H](CCCC)CC)c2sc(c(c2)CCCCCCCC)c2ccc(s2)c2sc(cc2CCCCCCCC)/C=C\2/C(=NN(C2=O)c2ccc(cc2)c2ccc(cc2)OCCCCCCCC)C)/C1=O)C,
151,CCCCN1c2ccc3c(c2C(/C/1=C\[C]1C(=O)[C](C1=O)c1c(O)cc(cc1O)N1CCc2c1cccc2)(C)C)cccc3,
152,CCCCN1c2ccc3c(c2C(/C/1=C\[C]1C(=O)[C](C1=O)c1c(O)cc(cc1O)N1CCc2c1cc(F)cc2)(C)C)cccc3,
153,CCCCN1c2ccc3c(c2C(/C/1=C\[C]1C(=O)[C](C1=O)c1c(O)cc(cc1O)N1CCc2c1cc(F)cc2F)(C)C)cccc3,
154,CCCCN1c2cc3ccccc3cc2C([C@@H]1/C=C\1/C(=C(C1=O)c1c(O)cc(cc1O)N(c1ccc(cc1)C)c1ccc(cc1)C)O)(C)C,
155,CCCCN1c2cc3ccccc3cc2C([C@@H]1/C=C\1/C(=C(C1=O)c1c(O)cc(cc1O)N(c1ccc(cc1)c1ccccc1)c1ccc(cc1)c1ccccc1)O)(C)C,
156,CCCCN1c2cc3ccccc3cc2C([C@@H]1/C=C\1/C(=C(C1=O)c1c(O)cc(cc1O)N(c1ccc(cc1)c1cccc2c1cccc2)c1ccccc1)O)(C)C,
157,CCCCN1c2cc3ccccc3cc2C([C@@H]1/C=C\1/C(=C(C1=O)c1c(O)cc(cc1O)N(c1cccc2c1cccc2)c1cccc2c1cccc2)O)(C)C,
158,CCCCN1c2cc3ccccc3cc2C([C@@H]1/C=C\1/C(=C(C1=O)c1c(O)cc(cc1O)N(c1ccc2c(c1)C(CC)(CC)c1c2cccc1)c1ccc2c(c1)c1ccccc1C2(CC)CC)O)(C)C,
159,CCCCN1c2cc3ccccc3cc2C([C@@H]1/C=C\1/C(=C(C1=O)c1c(O)cc(cc1O)N(c1ccc2c(c1)c1ccccc1n2CC)c1ccc2c(c1)n(CC)c1c2cccc1)O)(C)C,
160,CCCC[C@@H](Cc1ccc(s1)c1c2sc(cc2c(c2c1cc(s2)c1cc(c(s1)C=C(C#N)C#N)CCCCCC)c1ccc(s1)C[C@H](CCCC)CC)c1cc(c(s1)C=C(C#N)C#N)CCCCCC)CC,
161,CCCC[C@H](Cn1c(=O)c2c(c1c1ccc(s1)c1cc3c(s1)c1c([C@@]3(C[C@H](CCCC)CC)C[C@H](CCCC)CC)cc3c(c1)[C@](C[C@@H](CCCC)CC)(C[C@@H](CCCC)CC)c1c3sc(c1)c1ccc(c3c1nsn3)c1ccc(s1)c1ccc(s1)CCCCCC)c(=O)n(c2c1ccc(s1)c1cc2c(s1)c1c([C@@]2(C[C@H](CCCC)CC)C[C@H](CCCC)CC)cc2c(c1)[C@](C[C@@H](CCCC)CC)(C[C@@H](CCCC)CC)c1c2sc(c1)c1ccc(c2c1nsn2)c1ccc(s1)c1ccc(s1)CCCCCC)C[C@H](CCCC)CC)CC,
162,CCCC[C@H](CN1c2ccc(cc2Sc2c1cccc2)/C=C/c1c(CC)c(c2n1[B](F)(F)n1c([C]2c2ccc(cc2)N(c2ccccc2)c2ccccc2)c(c(c1/C=C/c1ccc2c(c1)Sc1c(N2C[C@H](CCCC)CC)cccc1)CC)C)C)CC,
163,CCCCCCc1cc(sc1C#Cc1ccc(cc1)C#Cc1sc(cc1CCCCCC)c1ccc(c2c1nsn2)c1ccc(cc1)N(c1ccc(cc1)C)c1ccc(cc1)C)c1ccc(c2c1nsn2)c1ccc(cc1)N(c1ccc(cc1)C)c1ccc(cc1)C,
164,CCCCCCCCCCCCC1(CCCCCCCCCCCC)c2cc(sc2c2c1cc(s2)C#Cc1sc(cc1CCCCCC)c1ccc(c2c1nsn2)c1ccc(cc1)N(c1ccc(cc1)C)c1ccc(cc1)C)C#Cc1sc(cc1CCCCCC)c1ccc(c2c1nsn2)c1ccc(cc1)N(c1ccc(cc1)C)c1ccc(cc1)C,
165,CCCCCCc1cc(sc1C#Cc1ccc(cc1)N(c1ccc(cc1)C#Cc1sc(cc1CCCCCC)c1ccc(c2c1nsn2)c1ccc(cc1)N(c1ccc(cc1)C)c1ccc(cc1)C)c1ccc(cc1)C)c1ccc(c2c1nsn2)c1ccc(cc1)N(c1ccc(cc1)C)c1ccc(cc1)C,
166,CCCCCCc1cc(sc1C#Cc1ccc(cc1)C#Cc1sc(cc1CCCCCC)c1ccc(c2c1nsn2)c1ccc(s1)c1ccc(cc1)N(c1ccc(cc1)C)c1ccc(cc1)C)c1ccc(c2c1nsn2)c1ccc(s1)c1ccc(cc1)N(c1ccc(cc1)C)c1ccc(cc1)C,
167,CCCCCCCCn1c(=O)c2ccc(c3c2c(c1=O)ccc3)c1ccc(s1)c1ccc(cc1)N(c1ccc(cc1)c1ccc(s1)c1ccc2c3c1cccc3c(=O)n(c2=O)CCCCCCCC)c1ccc(cc1)c1ccc(s1)c1ccc2c3c1cccc3c(=O)n(c2=O)CCCCCCCC,
168,CCCCCCCCn1c(=O)c2ccc(c3c2c(c1=O)ccc3)c1ccc(s1)c1ccc(s1)c1ccc(cc1)N(c1ccc(cc1)c1ccc(s1)c1ccc(s1)c1ccc2c3c1cccc3c(=O)n(c2=O)CCCCCCCC)c1ccc(cc1)c1ccc(s1)c1ccc(s1)c1ccc2c3c1cccc3c(=O)n(c2=O)CCCCCCCC,
169,CCCCCCCCn1c(=O)c2ccc(c3c2c(c1=O)ccc3)c1ccc(s1)c1ccc(s1)c1ccc(s1)c1ccc(cc1)N(c1ccc(cc1)c1ccc(s1)c1ccc(s1)c1ccc(s1)c1ccc2c3c1cccc3c(=O)n(c2=O)CCCCCCCC)c1ccc(cc1)c1ccc(s1)c1ccc(s1)c1ccc(s1)c1ccc2c3c1cccc3c(=O)n(c2=O)CCCCCCCC,
170,CCCC[C@@H](CN1c2ccc(cc2Sc2c1cccc2)[C]1c2c(C)c(c(n2[B](n2c1c(C)c(c2/C=C/c1ccc(cc1)N(c1ccccc1)c1ccccc1)CC)(F)F)/C=C/c1ccc(cc1)N(c1ccccc1)c1ccccc1)CC)CC,
171,CCCCCCCCc1cc(sc1c1ccc(s1)c1cc(c(s1)c1sc(cc1CCCCCCCC)c1sc(cc1CCCCCCCC)/C=C\1/SC(=S)N(C1=O)CC)CCCCCCCC)c1sc(cc1CCCCCCCC)c1sc(cc1CCCCCCCC)/C=C\1/SC(=S)N(C1=O)CC,
172,CCCCCCCCc1cc(sc1c1sc2c(c1)sc(c2)c1sc(c(c1)CCCCCCCC)c1sc(cc1CCCCCCCC)c1sc(cc1CCCCCCCC)/C=C\1/SC(N(C1=O)CC)[C](C#N)C#N)c1sc(cc1CCCCCCCC)c1sc(cc1CCCCCCCC)[CH]C1SC(=C(C#N)C#N)N(C1=O)CC,
173,CCCC[C@@H](Cc1ccc(s1)c1c2cc(sc2c(c2c1sc(c2)c1sc(cc1CCCCCC)c1c(F)c(F)c(c2c1nsn2)c1sc(c(c1)CCCCCC)c1ccc(s1)C[C@@H](CCCC)CC)c1ccc(s1)C[C@H](CCCC)CC)c1sc(cc1CCCCCC)c1c(F)c(F)c(c2c1nsn2)c1sc(c(c1)CCCCCC)c1ccc(s1)C[C@H](CCCC)CC)CC,
174,CCCC[C@@H](Cc1ccc(s1)c1c2cc(sc2c(c2c1sc(c2)c1sc(cc1CCCCCC)c1c(F)c(F)c(c2c1nsn2)c1sc(c(c1)CCCCCC)/C=C(/C(=O)OC[C@@H](CCCC)CC)\C#N)c1ccc(s1)C[C@H](CCCC)CC)c1sc(cc1CCCCCC)c1c(F)c(F)c(c2c1nsn2)c1sc(c(c1)CCCCCC)/C=C(/C(=O)OC[C@H](CCCC)CC)\C#N)CC,
175,CCCCCCCCCCCCc1cc(sc1c1ccc(cc1)N(c1ccccc1)c1ccccc1)c1ccc(cc1)N(c1ccc(cc1)C)c1ccc(cc1)c1ccc(c2c1nsn2)c1ccc(cc1)N(c1ccc(cc1)c1sc(c(c1)CCCCCCCCCCCC)c1ccc(cc1)N(c1ccccc1)c1ccccc1)c1ccc(cc1)C,
176,CCCCCCCCCCCCc1cc(sc1c1ccc(cc1)N(c1ccccc1)c1ccccc1)c1ccc(cc1)N(c1ccc(cc1)c1cc(c(s1)c1ccc(cc1)N(c1ccccc1)c1ccccc1)CCCCCCCCCCCC)c1ccc(cc1)c1ccc(c2c1nsn2)c1ccc(cc1)N(c1ccc(cc1)c1cc(c(s1)c1ccc(cc1)N(c1ccccc1)c1ccccc1)CCCCCCCCCCCC)c1ccc(cc1)c1cc(c(s1)c1ccc(cc1)N(c1ccccc1)c1ccccc1)CCCCCCCCCCCC,
177,CCCCCCCCCCCCCCCc1c(sc2c1sc1c2sc2c1sc(c2CCCCCCCCCCCCCCC)c1ccc(s1)c1n(C[C@H](CCCC)CC)c(=O)c2c1c(=O)n(c2c1cccs1)C[C@@H](CCCC)CC)c1ccc(s1)c1n(CC[C@@H](CCCC)CC)c(=O)c2c1c(=O)n(c2c1cccs1)C[C@@H](CCCC)CC,
178,CCCCCCCCCCCCc1c(sc2c1sc1c2sc2c1sc(c2CCCCCCCCCCCCCCC)c1ccc(s1)[C]1N(C[C@@H](CCCC)CC)C(=O)c2c1c(OC[C@@H](CCCC)CC)nc2c1cccs1)c1ccc(s1)[C]1N(C[C@@H](CCCC)CC)C(=O)c2c1c(OC[C@@H](CCCC)CC)nc2c1cccs1,
179,CCCCCCCC[C@@H](Cc1ccc(s1)c1ccc(s1)c1c2sc(cc2c(c2c1cc(s2)c1cc(c(s1)c1ccc(s1)c1sc(cc1CCCCCCCC)/C=C/1\SC(=S)N(C1=O)CC)CCCCCCCC)c1ccc(s1)c1ccc(s1)C[C@H](CCCCCCCC)CCCCCC)c1cc(c(s1)c1ccc(s1)c1sc(cc1CCCCCCCC)[CH]C1=[S]C(=S)N(C1=O)CC)CCCCCCCC)CCCCCC,
180,CCCCCCCCc1cc(sc1c1sc2c(c1)[S]=C(C2)c1sc(cc1CCCCCCCC)/C=C/1\SC(=S)N(C1=O)CC)c1cc2c(s1)c(c1sc(c(c1)CCCCCC)C[C@@H](CCCC)CC)c1c(c2c2sc(c(c2)CCCCCC)C[C@@H](CCCC)CC)sc(c1)c1sc(c(c1)CCCCCCCC)c1cc2c(s1)cc(s2)c1sc(cc1CCCCCCCC)[CH]C1=[S]C(=S)N(C1=O)CC,
181,CCCCCCCCc1cc(sc1c1ccc(s1)c1sc(cc1CCCCCCCC)[CH]C1=[S]C(=S)N(C1=O)CC)c1sc2c(c1)c(c1ccc(s1)[C@H](CCCCC)CC)c1c(c2c2ccc(s2)[C@H](CCCCC)CC)cc(s1)c1cc2c(s1)c(c1ccc(s1)[C@H](CCCCC)CC)c1c(c2c2ccc(s2)[C@H](CCCCC)CC)sc(c1)c1sc(c(c1)CCCCCCCC)c1ccc(s1)c1sc(cc1CCCCCCCC)/C=C/1\SC(=S)N(C1=O)CC,
182,CCCCCCCCc1cc(sc1c1ccc(s1)c1sc(cc1CCCCCCCC)[CH]C1=[S]C(=S)N(C1=O)CC)c1cc2c(s1)c(c1ccc(s1)[C@H](CCCCC)CC)c1c(c2c2ccc(s2)[C@H](CCCCC)CC)sc(c1)c1sc2c(c1)c(c1ccc(s1)[C@H](CCCCC)CC)c1c(c2c2ccc(s2)[C@H](CCCCC)CC)cc(s1)c1sc2c(c1)c(c1ccc(s1)[C@H](CCCCC)CC)c1c(c2c2ccc(s2)[C@H](CCCCC)CC)cc(s1)c1cc(c(s1)c1ccc(s1)c1sc(cc1CCCCCCCC)/C=C/1\SC(=S)N(C1=O)CC)CCCCCCCC,
184,CCCCCCn1c2cc(ccc2c2c1c1c(c3c2n(CCCCCC)c2c3cccc2)n(c2c1cccc2)CCCCCC)c1cnc(s1)c1n(C[C@H](CCCC)CC)c(=O)c2c1c(=O)n(c2c1ncc(s1)c1ccc2c(c1)n(CCCCCC)c1c2c2n(CCCCCC)c3c(c2c2c1c1ccccc1n2CCCCCC)cccc3)C[C@H](CCCC)CC,
185,CCCCCCn1c2cc(ccc2c2c1c1c(c3c2n(CCCCCC)c2c3cccc2)n(c2c1cccc2)CCCCCC)c1ccc(s1)c1n(C[C@H](CCCC)CC)c(=O)c2c1c(=O)n(c2c1ccc(s1)c1ccc2c(c1)n(CCCCCC)c1c2c2n(CCCCCC)c3c(c2c2c1c1ccccc1n2CCCCCC)cccc3)C[C@H](CCCC)CC,
186,CCCC[C@H](Cc1ccc(s1)c1c2cc(sc2c(c2c1sc(c2)c1cc2c(s1)c1c(n2C[C@@H](CCCC)CC)CC(=[S]1)/C=C/1\SC(=S)N(C1=O)CCCC)c1ccc(s1)C[C@@H](CCCC)CC)c1cc2c(s1)c1c(n2C[C@@H](CCCC)CC)cc(s1)[CH]C1=[S]C(=S)N(C1=O)CCCC)CC,
187,CCCC[C@H](Cn1c2CC(=[S]c2c2c1cc(s2)c1cc2c(s1)c1c(n2C[C@@H](CCCC)CC)cc(s1)/C=C/1\SC(=S)N(C1=O)CCCC)c1cc2c(s1)c1c(n2C[C@@H](CCCC)CC)cc(s1)/C=C/1\SC(=S)N(C1=O)CCCC)CC,
188,CCCC[C@H](Cn1c2c(c3c1cc(s3)c1ccc(c3c1nsn3)C=C(C#N)C#N)sc1c2cccc1)CC,
189,CCCC[C@H](Cn1c2c(c3c1sc(c3)c1ccc(c3c1nsn3)C=C(C#N)C#N)sc1c2cccc1)CC,
190,CCCC[C@H](Cn1c2c(c3c1CC(=[S]3)c1ncc(cn1)C=C(C#N)C#N)sc1c2cccc1)CC,
191,CC([C]1C=CC(=C2C(=C1)C(=C[C@@H]2[C]1C(=O)[C](C1=O)[C@@H]1C(=C[C@H](C=C1O)n1c2CCCc2c2c1ccc1c2cccc1)O)C)C)C,
192,CC([C]1C=CC(=C2C(=C1)C(=C[C@@H]2[C]1C(=O)[C](C1=O)[C@@H]1C=C(C2=C[C](C=CC(=C12)C)C(C)C)C)C)C)C,
193,N#CC(=Cc1cnc(nc1)c1cc2c(s1)c1c(C2(C)C)cc(cc1)N(c1ccc(cc1)C)c1ccc(cc1)C)C#N,
194,CCCC[C@@H](Cn1c2cc(sc2c2c1c1c(s2)c2c(n1C[C@H](CCCC)CC)cc(s2)C=C(C#N)C#N)C=C(C#N)C#N)CC,
195,CCCC[C@@H](Cn1c2c3sc4c(c3sc2c2c1cc(s2)C=C(C#N)C#N)n(c1c4sc(c1)C=C(C#N)C#N)C[C@H](CCCC)CC)CC,
196,CCCC[C@H](Cc1ccc(s1)c1c2cc(sc2c(c2c1sc(c2)c1sc(c2c1cc(s2)C(=O)C[C@H](CCCC)CC)c1ccc(s1)CCCCCCCC)c1ccc(s1)C[C@@H](CCCC)CC)c1sc(c2c1cc(s2)C(=O)C[C@H](CCCC)CC)c1ccc(s1)CCCCCCCC)CC,
197,CCCC[C@H](Cc1ccc(s1)c1c2sc(cc2c(c2c1cc(s2)c1sc(c2c1cc(s2)C(=O)C[C@H](CCCC)CC)c1sc2c(c1)sc(c2)CCCCCCCC)c1ccc(s1)C[C@@H](CCCC)CC)c1sc(c2c1cc(s2)C(=O)C[C@H](CCCC)CC)c1sc2c(c1)sc(c2)CCCCCCCC)CC,
198,CCCC[C@H](Cc1ccc(s1)c1c2sc(cc2c(c2c1cc(s2)c1sc(c2c1cc(s2)C(=O)C[C@H](CCCC)CC)c1ccc(s1)c1ccc(s1)CCCCCCCC)c1ccc(s1)C[C@@H](CCCC)CC)c1sc(c2c1cc(s2)C(=O)C[C@H](CCCC)CC)c1ccc(s1)c1ccc(s1)CCCCCCCC)CC,
199,CCCCCC[C@H](Cn1c(=O)c2cc3c(cc2c2c1cc(s2)c1ccc(s1)c1n(C[C@@H](CCCC)CC)c(=O)c2c1c(=O)n(c2c1cccs1)C[C@@H](CCCC)CC)c(=O)n(c1c3sc(c1)c1ccc(s1)c1n(C[C@@H](CCCC)CC)c(=O)c2c1c(=O)n(c2c1cccs1)C[C@H](CCCC)CC)C[C@H](CCCCCC)CCCC)CCCC,
203,CCCCn1c(=O)c2ccc(c3c2c(c1=O)ccc3)C#Cc1ccc(c2c1nsn2)C#Cc1ccc(cc1)N(c1ccccc1)c1ccccc1,
204,N#CC(=C(c1ccc(c2c1nsn2)C#Cc1cccnc1)C(=C(C#N)C#N)c1ccc(cc1)N(c1ccccc1)c1ccccc1)C#N,
205,N#C[C](c1ccc(cc1)[C](C(=C(C#N)C#N)c1ccc(c2c1nsn2)C#Cc1cccnc1)c1ccc(cc1)N(c1ccccc1)c1ccccc1)C#N,
206,CCCCCCCCc1cc(sc1c1ccc(s1)c1sc(cc1CCCCCCCC)[CH]C1=[S]C(=S)N(C1=O)CC)c1ccc(s1)c1ccc(s1)c1sc(c(c1)CCCCCCCC)c1ccc(s1)c1sc(cc1CCCCCCCC)/C=C/1\SC(=S)N(C1=O)CC,
207,CCCCCCCCc1cc(sc1c1ccc(s1)c1sc(cc1CCCCCCCC)/C=C/1\SC(=S)N(C1=O)CC)c1cc2c(s1)cc(s2)c1cc(c(s1)c1ccc(s1)c1sc(cc1CCCCCCCC)/C=C/1\SC(=S)N(C1=O)CC)CCCCCCCC,
208,CCCC[C@H](Cc1ccc(s1)c1c2cc(sc2c(c2c1sc(c2)c1ccc(s1)c1n(C[C@H](CCCC)CC)c(=O)c2c1c(=O)n(c2c1ccc(s1)c1ccc(s1)CCCCCC)C[C@H](CCCC)CC)c1ccc(s1)C[C@@H](CCCC)CC)c1ccc(s1)c1n(C[C@H](CCCC)CC)c(=O)c2c1c(=O)n(c2c1ccc(s1)c1ccc(s1)CCCCCC)C[C@H](CCCC)CC)CC,
209,CCCCCCCCOc1cc(OCCCCCCCC)cc(c1)C1=C2CCC3N2[Zn@]24n5c1ccc5C(=C1N2C(CC1)C(=c1n4c(=C3)cc1)c1cc(OCCCCCCCC)cc(c1)OCCCCCCCC)C#CC1=c2ccc3=C(C4N5[Zn@@]6(N7C1CCC7=C(c1cc(OCCCCCCCC)cc(c1)OCCCCCCCC)c1n6c(C=C5CC4)cc1)n23)c1cc(OCCCCCCCC)cc(c1)OCCCCCCCC,
210,CCCCCCCCOc1cc(OCCCCCCCC)cc(c1)C1=C2CCC3N2[Zn@@]24n5c1ccc5C(=C1N2C(CC1)C(=c1n4c(=C3)cc1)c1cc(OCCCCCCCC)cc(c1)OCCCCCCCC)C#CC#CC1=c2ccc3=C(C4N5[Zn@]6(N7C1CCC7=C(c1cc(OCCCCCCCC)cc(c1)OCCCCCCCC)c1n6c(C=C5CC4)cc1)n23)c1cc(OCCCCCCCC)cc(c1)OCCCCCCCC,
211,CCCCC[C@@H](Cn1c(=O)c2c(c1c1cccs1)c(=O)n(c2c1ccc(s1)c1cc2ccc3c4c2c(c1)ccc4cc(c3)c1ccc(s1)c1n(C[C@@H](CCCC)CC)c(=O)c2c1c(=O)n(c2c1cccs1)C[C@@H](CCCC)CC)C[C@H](CCCC)CC)CC,
212,CCCCCCCCOC(=O)/C(=C/c1ccc(s1)c1ccc(s1)c1n(C[C@H](CCCCC)CC)c(=O)c2c1c(=O)n(c2c1ccc(s1)c1sc2c(c1)c(c1ccc(s1)C[C@H](CCCC)CC)c1c(c2c2ccc(s2)C[C@H](CCCC)CC)ccs1)C[C@H](CCCC)CC)/C#N,
213,CCCCCCCCOC(=O)/C(=C/c1ccc(s1)c1ccc(s1)c1n(C[C@H](CCCCC)CC)c(=O)c2c1c(=O)n(c2c1ccc(s1)c1sc2c(c1)c(c1ccc(s1)C[C@H](CCCC)CC)c1c(c2c2ccc(s2)C[C@H](CCCC)CC)cc(s1)c1cccs1)C[C@H](CCCC)CC)/C#N,
214,CCCCCCCCOC(=O)/C(=C/c1ccc(s1)c1ccc(s1)c1c2c(=O)n(c(c2c(=O)n1C[C@H](CCCCC)CC)c1ccc(s1)c1sc2c(c1)c(c1ccc(s1)C[C@H](CCCC)CC)c1c(c2c2ccc(s2)C[C@H](CCCC)CC)cc(s1)c1ccc(s1)c1ccc(s1)CCCCCC)C[C@H](CCCC)CC)/C#N,
215,CCCCCCCCOC(=O)/C(=C/c1ccc(s1)c1ccc(s1)c1n(C[C@H](CCCCC)CC)c(=O)c2c1c(=O)n(c2c1ccc(s1)c1cc2c(s1)c(c1ccc(s1)C[C@H](CCCC)CC)c1c(c2c2ccc(s2)C[C@H](CCCC)CC)sc(c1)c1ccc(s1)/C=C(\C(=O)OCCCCCCCC)/C#N)C[C@H](CCCC)CC)/C#N,
216,CCCCCCCCOc1cc(c(cc1/C(=C/c1ccc(s1)c1ccc(cc1)N(c1ccccc1)c1ccccc1)/C#N)OCCCCCCCC)/C(=C/c1ccc(s1)c1ccc(cc1)N(c1ccccc1)c1ccccc1)/C#N,
217,CCCC[C@@H](Cn1c(=O)c2c(c1c1ccc(s1)c1cc3c(o1)cccc3)c(=O)n(c2c1ccc(s1)c1cc2c(o1)cccc2)C[C@H](CCCC)CC)CC,
218,CCCC[C@H](Cc1ccc(s1)c1c2cc(sc2c(c2c1sc(c2)c1ccc(s1)c1n(C[C@H](CCCC)CC)c(=O)c2c1c(=O)n(c2c1ccc(s1)c1ccc(cc1)OC)C[C@H](CCCC)CC)c1ccc(s1)C[C@@H](CCCC)CC)c1ccc(s1)c1n(C[C@H](CCCC)CC)c(=O)c2c1c(=O)n(c2c1ccc(s1)c1ccc(cc1)OC)C[C@H](CCCC)CC)CC,
219,CCCC[C@H](Cc1ccc(s1)c1c2cc(sc2c(c2c1sc(c2)c1ccc(s1)c1n(C[C@H](CCCC)CC)c(=O)c2c1c(=O)n(c2c1ccc(s1)c1ccc(cc1)n1c2ccccc2c2c1cccc2)C[C@H](CCCC)CC)c1ccc(s1)C[C@@H](CCCC)CC)c1ccc(s1)c1n(C[C@H](CCCC)CC)c(=O)c2c1c(=O)n(c2c1ccc(s1)c1ccc(cc1)n1c2ccccc2c2c1cccc2)C[C@H](CCCC)CC)CC,
220,CCCCCCCCc1cc(sc1c1cc(c(s1)c1sc(cc1F)c1sc(cc1CCCCCCCC)c1sc(cc1CCCCCCCC)[CH]C1SC(=C(C#N)C#N)N(C1=O)CC)F)c1sc(cc1CCCCCCCC)[CH]C1SC(=C(C#N)C#N)N(C1=O)CC,
221,CCCCCCCCc1cc(sc1c1cc(c(s1)c1sc(cc1F)c1sc(cc1CCCCCCCC)c1sc(cc1CCCCCCCC)c1sc(cc1CCCCCCCC)[CH]C1SC(=C(C#N)C#N)N(C1=O)CC)F)c1sc(cc1CCCCCCCC)c1sc(cc1CCCCCCCC)[CH]C1SC(=C(C#N)C#N)N(C1=O)CC,
222,CCCC[C@H](COc1c2cc(sc2c(c2c1sc(c2)C#Cc1ccc(s1)c1n([C@@H](CCCCC)CC)c(=O)c2c1c(=O)n(c2c1cccs1)C[C@H](CCCC)CC)OC[C@H](CCCC)CC)C#Cc1ccc(s1)c1n([C@@H](CCCCC)CC)c(=O)c2c1c(=O)n(c2c1cccs1)C[C@H](CCCC)CC)CC,
223,CCCC[C@H](Cc1ccc(s1)c1c2cc(sc2c(c2c1sc(c2)C#Cc1ccc(s1)c1n([C@@H](CCCCC)CC)c(=O)c2c1c(=O)n(c2c1cccs1)C[C@H](CCCC)CC)c1ccc(s1)C[C@H](CCCC)CC)C#Cc1ccc(s1)c1n([C@@H](CCCCC)CC)c(=O)c2c1c(=O)n(c2c1cccs1)C[C@H](CCCC)CC)CC,
224,CCCC[C@@H](C[Si]1(C[C@H](CCCC)CC)c2cc(sc2c2c1cc(s2)c1cc(F)c(c2c1nn(n2)CCCCCC)c1ccc(s1)c1ccc(s1)CCCCCC)c1cc(F)c(c2c1nn(n2)CCCCCC)c1ccc(s1)c1ccc(s1)CCCCCC)CC,
225,CCCC[C@@H](C[Si]1(C[C@H](CCCC)CC)c2cc(sc2c2c1cc(s2)c1c(F)cc(c2c1nn(n2)CCCCCC)c1ccc(s1)c1ccc(s1)CCCCCC)c1c(F)cc(c2c1nn(n2)CCCCCC)c1ccc(s1)c1ccc(s1)CCCCCC)CC,
226,CCCCCCCCOc1cccc(c1)c1nc2c(ccc(c2nc1c1cccc(c1)OCCCCCCCC)c1ccc(s1)c1ccc(s1)CCCCCC)c1sc2c(c1)[Si](c1c2sc(c1)c1ccc(c2c1nc(c1cccc(c1)OCCCCCCCC)c(n2)c1cccc(c1)OCCCCCCCC)c1ccc(s1)c1ccc(s1)CCCCCC)(C[C@H](CCCC)CC)C[C@H](CCCC)CC,
227,CCCC[C@H](CSc1c2sc(cc2c(c2c1cc(s2)c1cc(c(s1)c1ccc(s1)c1sc(cc1CCCCCCCC)[CH]C1=[S]C(=S)N(C1=O)CC)CCCCCCCC)SC[C@H](CCCC)CC)c1cc(c(s1)c1ccc(s1)c1sc(cc1CCCCCCCC)[CH]C1=[S]C(=S)N(C1=O)CC)CCCCCCCC)CC,
228,CCCC[C@H](COC(=O)c1cc(sc1c1ccc(s1)c1ccc(s1)c1n(C[C@H](CCCC)CC)c(=O)c2c1c(=O)n(c2c1ccc(s1)c1ccccc1)C[C@H](CCCC)CC)c1ccc(s1)c1ccc(s1)c1n(C[C@H](CCCC)CC)c(=O)c2c1c(=O)n(c2c1ccc(s1)c1ccccc1)C[C@@H](CCCC)CC)CC,
229,CCCC[C@@H](CN1C(=O)c2c(C1=O)c(sc2c1ccc(s1)c1ccc(s1)c1n(C[C@H](CCCC)CC)c(=O)c2c1c(=O)n(c2c1ccc(s1)c1ccccc1)C[C@H](CCCC)CC)c1ccc(s1)c1ccc(s1)c1n(C[C@H](CCCC)CC)c(=O)c2c1c(=O)n(c2c1ccc(s1)c1ccccc1)C[C@@H](CCCC)CC)CC,
230,CCCC[C@@H](COC(=O)c1sc2c(c1F)c(sc2c1ccc(s1)c1ccc(s1)c1n(C[C@H](CCCC)CC)c(=O)c2c1c(=O)n(c2c1ccc(s1)c1ccccc1)C[C@H](CCCC)CC)c1ccc(s1)c1ccc(s1)c1n(C[C@H](CCCC)CC)c(=O)c2c1c(=O)n(c2c1ccc(s1)c1ccccc1)C[C@@H](CCCC)CC)CC,
231,CCCCCCCCCc1nc(sc1c1sc(c(c1)CCCCCC)c1nc2c(s1)nc(s2)c1sc(cc1CCCCCC)c1ccc(cc1)N(c1ccccc1)c1ccccc1)c1sc(c(n1)CCCCCCCCC)c1sc(c(c1)CCCCCC)c1nc2c(s1)nc(s2)c1sc(cc1CCCCCC)c1ccc(cc1)N(c1ccccc1)c1ccccc1,
232,CCCCCCc1cc(sc1c1sc2c(n1)sc(n2)c1sc(cc1CCCCCC)c1ccc(cc1)N(c1ccccc1)c1ccccc1)c1cc(F)c(c2c1nc(c1ccccc1)c(n2)c1ccccc1)c1cc(c(s1)c1sc2c(n1)sc(n2)c1sc(cc1CCCCCC)c1ccc(cc1)N(c1ccccc1)c1ccccc1)CCCCCC,
233,CCCCCCCC[C@H](CN1C(=O)/C(=C/2\c3ccc(cc3N(C2=O)C[C@@H](CCCCCCCC)CCCCCC)c2cc(c(s2)c2sc3c(n2)sc(n3)c2sc(cc2CCCCCC)c2ccc(cc2)N(c2ccccc2)c2ccccc2)CCCCCC)/c2c1cc(cc2)c1cc(c(s1)c1sc2c(n1)sc(n2)c1sc(cc1CCCCCC)c1ccc(cc1)N(c1ccccc1)c1ccccc1)CCCCCC)CCCCCC,
237,CCCC[C@@H]([Si@]1(C[C@H](CCCC)CC)c2cc(sc2c2c1cc(s2)c1sc2c(c1)[Si@](c1c2sc(c1)c1c(F)c(F)cc2c1csc2)(C[C@@H](CCCC)CC)C[C@H](CCCC)CC)c1sc2c(c1)[Si@](c1c2sc(c1)c1c(F)c(F)cc2c1csc2)(C[C@H](CCCC)CC)C[C@@H](CCCC)CC)CC,
238,CCCC[C@@H]([Si@]1(C[C@H](CCCC)CC)c2cc(sc2c2c1cc(s2)c1sc2c(c1)[Si@](c1c2sc(c1)c1cc(F)cc2c1csc2)(C[C@@H](CCCC)CC)C[C@H](CCCC)CC)c1sc2c(c1)[Si@](c1c2sc(c1)c1cc(F)cc2c1csc2)(C[C@H](CCCC)CC)C[C@@H](CCCC)CC)CC,
239,CCCC[C@@H]([Si@]1(C[C@H](CCCC)CC)c2cc(sc2c2c1cc(s2)c1sc2c(c1)[Si@](c1c2sc(c1)/C=C/1\SC(=S)N(C1=O)CC)(C[C@@H](CCCC)CC)C[C@H](CCCC)CC)c1sc2c(c1)[Si@](c1c2sc(c1)/C=C/1\SC(=S)N(C1=O)CC)(C[C@H](CCCC)CC)C[C@@H](CCCC)CC)CC,
240,CCCCCCCCOc1ccc(cc1)C1=C2CCC3N2[Zn@]24n5c1ccc5C(=C1N2C(CC1)C(=c1n4c(=C3C#Cc2ccc([se]2)c2n(C[C@@H](CCCC)CC)c(=O)c3c2c(=O)n(c3c2ccc[se]2)C[C@@H](CCCC)CC)cc1)c1ccc(cc1)OCCCCCCCC)C#Cc1ccc([se]1)c1n(C[C@@H](CCCC)CC)c(=O)c2c1c(=O)n(c2c1ccc[se]1)C[C@H](CCCC)CC,
241,CCCCCCCCOc1ccc(cc1)C1=C2CCC3N2[Zn@]24n5c1ccc5C(=C1N2C(CC1)C(=c1n4c(=C3C#Cc2ccc(o2)c2n(C[C@@H](CCCC)CC)c(=O)c3c2c(=O)n(c3c2ccco2)C[C@H](CCCC)CC)cc1)c1ccc(cc1)OCCCCCCCC)C#Cc1ccc(o1)c1n(C[C@@H](CCCC)CC)c(=O)c2c1c(=O)n(c2c1ccco1)C[C@@H](CCCC)CC,
242,CCCC[C@H](Cn1c(=O)c2c(c1c1ccc(s1)c1ccc(s1)c1ccc(s1)CCCCCC)c(=O)n(c2c1ccc(s1)c1ccc(s1)c1ccc(s1)CCCCCC)C[C@@H](CCCC)CC)CC,
243,CCCCCCCCCc1cc(sc1c1ccc(s1)c1sc(cc1CCCCCCCC)c1sc(c2c1sc(c2F)C(=O)OC[C@@H](CCCC)CC)c1cc(c(s1)c1ccc(s1)c1sc(cc1CCCCCCCCC)/C=C/1\SC(=S)N(C1=O)CC)CCCCCCCC)/C=C/1\SC(=S)N(C1=O)CC,
244,c1ccc(cc1)c1c2ccccc2c2n1[B]1(c3ccccc3c3c1cccc3)n1c([N]2)c2c(c1c1ccccc1)cccc2,
245,Cc1ccc(cc1)c1c2ccccc2c2n1[B]1(c3ccccc3c3c1cccc3)n1c([N]2)c2c(c1c1ccc(cc1)C)cccc2,
246,Cc1ccc(s1)[C@@H]1c2ccccc2C2=Nc3n([B]4(N12)c1ccccc1c1c4cccc1)c(c1ccc(s1)C)c1c3cccc1,
247,Fc1cc(F)cc(c1)c1ccc(s1)c1ccc(c2c1nsn2)c1ccc(s1)c1ccc(cc1)N(c1ccccc1)c1ccccc1,
248,CCCCCCCCn1c(=O)c2c(c1c1ccc(s1)c1ccc(cc1)N(c1ccccc1)c1ccccc1)c(=O)n(c2c1ccc(s1)c1cc(F)cc(c1)F)CCCCCCCC,
249,c1ccc(cc1)N(c1ccccc1)c1ccc(cc1)c1ccc(s1)c1ccc(c2c1nsn2)c1ccc(s1)c1ccc(cc1)N(c1ccccc1)c1ccccc1,
250,CCCCCCCCn1c(=O)c2c(c1c1ccc(s1)c1ccc(cc1)N(c1ccccc1)c1ccccc1)c(=O)n(c2c1ccc(s1)c1ccc(cc1)N(c1ccccc1)c1ccccc1)CCCCCCCC,
251,N#CC(=Cc1ccc(s1)c1ccc(s1)c1ccc(c(c1)OC)N(c1ccc(cc1OC)c1ccc(s1)c1ccc(s1)C=C(C#N)C#N)c1ccc(cc1OC)c1ccc(s1)c1ccc(s1)C=C(C#N)C#N)C#N,
252,N#CC(=C(c1ccc(s1)c1ccc(s1)c1ccc(c(c1)OC)N(c1ccc(cc1OC)c1ccc(s1)c1ccc(s1)C(=C(C#N)C#N)C)c1ccc(cc1OC)c1ccc(s1)c1ccc(s1)C(=C(C#N)C#N)C)C)C#N,
253,CCCCCCCCCC[C@@H](CSc1ccc(s1)c1c2sc3c(c2c(c2c1c1sc(cc1s2)c1sc2c(c1CCCCCC)sc(c2)c1sc(cc1CCCCCC)/C=C(/C(=O)OC[C@H](CCCC)CC)\C#N)c1ccc(s1)SC[C@H](CCCCCCCCCC)CCCCCCCC)sc(c3)c1sc2c(c1CCCCCC)sc(c2)c1sc(cc1CCCCCC)/C=C(/C(=O)OC[C@@H](CCCC)CC)\C#N)CCCCCCCC,
256,CCCC[C@@H](CSc1sc(cc1F)c1c2cc(sc2c(c2c1sc(c2)c1sc(c(c1)CCCCCCCC)c1ccc(s1)c1sc(cc1CCCCCCCC)[CH]C1=[S]C(=S)N(C1=O)C[C@@H](CCCC)CC)c1sc(c(c1)F)SC[C@H](CCCC)CC)c1sc(c(c1)CCCCCCCC)c1ccc(s1)c1sc(cc1CCCCCCCC)[CH]C1=[S]C(=S)N(C1=O)C[C@@H](CCCC)CC)CC,
257,CCC(=C(C#N)C#N)c1ccc(s1)c1ccc(s1)c1ccc(cc1)N(c1ccc(cc1)c1ccc(s1)c1ccc(s1)C(=C(C#N)C#N)CC)c1ccc(cc1)c1ccc(s1)c1ccc(s1)C(=C(C#N)C#N)CC,
258,CCCCCCC[C@H](Cn1c2cc(sc2c2c1cc(s2)c1sc(cc1CCCCC)c1sc(cc1CCCCC)C=C(C#N)C#N)c1sc(cc1CCCCC)c1sc(cc1CCCCC)C=C(C#N)C#N)CCCCCC,
259,CCCC[C@@H](COc1ccc(s1)c1c2cc(sc2c(c2c1sc(c2)c1sc(c(c1)CCCCCCCC)c1ccc(s1)c1sc(cc1CCCCCCCC)[CH]C1=[S]C(=S)N(C1=O)CC)c1ccc(s1)OC[C@H](CCCC)CC)c1sc(c(c1)CCCCCCCC)c1ccc(s1)c1sc(cc1CCCCCCCC)[CH]C1=[S]C(=S)N(C1=O)CC)CC,
260,CCCCCCc1c(C#CC2=C3CCC4N3[Zn@]35n6c2ccc6C(=C2N3C(CC2)C(=c2n5c(=C4c3c(C)cc(cc3C)C)cc2)C#Cc2sc(c(c2CCCCCC)CCCCCC)[CH]C2=[S]C(=S)N(C2=O)CC)c2c(C)cc(cc2C)C)sc(c1CCCCCC)[CH]C1=[S]C(=S)N(C1=O)CC,
261,CCCCCCCc1c(C#CC2=C3CCC4N3[Zn@@]35n6c2ccc6C(=C2N3C(CC2)C(=c2n5c(=C4c3c(C)cc(cc3C)C)cc2)C#Cc2sc(c(c2CCCCCCC)CCCCCC)/C=C/c2sc(c(c2CCCCCCC)CCCCC)[CH]C2=[S]C(=S)N(C2=O)CC)c2c(C)cc(cc2C)C)sc(c1CCCCCC)/C=C/c1sc(c(c1CCCCCCC)CCCCC)/C=C/1\SC(=S)N(C1=O)CC,
262,CCCCCCSC1=C(SCCCCCC)S/C(=C\c2ccc(s2)c2ccc(s2)c2c3c(c(=O)n2C[C@@H](CCCC)CC)c(n(c3=O)C[C@H](CCCC)CC)c2ccc(s2)c2ccc(s2)[CH]C2=[S]C(=C(S2)SCCCCCC)SCCCCCC)/S1,
263,CCCCCCCCc1sc(cc1CCCCCCCC)c1c2sc(cc2c(c2c1cc(s2)c1ncc(c2c1nsn2)c1ccc(s1)c1ccc(s1)CCCCCC)c1cc(c(s1)CCCCCCCC)CCCCCCCC)c1ncc(c2c1nsn2)c1ccc(s1)c1ccc(s1)CCCCCC,
265,CCCCCCCCCCn1c(c2ccc(s2)C#Cc2ccc(cc2)n2c3ccccc3c3c2cccc3)c2c(c1=O)c(n(c2=O)CCCCCCCCCC)c1cccs1,
266,CCCCCCCCCCn1c(=O)c2c(c1c1ccc(s1)C#Cc1ccc(cc1)n1c3ccccc3c3c1cccc3)c(=O)n(c2c1ccc(s1)C#Cc1ccc(cc1)n1c2ccccc2c2c1cccc2)CCCCCCCCCC,
267,CCCCCCCCCCn1c(c2ccc(s2)/C=C/c2ccc(s2)c2n(CCCCCCCCCC)c(=O)c3c2c(=O)n(c3c2cccs2)CCCCCCCCCC)c2c(c1=O)c(n(c2=O)CCCCCCCCCC)c1cccs1,
268,CCCCCCCCCCn1c(c2ccc(s2)C#Cc2ccc(s2)c2n(CCCCCCCCCC)c(=O)c3c2c(=O)n(c3c2cccs2)CCCCCCCCCC)c2c(c1=O)c(n(c2=O)CCCCCCCCCC)c1cccs1,
269,CCCCCCCCc1cc(sc1c1ccc(s1)c1sc(cc1CCCCCCCC)[CH]C1=[S]C(=S)N(C1=O)CC)c1cc2c(o1)c(OC[C@H](CCCC)CC)c1c(c2OC[C@@H](CCCC)CC)sc(c1)c1sc(c(c1)CCCCCCCC)c1ccc(s1)c1sc(cc1CCCCCCCC)/C=C/1\SC(=S)N(C1=O)CC,
270,CCCC[C@H](C[Si@]1(C[C@H](CCCC)CC)c2cc(sc2c2c1cc(s2)c1c(F)cc(c2c1nsn2)c1ccc(s1)c1ccc2c(c1)C(=O)N(C2=O)CCCCCCCC)c1c(F)cc(c2c1nsn2)c1ccc(s1)c1ccc2c(c1)C(=O)N(C2=O)CCCCCCCC)CC,
271,CCCC[C@H](Cn1c2cc(sc2c2c1cc(s2)c1ccc(s1)C=C(C#N)C#N)c1ccc(s1)C=C(C#N)C#N)CC,
272,CCCC[C@H](Cn1c2cc(sc2c2c1cc(s2)c1cc(c(s1)C=C(C#N)C#N)CCCCCC)c1cc(c(s1)C=C(C#N)C#N)CCCCCC)CC,
273,CCCC[C@@H](Cn1c(c2ccc(s2)c2sc3c(c2)c(C#C[Si](C(C)C)(C(C)C)C(C)C)c2c(c3C#C[Si](C(C)C)(C(C)C)C(C)C)cc(s2)c2ccc(s2)c2n(C[C@H](CCCC)CC)c(=O)c3c2c(=O)n(c3c2cccs2)C[C@@H](CCCC)CC)c2c(c1=O)c(n(c2=O)C[C@@H](CCCC)CC)c1cccs1)CC,
274,CCCCCCCCCCc1sc(cc1CCCCCCCCCC)c1c2sc3c(c2c(c2c1c1sc(cc1s2)c1cc(c(s1)c1ccc(s1)c1sc(cc1CCCCCCCC)[CH]C1=[S]C(=S)N(C1=O)CC)CCCCCCCC)c1cc(c(s1)CCCCCCCCCC)CCCCCCCCCC)sc(c3)c1cc(c(s1)c1ccc(s1)c1sc(cc1CCCCCCCC)/C=C/1\SC(=S)N(C1=O)CC)CCCCCCCC,
275,c1ccc(cc1)c1c2ccccc2c(c2c1c(c1ccccc1)c1ccccc1c2c1ccccc1)c1ccccc1,
277,CCCCCCc1cc(sc1c1sc2c(c1)n(c1c2sc2c1n(c1c2sc(c1)c1sc(cc1CCCCCC)c1sc(cc1CCCCCC)C=C(C#N)C#N)[C@H](CCCCC)CC)C[C@H](CCCC)CC)c1sc(cc1CCCCCC)C=C(C#N)C#N,
278,CCCC[C@H](Cn1c2cc(sc2c2c1c1c(s2)c2c(n1C[C@H](CCCC)CC)cc(s2)c1sc(cc1CCCCCC)c1sc(cc1CCCCCC)/C=C(/C(=O)OCCCCCC)\C#N)c1sc(cc1CCCCCC)c1sc(cc1CCCCCC)/C=C(/C(=O)OCCCCCC)\C#N)CC,
279,CCCC[C@H](Cn1c2cc(sc2c2c1c1c(s2)c2c(n1C[C@H](CCCC)CC)cc(s2)c1sc(cc1CCCCCC)c1sc(cc1CCCCCC)C=C1C(=O)c2c(C1=O)cccc2)c1sc(cc1CCCCCC)c1sc(cc1CCCCCC)C=C1C(=O)c2c(C1=O)cccc2)CC,
280,Cc1ccc(cc1)N(c1ccc(cc1)C)c1ccc(cc1)c1ccc(c2c1non2)N(=O)=O,
281,N#CC(=Cc1ccc(c2c1non2)c1ccc(cc1)N(c1ccc(cc1)C)c1ccc(cc1)C)C#N,
282,Cc1ccc(cc1)N(c1ccc(s1)c1ccc(c2c1non2)N(=O)=O)c1ccc(cc1)C,
283,CCCC[C@@H]([Ge@]1([C@H](CCCC)CC)c2cc(sc2c2c1cc(s2)c1ccc(s1)[C]1c2c(C)cc(n2[B](n2c1c(C)cc2/C=C/c1ccc(s1)[C@H](CCCC)CC)(F)F)/C=C/c1ccc(s1)[C@H](CCCC)CC)c1ccc(s1)[C]1c2c(C)cc(n2[B](n2c1c(C)cc2/C=C/c1ccc(s1)[C@H](CCCC)CC)(F)F)/C=C/c1ccc(s1)[C@H](CCCC)CC)CC,
285,CCCC[C@@H](C[C@]1(CCCCCCCC)c2cc(sc2c2c1cc(s2)c1c(F)cc(c2c1nsn2)c1sc(c(c1)CCCCCC)c1ccc(s1)CCCCCC)c1c(F)cc(c2c1nsn2)c1sc(c(c1)CCCCCC)c1ccc(s1)CCCCCC)CC,
286,CCCC[C@H](C(=O)n1c2cc(sc2c2c1cc(s2)c1c(F)cc(c2c1nsn2)c1cc(c(s1)c1ccc(s1)CCCCCC)CCCCCC)c1c(F)cc(c2c1nsn2)c1cc(c(s1)c1ccc(s1)CCCCCC)CCCCCC)CC,
287,CCCCCCc1cc(sc1c1ccc(s1)CCCCCC)c1cc(F)c(c2c1nsn2)c1cc2c(s1)cc(s2)c1c(F)cc(c2c1nsn2)c1cc(c(s1)c1ccc(s1)CCCCCC)CCCCCC,
288,CCCCCCCCN1C(=O)c2c(C1=O)c(sc2c1sc(c(c1)CCCCCCCC)c1ccc(s1)c1sc(cc1CCCCCCCC)[CH]C1=[S]C(=S)N(C1=O)CC)c1sc(c(c1)CCCCCCCC)c1ccc(s1)c1sc(cc1CCCCCCCC)/C=C\1/SC(=S)N(C1=O)CC,
289,CCCCCCCCN1C(=O)c2c(C1=O)c(sc2c1cc(c(s1)c1ccc(s1)c1sc(cc1CCCCCCCC)C=C(C#N)C#N)CCCCCCCC)c1cc(c(s1)c1ccc(s1)c1sc(cc1CCCCCCCC)C=C(C#N)C#N)CCCCCCCC,
290,CCCCCCc1ccc(s1)c1ccc(s1)c1cc(F)c(c2c1nsn2)c1ccc(cc1)N(c1ccc(cc1)c1c(F)cc(c2c1nsn2)c1ccc(s1)c1ccc(s1)CCCCCC)c1ccc(cc1)c1ccc(s1)c1ccc(cc1)N(c1ccc(cc1)c1c(F)cc(c2c1nsn2)c1ccc(s1)c1ccc(s1)CCCCCC)c1ccc(cc1)c1c(F)cc(c2c1nsn2)c1ccc(s1)c1ccc(s1)CCCCCC,
291,CCCCCCc1sc2c(c1)sc(c2)C1=C2CCC3N2[Zn@@]24n5c1ccc5C(=C1N2C(CC1)C(=c1n4c(=C3c2cc3c(s2)cc(s3)CCCCCC)cc1)c1cc2c(s1)cc(s2)CCCCCC)C#Cc1ccc(s1)c1n(C[C@@H](CCCC)CC)c(=O)c2c1c(=O)n(c2c1ccc(s1)C#CC1=C2CCC3N2[Zn@]24n5c1ccc5C(=C1N2C(CC1)C(=c1n4c(=C3c2cc3c(s2)cc(s3)CCCCCC)cc1)c1cc2c(s1)cc(s2)CCCCCC)c1cc2c(s1)cc(s2)CCCCCC)C[C@@H](CCCC)CC,
292,CCCCCCCCN1C(=O)c2c(C1=O)c(sc2c1sc(cc1CCCCCCCC)c1ccc(s1)c1cc(c(s1)C=C(C#N)C#N)CCCCCCCC)c1sc(cc1CCCCCCCC)c1ccc(s1)c1cc(c(s1)C=C(C#N)C#N)CCCCCCCC,
293,CCCCCCCCN1C(=O)c2c(C1=O)c(sc2c1sc(cc1CCCCCCCC)c1ccc(s1)c1cc(c(s1)/C=C(/C(=O)OCCCCCCCC)\C#N)CCCCCCCC)c1sc(cc1CCCCCCCC)c1ccc(s1)c1cc(c(s1)/C=C(/C(=O)OCCCCCCCC)\C#N)CCCCCCCC,
294,CCCCCCCCCCCCOc1cc(OCCCCCCCCCCCC)cc(c1)C1=C2CCC3N2[Zn@]24n5c1ccc5C(=C1N2C(CC1)C(=c1n4c(=C3C#Cc2cc(OCCCCCC)c(cc2OCCCCCC)/C=C\2/SC(=S)N(C2=O)CC)cc1)c1cc(OCCCCCCCCCCCC)cc(c1)OCCCCCCCCCCCC)C#Cc1cc(OCCCCCC)c(cc1OCCCCCC)/C=C\1/SC(=S)N(C1=O)CC,
295,CCCCCCCCCCCCOc1ccc(cc1)C1=C2CCC3N2[Zn@]24n5c1ccc5C(=C1N2C(CC1)C(=c1n4c(=C3C#Cc2cc(OCCCCCC)c(cc2OCCCCCC)/C=C\2/SC(=S)N(C2=O)CC)cc1)c1ccc(cc1)OCCCCCCCCCCCC)C#Cc1cc(OCCCCCC)c(cc1OCCCCCC)/C=C\1/SC(=S)N(C1=O)CC,
296,CCCC[C@@H](C[C@]1(C[C@H](CCCC)CC)c2cc(sc2c2c1cc1c3sc(cc3[C@@](c1c2)(C[C@@H](CCCC)CC)C[C@@H](CCCC)CC)c1ccc(s1)c1c(F)c(F)c(c2c1nsn2)c1ccc(s1)c1ccc(s1)CCCCCC)c1ccc(s1)c1c(F)c(F)c(c2c1nsn2)c1ccc(s1)c1cc2c(s1)c1c([C@@]2(C[C@H](CCCC)CC)C[C@H](CCCC)CC)cc2c(c1)[C@](C[C@@H](CCCC)CC)(C[C@@H](CCCC)CC)c1c2sc(c1)c1ccc(s1)c1c(F)c(F)c(c2c1nsn2)c1ccc(s1)c1ccc(s1)CCCCCC)CC,
297,CCCCCCCCCCCCc1ccc(s1)c1ccc(s1)c1c(F)c(F)c(c2c1nsn2)c1ccc(s1)c1ccc(s1)c1sc2c(c1)[C@@](c1c2cc2c(c1)c1c([C@@]2(C[C@@H](CCCC)CC)C[C@@H](CCCC)CC)cc(s1)c1ccc(s1)c1ccc(s1)c1c(F)c(F)c(c2c1nsn2)c1ccc(s1)c1ccc(s1)CCCCCCCCCCCC)(C[C@H](CCC)CC)C[C@H](CCCC)CC,
298,CCCCCCCCCCCCc1ccc(s1)c1ccc(s1)c1c(F)c(F)c(c2c1nsn2)c1cc2c(s1)cc(s2)c1sc2c(c1)[C@](c1c2cc2c(c1)c1c([C@@]2(C[C@H](CCCC)CC)[C@@H](CCCC)CC)cc(s1)c1sc2c(c1)sc(c2)c1c(F)c(F)c(c2c1nsn2)c1ccc(s1)c1ccc(s1)CCCCCCCCCCCC)(C[C@@H](CCCC)CC)C[C@@H](CCCC)CC,
299,CCCCCCc1ccc(s1)c1ccc(s1)c1c(F)c(F)c(c2c1nsn2)c1ccc(o1)c1sc2c(c1)[C@@](c1c2cc2c(c1)c1c([C@@]2(C[C@@H](CCCC)CC)C[C@@H](CCCC)CC)cc(s1)c1ccc(o1)c1c(F)c(F)c(c2c1nsn2)c1ccc(s1)c1ccc(s1)CCCCCC)(C[C@H](CCC)CC)C[C@H](CCCC)CC,
300,CCCCCCc1ccc(s1)c1ccc(s1)c1c(F)c(F)c(c2c1nsn2)c1ccc([se]1)c1sc2c(c1)[C@@](c1c2cc2c(c1)c1c([C@@]2(C[C@@H](CCCC)CC)C[C@@H](CCCC)CC)cc(s1)c1ccc([se]1)c1c(F)c(F)c(c2c1nsn2)c1ccc(s1)c1ccc(s1)CCCCCC)(C[C@H](CCC)CC)C[C@H](CCCC)CC,
301,CCCCCCCCC(n1c2cc(sc2c2c1cc(s2)c1c(F)c(F)c(c2c1nsn2)c1ccc(s1)c1ccc(s1)CCCCCC)c1c(F)c(F)c(c2c1nsn2)c1ccc(s1)c1ccc(s1)CCCCCC)CCCCCCCC,
302,N#Cc1ccc(c2c1non2)c1ccc(s1)N(c1ccc(cc1)C)c1ccc(cc1)C,
303,CCCCCCCCC(n1c2cc(sc2c2c1cc(s2)c1c(F)c(F)c(c2c1nsn2)c1cc(c(s1)c1ccc(s1)c1ccc(s1)CCCCCC)C[C@@H](CCCC)CC)c1c(F)c(F)c(c2c1nsn2)c1cc(c(s1)c1ccc(s1)c1ccc(s1)CCCCCC)C[C@@H](CCCC)CC)CCCCCCCC,
304,CCCCCCc1cc(sc1C[C@H](CCCC)CC)c1c2cc(sc2c(c2c1sc(c2)c1c(F)c(F)c(c2c1nc(CCCC)c(n2)CCCC)c1ccc(s1)c1ccc(s1)c1ccc(s1)CCCCCC)c1sc(c(c1)CCCCCC)C[C@@H](CCCC)CC)c1c(F)c(F)c(c2c1nc(CCCC)c(n2)CCCC)c1ccc(s1)c1ccc(s1)c1ccc(s1)CCCCCC,
305,CCCCCCc1cc(sc1C[C@H](CCCC)CC)c1c2cc(sc2c(c2c1sc(c2)c1ccc(s1)c1c(F)c(F)c(c2c1nc(CCCC)c(n2)CCCC)c1ccc(s1)c1ccc(s1)CCCCCC)c1sc(c(c1)CCCCCC)C[C@@H](CCCC)CC)c1ccc(s1)c1c(F)c(F)c(c2c1nc(CCCC)c(n2)CCCC)c1ccc(s1)c1ccc(s1)CCCCCC,
306,CCCCCCc1cc(sc1C[C@H](CCCC)CC)c1c2cc(sc2c(c2c1sc(c2)c1ccc(s1)c1ccc(s1)c1c(F)c(F)c(c2c1nc(CCCC)c(n2)CCCC)c1ccc(s1)CCCCCC)c1sc(c(c1)CCCCCC)C[C@@H](CCCC)CC)c1ccc(s1)c1ccc(s1)c1c(F)c(F)c(c2c1nc(CCCC)c(n2)CCCC)c1ccc(s1)CCCCCC,
307,CCCC[C@H](COc1c2sc(cc2c(c2c1cc(s2)c1sc(cc1CCCCCC)c1sc(cc1CCCCCC)/C=C(/C(=O)OCCCCCCCC)\C#N)OC[C@@H](CCCC)CC)c1sc(cc1CCCCCC)c1sc(cc1CCCCCC)/C=C(/C(=O)OCCCCCCCC)\C#N)CC,
309,CCCC[C@H](COc1c2sc(cc2c(c2c1cc(s2)c1sc(cc1CCCCCC)c1sc(cc1CCCCCC)c1sc(cc1CCCCCC)/C=C(/C(=O)OCCCCCCCC)\C#N)OC[C@@H](CCCC)CC)c1sc(cc1CCCCCC)c1sc(cc1CCCCCC)c1sc(cc1CCCCCC)/C=C(/C(=O)OCCCCCCCC)\C#N)CC,
311,CCCC[C@H](COc1c2sc(cc2c(c2c1cc(s2)c1sc(cc1CCCCCC)c1sc(cc1CCCCCC)c1sc(cc1CCCCCC)c1sc(cc1CCCCCC)/C=C(/C(=O)OCCCCCCCC)\C#N)OC[C@@H](CCCC)CC)c1sc(cc1CCCCCC)c1sc(cc1CCCCCC)c1sc(cc1CCCCCC)c1sc(cc1CCCCCC)/C=C(/C(=O)OCCCCCCCC)\C#N)CC,
313,CCCC[C@H](Cc1ccc(s1)c1c2sc(cc2c(c2c1cc(s2)c1cc(c(s1)c1sc2c(c1)sc(c2)c1sc(cc1CCCCCCCC)/C=C(/C(=O)OC[C@H](CCCC)CC)\C#N)CCCCCCCC)c1ccc(s1)C[C@H](CCCC)CC)c1cc(c(s1)c1sc2c(c1)sc(c2)c1sc(cc1CCCCCCCC)/C=C(/C(=O)OC[C@H](CCCC)CC)\C#N)CCCCCCCC)CC,
314,CCCC[C@H](Cc1ccc(s1)c1c2cc(sc2c(c2c1sc(c2)c1sc(cc1CCCCCCCC)c1sc(cc1CCCCCCCC)c1cc2c(s1)cc(s2)/C=C(/C(=O)OC[C@H](CCCC)CC)\C#N)c1ccc(s1)C[C@H](CCCC)CC)c1sc(cc1CCCCCCCC)c1sc(cc1CCCCCCCC)c1cc2c(s1)cc(s2)/C=C(/C(=O)OC[C@H](CCCC)CC)\C#N)CC,
315,CCCCCCCC[C@H](n1c2cc(sc2c2c1cc(s2)c1cc(c(s1)c1cc(c(s1)C=C(C#N)C#N)CCCCCC)CCCCCC)c1cc(c(s1)c1cc(c(s1)C=C(C#N)C#N)CCCCCC)CCCCCC)CCCCCC,
316,N#Cc1ccc(c2c1non2)c1ccc(cc1)N(c1ccc(cc1)C)c1ccc(cc1)C,
317,N#Cc1ccc(c2c1nsn2)c1ccc(s1)N(c1ccc(cc1)C)c1ccc(cc1)C,
318,N#Cc1ccc(c2c1nsn2)c1ccc(cc1)N(c1ccc(cc1)C)c1ccc(cc1)C,
319,CCCC[C@@H](Cn1c2cc(sc2c2c1cc(s2)c1sc2c(c1)n(c1c2sc(c1)C=C1C(=O)c2c(C1=O)cccc2)C[C@H](CCCC)CC)c1sc2c(c1)n(c1c2sc(c1)C=C1C(=O)c2c(C1=O)cccc2)C[C@H](CCCC)CC)CC,
320,CCCCCCc1cc(sc1C[C@H](CCCC)CC)c1c2cc(sc2c(c2c1sc(c2)c1cnc(c2c1nc(CCCC)c(n2)CCCC)c1ccc(s1)c1ccc(s1)CCCCCC)c1sc(c(c1)CCCCCC)C[C@@H](CCCC)CC)c1cnc(c2c1nc(CCCC)c(n2)CCCC)c1ccc(s1)c1ccc(s1)CCCCCC,
321,CCCC[C@@H](C[Si]1(C[C@H](CCCC)CC)c2cc(sc2c2c1cc(s2)c1c(F)cc(c2c1nsn2)c1ccc(s1)c1ccc(s1)SCCCCCC)c1c(F)cc(c2c1nsn2)c1ccc(s1)c1ccc(s1)SCCCCCC)CC,
322,CCCC[C@@H](CSc1ccc(s1)c1c2sc(cc2c(c2c1cc(s2)c1c(F)cc(c2c1nsn2)c1ccc(s1)c1ccc(s1)SCCCCCC)c1ccc(s1)SC[C@H](CCCC)CC)c1c(F)cc(c2c1nsn2)c1ccc(s1)c1ccc(s1)SCCCCCC)CC,
323,CCCCCC[C@H](Cn1c(=O)c2c(c1c1ccc(s1)C#Cc1ccc(cc1)N(c1ccc3c(c1)C(CC)(CC)c1c3cccc1)c1ccc3c(c1)C(CC)(CC)c1c3cccc1)c(=O)n(c2c1ccc(s1)C#Cc1ccc(cc1)N(c1ccc2c(c1)C(CC)(CC)c1c2cccc1)c1ccc2c(c1)C(CC)(CC)c1c2cccc1)C[C@@H](CCCCCC)CCCC)CCCC,
324,CCCCCC[C@H](Cn1c(=O)c2c(c1c1ccc(s1)C#Cc1ccc3c(c1)ccc(c3)N(c1ccc3c(c1)C(CC)(CC)c1c3cccc1)c1ccc3c(c1)C(CC)(CC)c1c3cccc1)c(=O)n(c2c1ccc(s1)C#Cc1ccc2c(c1)ccc(c2)N(c1ccc2c(c1)C(CC)(CC)c1c2cccc1)c1ccc2c(c1)C(CC)(CC)c1c2cccc1)C[C@@H](CCCCCC)CCCC)CCCC,
325,CCCCCCCCCC[C@H](C1=C2CCC3N2[Zn@]24n5c1ccc5C(=C1N2C(CC1)C(=c1n4c(=C3C#Cc2sc(c(c2)CCCCCC)c2ccc(s2)c2sc(cc2CCCCCC)/C=C/2\SC(=S)N(C2=O)CC)cc1)[C@@H](CCCCCCCCCC)CCCCCCCC)C#Cc1sc(c(c1)CCCCCC)c1ccc(s1)c1sc(cc1CCCCCC)/C=C/1\SC(=S)N(C1=O)CC)CCCCCCCC,
326,CCCCCCCCCC[C@H](C1=C2CCC3N2[Zn@]24n5c1ccc5C(=C1N2C(CC1)C(=c1n4c(=C3C#Cc2sc(c(c2)CCCCCC)c2ccc(s2)c2sc(cc2CCCCCC)/C=C/2\SC(N(C2=O)CC)[C](C#N)C#N)cc1)[C@@H](CCCCCCCCCC)CCCCCCCC)C#Cc1sc(c(c1)CCCCCC)c1ccc(s1)c1sc(cc1CCCCCC)[CH]C1SC(=C(C#N)C#N)N(C1=O)CC)CCCCCCCC,
327,CCCC[C@H](Cc1ccc(s1)c1c2sc(cc2c(c2c1cc(s2)c1sc(c2c1sc(c2)CCCCCCCC)[CH]C1=[S]C(=S)N(C1=O)CC)c1ccc(s1)C[C@@H](CCCC)CC)c1sc(c2c1sc(c2)CCCCCCCC)[CH]C1=[S]C(=S)N(C1=O)CC)CC,
328,CCCCCCCCc1cc(sc1c1ccc(s1)c1sc(cc1CCCCCCCC)/C=C\1/SC(=S)N(C1=O)CC)c1ccc2c(c1)n(C[C@H](CCCC)CC)c1c2n(C[C@@H](CCCC)CC)c2c1cc(cc2)c1sc(c(c1)CCCCCCCC)c1ccc(s1)c1sc(cc1CCCCCCCC)[CH]C1=[S]C(=S)N(C1=O)CC,
329,CCCC[C@@H](C[Si@]1(C[C@H](CCCC)CC)c2cc(sc2c2c1cc(s2)c1ccc(s1)[C]1c2c(C)cc(n2[B](n2c1c(C)cc2/C=C/c1ccc(s1)C[C@@H](CCCC)CC)(F)F)/C=C/c1ccc(s1)C[C@@H](CCCC)CC)c1ccc(s1)[C]1c2c(C)cc(n2[B](n2c1c(C)cc2/C=C/c1ccc(s1)C[C@@H](CCCC)CC)(F)F)/C=C/c1ccc(s1)C[C@@H](CCCC)CC)CC,
330,CCCCN1c2ccccc2C(/C/1=C\[C]1C(=O)[C](C1=O)c1c(O)cc(cc1O)N1c2ccccc2[C@H]2[C@H]1CCC2)(C)C,
331,CCCCN1C(SC2C1CCCC2)/C=C/1\C(=O)[C](C1=O)c1c(O)cc(cc1O)N1c2ccccc2[C@H]2[C@H]1CCC2,
332,CCCC[C@@H](Cc1ccc(s1)c1c2cc(sc2c(c2c1sc(c2)c1ccccc1)c1ccc(s1)C[C@H](CCCC)CC)c1ccc2c(c1)C(C)(C)[C@@H](N2CCCC)/C=C\1/C(=C(C1=O)c1c(O)cc(cc1O)N1c2ccccc2[C@H]2[C@H]1CCC2)O)CC,
333,CCCC[C@@H](Cc1ccc(s1)c1c2sc(cc2c(c2c1cc(s2)c1ccc2c(c1)C(C)(C)[C@@H](N2CCCC)/C=C\1/C(=C(C1=O)c1c(O)cc(cc1O)N1c2ccccc2[C@H]2[C@H]1CCC2)O)c1ccc(s1)C[C@H](CCCC)CC)c1ccc2c(c1)C(C)(C)[C@@H](N2CCCC)/C=C\1/C(=C(C1=O)c1c(O)cc(cc1O)N1c2ccccc2[C@H]2[C@H]1CCC2)O)CC,
334,CCCCCCCCc1cc(sc1C#Cc1ccc(s1)c1n(C[C@H](CCCC)CC)c(=O)c2c1c(=O)n(c2c1cccs1)C[C@@H](CCCC)CC)c1sc(c(c1)CCCCCCCC)C#Cc1ccc(s1)c1n(C[C@H](CCCC)CC)c(=O)c2c1c(=O)n(c2c1cccs1)C[C@@H](CCCC)CC,
335,CCCCCCCCCCCCCCCCc1ccc(s1)c1ccc(s1)c1c(F)cc(c2c1nsn2)c1ccc(s1)c1ccc(s1)c1ccccc1,
336,CCCC[C@H](COc1c2sc(cc2c(c2c1cc(s2)c1sc2c(c1)n(c1c2sc(c1)C=C1C(=O)c2c(C1=O)cccc2)C[C@H](CCCC)CC)OC[C@@H](CCCC)CC)c1sc2c(c1)n(c1c2sc(c1)C=C1C(=O)c2c(C1=O)cccc2)C[C@H](CCCC)CC)CC,
337,Cc1ccc(cc1)N1c2ccc(cc2[C@H]2[C@H]1CCC2)[C]1C(=O)[C](C1=O)c1c(O)cc(cc1O)N1[C@@H]2CCC[C@H]2c2c1ccc1c2cccc1,
338,CCCCCC[C@H](Cn1c(=O)c2c(c1c1ccc(s1)C#Cc1c3ccccc3c(c3c1cccc3)C#Cc1sccc1CCCCCCCCCCCC)c(=O)n(c2c1ccc(s1)C#Cc1c2ccccc2c(c2c1cccc2)C#Cc1sccc1CCCCCCCCCCCC)C[C@H](CCCCCC)CCCC)CCCC,
339,CCCCCC[C@H](Cn1c(=O)c2c(c1c1ccc(s1)C#Cc1ccc(cc1)C#Cc1c3ccccc3c(c3c1cccc3)C#Cc1sccc1CCCCCCCCCCCC)c(=O)n(c2c1ccc(s1)C#Cc1ccc(cc1)C#Cc1c2ccccc2c(c2c1cccc2)C#Cc1sccc1CCCCCCCCCCCC)C[C@H](CCCCCC)CCCC)CCCC,
340,CCCCCCCCc1cc(sc1c1ccc(s1)c1sc(cc1CCCCCCCC)c1sc(cc1CCCCCCCC)/C=C/1\C(=O)c2c([C]1C1=[S]C(=S)N(C1=O)CC)cccc2)c1sc(cc1CCCCCCCC)[CH][C]1C(=O)c2c([C]1C1=[S]C(=S)N(C1=O)CC)cccc2,
341,CCCCCCCCc1cc(sc1c1ccc(s1)c1sc(cc1CCCCCCCC)c1sc(cc1CCCCCCCC)c1sc(cc1CCCCCCCC)/C=C\1/[C](C2=[S]C(=S)N(C2=O)CC)c2c(C1=O)cccc2)c1sc(cc1CCCCCCCC)c1sc(cc1CCCCCCCC)[CH][C]1[C](C2=[S]C(=S)N(C2=O)CC)c2c(C1=O)cccc2,
342,CCCC[C@H](Cc1ccc(s1)c1c2c(sc3c2sc(c3)c2ccc(s2)c2n(C[C@@H](CCCC)CC)c(=O)c3c2c(=O)n(c3c2cccs2)C[C@H](CCCC)CC)c(c2c1sc1c2sc(c1)c1ccc(s1)c1n(C[C@@H](CCCC)CC)c(=O)c2c1c(=O)n(c2c1cccs1)C[C@H](CCCC)CC)c1ccc(s1)C[C@@H](CCCC)CC)CC,
343,CCCC[C@H](Cc1ccc(s1)c1c2cc(sc2c(c2c1sc(c2)c1ccc(s1)c1n(C[C@H](CCCC)CC)c(=O)c2c1c(=O)n(c2c1cccs1)C[C@H](CCCC)CC)c1ccc(s1)C[C@@H](CCCC)CC)c1ccc(s1)c1n(C[C@H](CCCC)CC)c(=O)c2c1c(=O)n(c2c1cccs1)C[C@H](CCCC)CC)CC,
344,CCCC[C@H](Cc1ccc(s1)c1ccc(s1)c1c2sc(cc2c(c2c1cc(s2)c1ccc(s1)c1n(C[C@@H](CCCC)CC)c(=O)c2c1c(=O)n(c2c1cccs1)C[C@H](CCCC)CC)c1ccc(s1)c1ccc(s1)C[C@H](CCCC)CC)c1ccc(s1)c1n(C[C@@H](CCCC)CC)c(=O)c2c1c(=O)n(c2c1cccs1)C[C@H](CCCC)CC)CC,
345,CCCCCCCCc1ccc(s1)C1Cc2c(S1)c1sc(cc1c1c2nc2c(c3ccc(s3)CCCCCCCC)c3nc4c(nc3c(c2n1)c1ccc(s1)CCCCCCCC)c1CC(=[S]c1c1c4cc(s1)c1ccc(s1)CCCCCCCC)c1ccc(s1)CCCCCCCC)c1ccc(s1)CCCCCCCC,
346,CCCCCCCCc1ccc(s1)c1ccc(s1)c1c2nc3c(nc2c(c2c1nc1c(n2)c2CC(Sc2c2c1cc(s2)c1ccc(s1)c1ccc(s1)CCCCCCCC)c1ccc(s1)c1ccc(s1)CCCCCCCC)c1ccc(s1)c1ccc(s1)CCCCCCCC)c1CC(Sc1c1c3cc(s1)c1scc(c1)c1ccc(s1)CCCCCCCC)c1ccc(s1)c1ccc(s1)CCCCCCCC,
347,CCCCCCn1c(=O)c2c(c1c1ccc(cc1)c1cc3c(s1)/C(=C\1/c4sccc4N(C1=O)C[C@@H](CCCC)CC)/C(=O)N3C[C@@H](CCCC)CC)c(=O)n(c2c1ccc(cc1)c1cc2c(s1)/C(=C\1/c3sccc3N(C1=O)C[C@@H](CCCC)CC)/C(=O)N2C[C@@H](CCCC)CC)CCCCCC,
348,CCCCCCn1c(=O)c2c(c1c1ccc(s1)c1ccc3c(c1)N(C[C@@H](CCCC)CC)C(=O)/C/3=C/1\c3ccccc3N(C1=O)C[C@@H](CCCC)CC)c(=O)n(c2c1ccc(s1)c1ccc2c(c1)N(C[C@@H](CCCC)CC)C(=O)/C/2=C/1\c2ccccc2N(C1=O)C[C@@H](CCCC)CC)CCCCCC,
349,CCCCCCn1c(=O)c2c(c1c1ccc(cc1)c1ccc3c(c1)N(C[C@@H](CCCC)CC)C(=O)/C/3=C\1/c3ccccc3N(C1=O)C[C@@H](CCCC)CC)c(=O)n(c2c1ccc(cc1)c1ccc2c(c1)N(C[C@@H](CCCC)CC)C(=O)/C/2=C/1\c2ccccc2N(C1=O)C[C@@H](CCCC)CC)CCCCCC,
350,CCCCCCn1c(=O)c2c(c1c1ccc(s1)c1ccc3c(c1)N(C[C@@H](CCCC)CC)C(=O)/C/3=C/1\c3sccc3N(C1=O)C[C@@H](CCCC)CC)c(=O)n(c2c1ccc(s1)c1ccc2c(c1)N(C[C@@H](CCCC)CC)C(=O)/C/2=C/1\c2sccc2N(C1=O)C[C@@H](CCCC)CC)CCCCCC,
351,CCCCCCN(c1cc(O)c(c(c1)O)[C]1C(=O)[C](C1=O)c1c(O)cc(cc1O)N(CCCCCC)CCCCCC)CCCCCC,
352,CCCC[C@H](Cc1ccc(s1)c1cc2c(c3c1cc(s3)c1sc(c(c1)CCCCCCCC)c1ccc(s1)c1sc(cc1CCCCCCCC)/C=C(/C(=O)OCCCCCCCC)\C#N)cc(c1c2sc(c1)c1sc(c(c1)CCCCCCCC)c1ccc(s1)c1sc(cc1CCCCCCCC)/C=C(/C(=O)OCCCCCCCC)\C#N)c1ccc(s1)C[C@H](CCCC)CC)CC,
353,CCCC[C@@H](Cc1ccc(cc1)c1cc2c(c3c1cc(s3)c1sc(c(c1)CCCCCCCC)c1ccc(s1)c1sc(cc1CCCCCCCC)/C=C(/C(=O)OCCCCCCCC)\C#N)cc(c1c2sc(c1)c1sc(c(c1)CCCCCCCC)c1ccc(s1)c1sc(cc1CCCCCCCC)/C=C(/C(=O)OCCCCCCCC)\C#N)c1ccc(cc1)C[C@H](CCCC)CC)CC,
354,O=C1C(=Cc2ccc(cc2)N(C)C)C(=O)c2c1c(ccc2C#Cc1ccc(cc1)N(C)C)C#Cc1ccc(cc1)N(C)C,
355,CN(c1ccc(cc1)/C=C/C=C1C(=O)c2c(C1=O)c(ccc2c1ccc(cc1)N(C)C)c1ccc(cc1)N(C)C)C,
356,CCCC[C@@H](COc1ccc(cc1)c1c2cc(sc2c(c2c1sc(c2)c1ccc(s1)c1n(C[C@H](CCCC)CC)c(=O)c2c1c(=O)n(c2c1cccs1)C[C@H](CCCC)CC)c1ccc(cc1)OC[C@H](CCCC)CC)c1ccc(s1)c1n(C[C@H](CCCC)CC)c(=O)c2c1c(=O)n(c2c1cccs1)C[C@H](CCCC)CC)CC,
357,CCCC[C@@H](CSc1ccc(cc1)c1c2cc(sc2c(c2c1sc(c2)c1ccc(s1)c1n(C[C@H](CCCC)CC)c(=O)c2c1c(=O)n(c2c1cccs1)C[C@H](CCCC)CC)c1ccc(cc1)SC[C@H](CCCC)CC)c1ccc(s1)c1n(C[C@H](CCCC)CC)c(=O)c2c1c(=O)n(c2c1cccs1)C[C@H](CCCC)CC)CC,
358,CCCC[C@@H](C[Se]c1ccc(cc1)c1c2cc(sc2c(c2c1sc(c2)c1ccc(s1)c1n(C[C@H](CCCC)CC)c(=O)c2c1c(=O)n(c2c1cccs1)C[C@H](CCCC)CC)c1ccc(cc1)[Se]C[C@H](CCCC)CC)c1ccc(s1)c1n(C[C@H](CCCC)CC)c(=O)c2c1c(=O)n(c2c1cccs1)C[C@H](CCCC)CC)CC,
359,CCCC[C@@H](COc1ccc(s1)c1c2cc(sc2c(c2c1sc(c2)c1ccc(s1)c1n(C[C@H](CCCC)CC)c(=O)c2c1c(=O)n(c2c1cccs1)C[C@H](CCCC)CC)c1ccc(s1)OC[C@H](CCCC)CC)c1ccc(s1)c1n(C[C@H](CCCC)CC)c(=O)c2c1c(=O)n(c2c1cccs1)C[C@H](CCCC)CC)CC,
360,CCCC[C@@H](C[Se]c1ccc(s1)c1c2cc(sc2c(c2c1sc(c2)c1ccc(s1)c1n(C[C@H](CCCC)CC)c(=O)c2c1c(=O)n(c2c1cccs1)C[C@H](CCCC)CC)c1ccc(s1)[Se]C[C@H](CCCC)CC)c1ccc(s1)c1n(C[C@H](CCCC)CC)c(=O)c2c1c(=O)n(c2c1cccs1)C[C@H](CCCC)CC)CC,
361,CCCC[C@@H](COc1cccc(c1)c1c2cc(sc2c(c2c1sc(c2)c1ccc(s1)c1n(C[C@H](CCCC)CC)c(=O)c2c1c(=O)n(c2c1cccs1)C[C@H](CCCC)CC)c1cccc(c1)OC[C@H](CCCC)CC)c1ccc(s1)c1n(C[C@H](CCCC)CC)c(=O)c2c1c(=O)n(c2c1cccs1)C[C@H](CCCC)CC)CC,
362,CCCC[C@@H](CSc1cccc(c1)c1c2cc(sc2c(c2c1sc(c2)c1ccc(s1)c1n(C[C@H](CCCC)CC)c(=O)c2c1c(=O)n(c2c1cccs1)C[C@H](CCCC)CC)c1cccc(c1)SC[C@H](CCCC)CC)c1ccc(s1)c1n(C[C@H](CCCC)CC)c(=O)c2c1c(=O)n(c2c1cccs1)C[C@H](CCCC)CC)CC,
363,CCCC[C@@H](C[Se]c1cccc(c1)c1c2cc(sc2c(c2c1sc(c2)c1ccc(s1)c1n(C[C@H](CCCC)CC)c(=O)c2c1c(=O)n(c2c1cccs1)C[C@H](CCCC)CC)c1cccc(c1)[Se]C[C@H](CCCC)CC)c1ccc(s1)c1n(C[C@H](CCCC)CC)c(=O)c2c1c(=O)n(c2c1cccs1)C[C@H](CCCC)CC)CC,
364,CCCCCCC1(CCCCCC)c2cc(sc2c2c1cc(s2)C#CC1=c2ccc3=C(C4N5[Zn@@]6(N7C1CCC7=C(c1c(C)cc(cc1C)C)c1n6c(cc1)C(=C5CC4)C#Cc1sc4c(c1)C(c1c4sc(c1)/C=C/1\SC(=S)N(C1=O)CC)(CCCCCC)CCCCCC)n23)c1c(C)cc(cc1C)C)[CH]C1=[S]C(=S)N(C1=O)CC,
365,CCCCCCC1(CCCCCC)c2cc(sc2c2c1cc(s2)C=C(C#N)C#N)C#CC1=C2CCC3N2[Zn@@]24n5c1ccc5C(=C1N2C(CC1)C(=c1n4c(=C3c2c(C)cc(cc2C)C)cc1)C#Cc1sc2c(c1)C(c1c2sc(c1)C=C(C#N)C#N)(CCCCCC)CCCCCC)c1c(C)cc(cc1C)C,
366,CCCCCCCCN1C(=O)c2c(C1=O)c(sc2c1sc2c(c1)n(c1c2sc(c1)C=C(C#N)C#N)C[C@H](CCCCCCCC)CCCCCC)c1sc2c(c1)n(c1c2sc(c1)C=C(C#N)C#N)C[C@H](CCCCCCCC)CCCCCC,
367,CCCCCCCC[C@@H](Cn1c2cc(sc2c2c1cc(s2)c1ccc(c2c1nsn2)c1sc2c(c1)n(c1c2sc(c1)C=C(C#N)C#N)C[C@H](CCCCCCCC)CCCCCC)C=C(C#N)C#N)CCCCCC,
368,CCCCCCCCN1C(=O)c2c(C1=O)c(sc2c1cc2c(s1)c1c(n2C[C@H](CCCCCCCC)CCCCCC)cc(s1)c1sc(cc1CCCCCC)c1sc(cc1CCCCCC)C=C(C#N)C#N)c1cc2c(s1)c1c(n2C[C@H](CCCCCCCC)CCCCCC)cc(s1)c1sc(cc1CCCCCC)c1sc(cc1CCCCCC)C=C(C#N)C#N,
369,CCCCCCCC[C@@H](Cn1c2cc(sc2c2c1cc(s2)c1sc(cc1CCCCCC)c1sc(cc1CCCCCC)C=C(C#N)C#N)c1ccc(c2c1nsn2)c1cc2c(s1)c1c(n2C[C@H](CCCCCCCC)CCCCCC)cc(s1)c1sc(cc1CCCCCC)c1sc(cc1CCCCCC)C=C(C#N)C#N)CCCCCC,
370,CCCCCCCC[C@H](Cn1nc2c(n1)c(c1ccc(s1)c1cc3c(s1)c(OC[C@@H](CCCC)CC)c1c(c3OC[C@H](CCCC)CC)sc(c1)c1ccc(s1)c1c(F)c(F)c(c3c1nn(n3)C[C@H](CCCCCCCC)CCCCCC)c1ccc(s1)/C=C(/C(=O)OC[C@H](CCCC)CC)\C#N)c(c(c2c1ccc(s1)/C=C(/C(=O)OC[C@@H](CCCC)CC)\C#N)F)F)CCCCCC,
371,CCCC[C@H](COc1c2cc(sc2c(c2c1sc(c2)c1ccc(c2c1nsn2)c1ccc(s1)c1cc2c(s1)c1c(n2C[C@@H](CCCC)CC)cc(s1)C[C@@H](CCCC)CC)OC[C@H](CCCC)CC)c1ccc(c2c1nsn2)c1ccc(s1)c1cc2c(s1)c1c(n2C[C@@H](CCCC)CC)cc(s1)C[C@@H](CCCC)CC)CC,
372,CCCC[C@@H](Cn1c(=O)c2c(c1c1ccc(s1)c1ccc3c(c1)C(=O)c1c3cccc1)c(=O)n(c2c1ccc(s1)c1ccc2c(c1)C(=O)c1c2cccc1)C[C@H](CCCC)CC)CC,
373,CCCCCCCCCC[C@H](Cn1c(=O)c2c(c1c1ccc(s1)c1cccc3c1nsn3)c(=O)n(c2c1ccc(s1)c1cccc2c1nsn2)C[C@@H](CCCCCCCCCC)CCCCCCCC)CCCCCCCC,
374,CCCCCCCCC1(CCCCCCCC)c2cc(C#Cc3cc4n(c3)[B](F)(F)n3c([C]4c4ccc(cc4)OCCCCCCCC)ccc3)ccc2c2c1cc(C#Cc1cc3n(c1)[B](F)(F)n1c([C]3c3ccc(cc3)OCCCCCCCC)ccc1)cc2,
375,N#CC(=Cc1ccc(cc1)c1ccc(s1)c1ccc2c(c1)c1ccccc1n2c1ccc(cc1)C(C)(C)C)C#N,
377,O=C1C(=Cc2ccc(cc2)c2ccc(s2)c2ccc3c(c2)c2ccccc2n3c2ccc(cc2)C(C)(C)C)C(=O)c2c1cccc2,
378,N#CC(=C1C=C(/C=C/c2ccc(cc2)c2ccc(s2)c2ccc3c(c2)c2ccccc2n3c2ccc(cc2)C(C)(C)C)OC(=C1)C(C)(C)C)C#N,
379,O=C1C(=C2C=C(/C=C/c3ccc(cc3)c3ccc(s3)c3ccc4c(c3)c3ccccc3n4c3ccc(cc3)C(C)(C)C)OC(=C2)C(C)(C)C)C(=O)c2c1cccc2,
380,CCCC[C@H](C[Si@]1(C[C@H](CCCC)CC)c2cc(sc2c2c1cc(s2)c1ccc(c2c1nsn2)c1sc2c(c1)[Si@](c1c2sc(c1)c1ncc(c2c1nsn2)c1ccc(s1)c1ccc(s1)CCCCCC)(C[C@H](CCCC)CC)C[C@@H](CCCC)CC)c1ccc(c2c1nsn2)c1sc2c(c1)[Si@](c1c2sc(c1)c1ncc(c2c1nsn2)c1ccc(s1)c1ccc(s1)CCCCCC)(C[C@H](CCCC)CC)C[C@@H](CCCC)CC)CC,
381,CCCC[C@H](C[Si@]1(C[C@H](CCCC)CC)c2cc(sc2c2c1cc(s2)c1cc(F)c(c2c1nsn2)c1sc2c(c1)[Si@](c1c2sc(c1)c1ncc(c2c1nsn2)c1ccc(s1)c1ccc(s1)CCCCCC)(C[C@H](CCCC)CC)C[C@@H](CCCC)CC)c1cc(F)c(c2c1nsn2)c1sc2c(c1)[Si@](c1c2sc(c1)c1ncc(c2c1nsn2)c1ccc(s1)c1ccc(s1)CCCCCC)(C[C@H](CCCC)CC)C[C@@H](CCCC)CC)CC,
382,CCCCCCc1cc(sc1c1ccc(s1)c1sc(cc1CCCCCC)/C=C(/C(=O)OCCCCCCCC)\C#N)c1ccc2c(c1)C1(c3cc(ccc3C=C2)c2sc(c(c2)CCCCCC)c2ccc(s2)c2sc(cc2CCCCCC)/C=C(/C(=O)OCCCCCCCC)\C#N)c2ccccc2c2c1cccc2,
383,CCCCCCc1cc(sc1c1ccc(s1)c1sc(cc1CCCCCC)/C=C(/C(=O)OCCCCCCCC)\C#N)c1ccc2c(c1)Cc1cc(ccc1C=C2)c1cc(c(s1)c1ccc(s1)c1sc(cc1CCCCCC)/C=C(/C(=O)OCCCCCCCC)\C#N)CCCCCC,
384,CCCCCCc1cc(sc1c1ccc(s1)c1sc(cc1CCCCCC)/C=C(/C(=O)OCCCCCCCC)\C#N)c1ccc(cc1)/C=C\c1ccc(cc1)c1cc(c(s1)c1ccc(s1)c1sc(cc1CCCCCC)/C=C(/C(=O)OCCCCCCCC)\C#N)CCCCCC,
385,CCCCCCCCc1cc(sc1c1ccc(s1)c1sc(cc1CCCCCCCC)/C=C/c1nc(c(n1CCCCCCCC)C#N)C#N)c1cc2c(s1)c(c1ccc(s1)C[C@H](CCCC)CC)c1c(c2c2ccc(s2)C[C@H](CCCC)CC)sc(c1)c1cc(c(s1)c1ccc(s1)c1sc(cc1CCCCCCCC)/C=C/c1nc(c(n1CCCCCCCC)C#N)C#N)CCCCCCCC,
387,CCCCCCCC[C@H](C1=C2CCC3N2[Zn@@]24n5c1ccc5C(=C1N2C(CC1)C(=c1n4c(=C3C#Cc2cc(OCCCCCC)c(cc2OCCCCCC)[CH]C2=[S]C(=S)N(C2=O)CC)cc1)[C@@H](CCCCCCCC)CCCCCC)C#Cc1cc(OCCCCCC)c(cc1OCCCCCC)/C=C/1\SC(=S)N(C1=O)CC)CCCCCC,
388,[H]C(C1SC(S)N(C1O)C([H])([H])C([H])([H])[H])C1C([H])C(OC([H])([H])C([H])([H])C([H])([H])C([H])([H])C([H])([H])C([H])([H])[H])C(CCC2C3C([H])C([H])C4C(C5C([H])C([H])C6C(CCC7C8C([H])C([H])C9C(C%10C([H])C([H])C%11C(CCC%12C([H])C(OC([H])([H])C([H])([H])C([H])([H])C([H])([H])C([H])([H])C([H])([H])[H])C(C([H])C%13SC(S)N(C%13O)C([H])([H])C([H])([H])[H])C([H])C%12OC([H])([H])C([H])([H])C([H])([H])C([H])([H])C([H])([H])C([H])([H])[H])C%12C([H])C([H])C%13C(C%14C([H])C([H])C7N%14[Zn](N%10%11)(N%12%13)N89)[C@]([H])(C([H])([H])C([H])([H])C([H])([H])C([H])([H])C([H])([H])C([H])([H])[H])C([H])([H])C([H])([H])C([H])([H])C([H])([H])C([H])([H])C([H])([H])C([H])([H])C([H])([H])[H])[C@]([H])(C([H])([H])C([H])([H])C([H])([H])C([H])([H])C([H])([H])C([H])([H])[H])C([H])([H])C([H])([H])C([H])([H])C([H])([H])C([H])([H])C([H])([H])C([H])([H])C([H])([H])[H])C7C([H])C([H])C8C(C9C([H])C([H])C2N9[Zn](N34)(N56)N78)[C@]([H])(C([H])([H])C([H])([H])C([H])([H])C([H])([H])C([H])([H])C([H])([H])[H])C([H])([H])C([H])([H])C([H])([H])C([H])([H])C([H])([H])C([H])([H])C([H])([H])C([H])([H])[H])[C@]([H])(C([H])([H])C([H])([H])C([H])([H])C([H])([H])C([H])([H])C([H])([H])[H])C([H])([H])C([H])([H])C([H])([H])C([H])([H])C([H])([H])C([H])([H])C([H])([H])C([H])([H])[H])C([H])C1OC([H])([H])C([H])([H])C([H])([H])C([H])([H])C([H])([H])C([H])([H])[H],
389,N#CC(=Cc1ccc(cc1)c1cc2c(n1c1ccc(cc1)C)cc(n2c1ccc(cc1)C)c1ccc(cc1)C=C(C#N)C#N)C#N,
390,CCCC[C@@H](COc1c2cc(sc2c(c2c1scc2)OC[C@@H](CCCC)CC)c1sc2c(c1)n(c1c2sc(c1)C=C1C(=O)c2c(C1=O)cccc2)C[C@H](CCCC)CC)CC,
391,CCOC(=O)/C(=C/c1ccc(cc1)c1cc2c(n1c1ccc(cc1)C)cc(n2c1ccc(cc1)C)c1ccc(cc1)/C=C(\C(=O)OCC)/C#N)/C#N,
392,CCCC[C@@H](CN1C(=S)S/C(=C\2/[C@H]3C=C[C@H](C=C3C3=C[C@@H](C=C[C@H]23)[C@@H]2C=C[C@H](C=C2)N(c2ccc(cc2)OC)c2ccc(cc2)OC)[C@@H]2C=C[C@@H](C=C2)N(c2ccc(cc2)OC)c2ccc(cc2)OC)/C1=O)CC,
393,CCCCCCc1cc(sc1/C=C/c1sc2c(c1)C(c1c2sc(c1)/C=C/c1sc(cc1CCCCCC)/C=C/1\SC(=S)N(C1=O)CC)(CCCCCC)CCCCCC)[CH]C1=[S]C(=S)N(C1=O)CC,
394,CCCC[C@@H](Cn1c(=O)c2c(c1c1ccc(s1)c1ccco1)c(=O)n(c2c1ccc(s1)c1ccco1)C[C@H](CCCC)CC)CC,
395,CCCC[C@@H](Cn1c(=O)c2c(c1c1ccc(s1)c1cc3c(s1)cccc3)c(=O)n(c2c1ccc(s1)c1cc2c(s1)cccc2)C[C@H](CCCC)CC)CC,
396,CCCC[C@@H](Cn1c(=O)c2c(c1c1ccc(s1)c1ccc(cc1)N(c1ccc(cc1)OCCCCCC)c1ccc(cc1)OCCCCCC)c(=O)n(c2c1ccc(s1)c1ccc(cc1)N(c1ccc(cc1)OCCCCCC)c1ccc(cc1)OCCCCCC)C[C@H](CCCC)CC)CC,
397,CCCC[C@@H](Cn1c(=O)c2c(c1c1ccc(s1)c1ccc(cc1)C(F)(F)F)c(=O)n(c2c1ccc(s1)c1ccc(cc1)C(F)(F)F)C[C@H](CCCC)CC)CC,
398,CCCC[C@@H](Cn1c(=O)c2c(c1c1ccc(s1)c1cc(F)c(c(c1)F)F)c(=O)n(c2c1ccc(s1)c1cc(F)c(c(c1)F)F)C[C@H](CCCC)CC)CC,
399,CCCCCCCCOc1c2cc(sc2c(c2c1sc(c2)C#Cc1cc2n(c1)[B](F)(F)n1c([C]2c2ccc(cc2)OCCCCCCCC)ccc1)OCCCCCCCC)C#Cc1cc2n(c1)[B](F)(F)n1c([C]2c2ccc(cc2)OCCCCCCCC)ccc1,
400,CCCC[C@H](CN1C(=O)/C(=C/2\c3ccc(cc3N(C2=O)C[C@@H](CCCC)CC)c2ccc(s2)c2ccc(s2)CCCCCC)/c2c1cc(cc2)c1ccc(s1)c1ccc(s1)CCCCCC)CC,
401,CCCC[C@H](CN1C(=O)[C](c2c1c1ccccc1c(c2)c1ccc(s1)c1ccc(s1)CCCCCC)[C]1C(=O)N(c2c1cc(c1ccc(s1)c1ccc(s1)CCCCCC)c1c2cccc1)C[C@@H](CCCC)CC)CC,
402,CCCC[C@@H](Cn1c(=O)c2c(c1c1ccc(cc1)c1sc(c3c1OCCO3)c1ccc(cc1)N(c1ccc(cc1)OCCCCCC)c1ccc(cc1)OCCCCCC)c(=O)n(c2c1ccc(cc1)c1sc(c2c1OCCO2)c1ccc(cc1)N(c1ccc(cc1)OCCCCCC)c1ccc(cc1)OCCCCCC)C[C@H](CCCC)CC)CC,
403,CCCC[C@@H](Cn1c(=O)c2c(c1c1ccc(cc1)c1sc(c3c1OCCO3)c1ccc(s1)C[C@@H](CCCC)CC)c(=O)n(c2c1ccc(cc1)c1sc(c2c1OCCO2)c1ccc(s1)C[C@@H](CCCC)CC)C[C@H](CCCC)CC)CC,
404,CCCC[C@@H](Cn1c(=O)c2c(c1c1ccc(s1)c1sc(c3c1OCCO3)c1ccc(s1)C[C@@H](CCCC)CC)c(=O)n(c2c1ccc(s1)c1sc(c2c1OCCO2)c1ccc(s1)C[C@@H](CCCC)CC)C[C@H](CCCC)CC)CC,
405,CCCCCCOc1ccc(cc1)N(c1ccc(cc1)OCCCCCC)c1ccc(cc1)c1sc(c2c1OCCO2)c1ccc(s1)c1n(C[C@H](CCCC)CC)c(=O)c2c1c(=O)n(c2c1ccc(cc1)c1sc(c2c1OCCO2)c1ccc(s1)N(c1ccc(cc1)OCCCCCC)c1ccc(cc1)OCCCCCC)C[C@H](CCCC)CC,
406,CCCC[C@@H](CN1[C](c2ccc(s2)c2sc(c3c2OCCO3)c2ccc(s2)[C]2N(C[C@H](CCCC)CC)C(=O)c3c2c(OC[C@@H](CCCC)CC)nc3c2cccs2)c2c(C1=O)c(nc2OC[C@@H](CCCC)CC)c1cccs1)CC,
407,CCCC[C@@H](Cn1c(c2ccc(s2)c2sc(c3c2OCCO3)c2ccc(s2)c2n(C[C@H](CCCC)CC)c(=O)c3c2c(=O)n(c3c2cccs2)C[C@H](CCCC)CC)c2c(c1=O)c(n(c2=O)C[C@H](CCCC)CC)c1cccs1)CC,
408,CCCCCCCCc1c2sc(cc2c(c2c1cc(s2)c1cc(c(s1)c1ccc(s1)c1sc(cc1CCCCCCCC)/C=C\1/SN(C(=S)C1=O)CC)CCCCCCCC)CCCCCCCC)c1cc(c(s1)c1ccc(s1)c1sc(cc1CCCCCCCC)/C=C\1/SN(C(=S)C1=O)CC)CCCCCCCC,
409,CCCCCCCCOc1c2cc(sc2c(c2c1sc(c2)c1sc(c(c1)CCCCCCCC)c1ccc(s1)c1sc(cc1CCCCCCCC)[CH]C1=[S]N(C(=S)C1=O)CC)CCCCCCCC)c1sc(c(c1)CCCCCCCC)c1ccc(s1)c1sc(cc1CCCCCCCC)[CH]C1=[S]N(C(=S)C1=O)CC,
410,CCCCCCc1ccc(cc1)C1(c2ccc(cc2)CCCCCC)c2cc3c4sc5c(c4[C@@]4(c3cc2c2c1c1sc(cc1s2)c1c(F)c(F)c(c2c1nn(n2)CCCCCC)c1ccc(s1)c1n(C[C@@H](CCCC)CC)c(=O)c2c1c(=O)n(c2c1cccs1)C[C@H](CCCC)CC)[C@]12[C@]34C=CC(=C[C@@H]3[C@@H]2C=C(C=C1)CCCCCC)CCCCCC)sc(c5)c1c(F)c(F)c(c2c1nn(n2)CCCCCC)c1ccc(s1)c1n(C[C@@H](CCCC)CC)c(=O)c2c1c(=O)n(c2c1cccs1)C[C@H](CCCC)CC,
411,CCCC[C@H](Cc1ccc(s1)c1c2sc(cc2c(c2c1cc(s2)c1ccc(s1)c1n(C[C@H](CCCC)CC)c(=O)c2c1c(=O)n(c2c1ccc(s1)c1cc2c(o1)cccc2)C[C@H](CCCC)CC)c1ccc(s1)C[C@H](CCCC)CC)c1ccc(s1)c1n(C[C@H](CCCC)CC)c(=O)c2c1c(=O)n(c2c1ccc(s1)c1cc2c(o1)cccc2)C[C@H](CCCC)CC)CC,
412,CCCCCCCCc1cc(sc1c1ccc(s1)c1sc(cc1CCCCCCCC)/C=C/1\SC(=S)N(C1=O)CC)c1sc2c(c1)P(=O)(c1c2sc(c1)c1cc(c(s1)c1ccc(s1)c1sc(cc1CCCCCCCC)/C=C\1/SC(=S)N(C1=O)CC)CCCCCCCC)c1ccccc1,
413,[H]C1([H])[N@]2C([H])([H])C([H])([H])[N@@](C1([H])[H])C([H])([H])C2([H])[H].[H]C1([H])[N@]2C([H])([H])C([H])([H])[N@@](C1([H])[H])C([H])([H])C2([H])[H].[H]C1C([H])C2C([H])C3C([H])C([H])C4C(CCCCC5C6C([H])C([H])C7C([H])C8C([H])C([H])C9C([H])C%10C([H])C([H])C%11C([H])C%12C([H])C([H])C5N%12[Zn](N89)(N%10%11)N67)C5C([H])C([H])C6C([H])C7C([H])C([H])C8C([H])C1N2[Zn](N78)(N34)N56.[H]C1C([H])C2C([H])C3C([H])C([H])C4C(CCCCC5C6C([H])C([H])C7C([H])C8C([H])C([H])C9C([H])C%10C([H])C([H])C%11C([H])C%12C([H])C([H])C5N%12[Zn](N89)(N%10%11)N67)C5C([H])C([H])C6C([H])C7C([H])C([H])C8C([H])C1N2[Zn](N78)(N34)N56,
414,CCCCCCN1c2cc(ccc2/C(=C/2\C(=O)N(c3c2ccc(c3)c2ccc(s2)c2n(C[C@H](CCCC)CC)c(=O)c3c2c(=O)n(c3c2cccs2)C[C@H](CCCC)CC)CCCCCC)/C1=O)c1ccc(s1)c1n(C[C@H](CCCC)CC)c(=O)c2c1c(=O)n(c2c1cccs1)C[C@H](CCCC)CC,
415,CCCC[C@H](Cc1ccc(s1)C1=C2CCC3N2[Zn@]24n5c1ccc5C(=C1N2C(CC1)C(=c1n4c(=C3C#Cc2ccc(s2)c2n(C[C@@H](CCCC)CC)c(=O)c3c2c(=O)n(c3c2cccs2)C[C@@H](CCCC)CC)cc1)c1ccc(s1)C[C@H](CCCC)CC)C#CC#CC1=C2CCC3N2[Zn@@]24n5c1ccc5C(=C1N2C(CC1)C(=c1n4c(=C3c2ccc(s2)C[C@@H](CCCC)CC)cc1)C#Cc1ccc(s1)c1n(C[C@@H](CCCC)CC)c(=O)c2c1c(=O)n(c2c1cccs1)C[C@@H](CCCC)CC)c1ccc(s1)C[C@@H](CCCC)CC)CC,
416,[H]C1SC(C([H])C1[H])C1C2C(O)N(C(C3SC(CCC4C5C([H])C([H])C6C(C7SC(C([H])C7[H])C([H])([H])[C@@]([H])(C([H])([H])C([H])([H])[H])C([H])([H])C([H])([H])C([H])([H])C([H])([H])[H])C7C([H])C([H])C8C(CCC9SC(C%10SC(CCC%11C%12C([H])C([H])C%13C(C%14SC(C([H])C%14[H])C([H])([H])[C@]([H])(C([H])([H])C([H])([H])[H])C([H])([H])C([H])([H])C([H])([H])C([H])([H])[H])C%14C([H])C([H])C%15C(CCC%16SC(C([H])C%16[H])C%16C%17C(O)N(C(C%18SC([H])C([H])C%18[H])C%17C(O)N%16C([H])([H])[C@]([H])(C([H])([H])C([H])([H])[H])C([H])([H])C([H])([H])C([H])([H])C([H])([H])[H])C([H])([H])[C@]([H])(C([H])([H])C([H])([H])[H])C([H])([H])C([H])([H])C([H])([H])C([H])([H])[H])C%16C([H])C([H])C%17C(C%18SC(C([H])C%18[H])C([H])([H])[C@]([H])(C([H])([H])C([H])([H])[H])C([H])([H])C([H])([H])C([H])([H])C([H])([H])[H])C%18C([H])C([H])C%11N%18[Zn](N%14%15)(N%16%17)N%12%13)C([H])C%10C([H])([H])C([H])([H])C([H])([H])C([H])([H])C([H])([H])C([H])([H])[H])C(C9[H])C([H])([H])C([H])([H])C([H])([H])C([H])([H])C([H])([H])C([H])([H])[H])C9C([H])C([H])C%10C(C%11SC(C([H])C%11[H])C([H])([H])[C@]([H])(C([H])([H])C([H])([H])[H])C([H])([H])C([H])([H])C([H])([H])C([H])([H])[H])C%11C([H])C([H])C4N%11[Zn](N56)(N78)N9%10)C([H])C3[H])C2C(O)N1C([H])([H])[C@]([H])(C([H])([H])C([H])([H])[H])C([H])([H])C([H])([H])C([H])([H])C([H])([H])[H])C([H])([H])[C@]([H])(C([H])([H])C([H])([H])[H])C([H])([H])C([H])([H])C([H])([H])C([H])([H])[H],
417,CCCCCCCCCCCCOc1cc(C#CC2=c3ccc4=C(C5N6[Zn@]7(N8C2CCC8=C(c2ccc(s2)C[C@@H](CCCC)CC)c2n7c(cc2)C(=C6CC5)C#Cc2ccc(s2)c2n(C[C@@H](CCCC)CC)c(=O)c5c2c(=O)n(c5c2cccs2)C[C@@H](CCCC)CC)n34)c2ccc(s2)C[C@H](CCCC)CC)c(cc1C#CC1=C2CCC3N2[Zn@]24n5c1ccc5C(=C1N2C(CC1)C(=c1n4c(=C3c2ccc(s2)C[C@@H](CCCC)CC)cc1)C#Cc1ccc(s1)c1n(C[C@@H](CCCC)CC)c(=O)c2c1c(=O)n(c2c1cccs1)C[C@@H](CCCC)CC)c1ccc(s1)C[C@@H](CCCC)CC)OCCCCCCCCCCCC,
418,CCCC[C@@H](CN1C(=S)[S]=C(C1=O)C1=C2C=C[C@H](C=C2C2=C[C@@H](C=C[C@H]12)[C@@H]1C=C[C@H](C=C1)N([C@@H]1C=C[C@@H](C=C1)C)[C@@H]1C=C[C@@H](C=C1)C)[C@@H]1C=C[C@@H](C=C1)N([C@@H]1C=C[C@@H](C=C1)C)[C@@H]1C=C[C@@H](C=C1)C)CC,
419,Cc1ccc(cc1)c1oc2c(c1)n1c(c2)[C](c2n([B]1(F)F)c1cc(oc1c2)c1ccc(cc1)C)C(F)(F)F,
420,COc1ccc(cc1)c1oc2c(c1)n1c(c2)[C](c2n([B]1(F)F)c1cc(oc1c2)c1ccc(cc1)OC)C(F)(F)F,
422,CCCCCCc1cc(sc1C[C@H](CCCC)CC)c1c2cc(sc2c(c2c1sc(c2)c1c(F)c(F)c(c2c1nc(C(=O)OC(C)C)c(n2)C(=O)OC(C)C)c1ccc(s1)c1ccc(s1)CCCCCC)c1sc(c(c1)CCCCCC)C[C@@H](CCCC)CC)c1c(F)c(F)c(c2c1nc(C(=O)OC(C)C)c(n2)C(=O)OC(C)C)c1ccc(s1)c1ccc(s1)CCCCCC,
423,CCCCCCCCn1c2cc(C#Cc3cc4n(c3)[B](F)(F)n3c([C]4c4ccc(cc4)OCCCCCCCC)ccc3)ccc2c2c1cc(C#Cc1cc3n(c1)[B](F)(F)n1c([C]3c3ccc(cc3)OCCCCCCCC)ccc1)cc2,
424,CCCCCCCCN1c2cc(C#Cc3cc4n(c3)[B](F)(F)n3c([C]4c4ccc(cc4)OCCCCCCCC)ccc3)ccc2Sc2c1cc(C#Cc1cc3n(c1)[B](F)(F)n1c([C]3c3ccc(cc3)OCCCCCCCC)ccc1)cc2,
425,CCCC[C@@H](COc1c2sc(cc2c(c2c1cc(s2)c1sc(cc1CCCCCC)c1c(F)c(F)c(c2c1nsn2)c1cc(c(s1)c1ccc(s1)CCCCCC)CCCCCC)OC[C@H](CCCC)CC)c1sc(cc1CCCCCC)c1c(F)c(F)c(c2c1nsn2)c1cc(c(s1)c1ccc(s1)CCCCCC)CCCCCC)CC,
426,N#CC(=C(c1ccc(s1)c1ccc(s1)c1ccc(cc1)N(c1ccc(cc1)c1ccc(s1)c1ccc(s1)C(=C(C#N)C#N)c1ccccc1)c1ccc(cc1)c1ccc(s1)c1ccc(s1)C(=C(C#N)C#N)c1ccccc1)c1ccccc1)C#N,
427,[H]C1C([H])C2C(C3C([H])C([H])C4C(CCC5C([H])C6C(O)N(C(O)C7C([H])C([H])C8C9C([H])C([H])C%10C(O)N(C(O)C%11C([H])C([H])C(C5C8C67)C9C%10%11)C([H])(C([H])([H])C([H])([H])[H])C([H])([H])C([H])([H])[H])C([H])(C([H])([H])C([H])([H])[H])C([H])([H])C([H])([H])[H])C5C([H])C([H])C6C(C7C([H])C([H])C8C([H])C1N2[Ni](N78)(N34)N56)C1C(C([H])C(C([H])C1C([H])([H])[H])C([H])([H])[H])C([H])([H])[H])C1C(C([H])C(C([H])C1C([H])([H])[H])C([H])([H])[H])C([H])([H])[H],
428,CCC(n1c(=O)c2cc(C#CC3=c4ccc5=C(C6N7[Zn@@]8(N9C3CCC9=C(c3c(C)cc(cc3C)C)c3n8c(cc3)C=C7CC6)n45)c3c(C)cc(cc3C)C)c3c4c2c(c1=O)ccc4c1c2c3ccc3c2c(cc1)c(=O)n(c3=O)C(CC)CC)CC,
429,CCCC[C@@H](Cn1c(=O)c2c(c1c1ccc(o1)c1ccc(cc1)/C(=C/c1ccc3c(c1)Oc1c(N3C[C@H](CCCC)CC)cccc1)/C#N)c(=O)n(c2c1ccc(o1)c1ccc(cc1)/C(=C/c1ccc2c(c1)Oc1c(N2C[C@H](CCCC)CC)cccc1)/C#N)C[C@H](CCCC)CC)CC,
430,CCCC[C@@H](Cn1c(=O)c2c(c1c1ccc(s1)c1ccc(cc1)/C(=C/c1ccc3c(c1)Oc1c(N3C[C@H](CCCC)CC)cccc1)/C#N)c(=O)n(c2c1ccc(s1)c1ccc(cc1)/C(=C\c1ccc2c(c1)Oc1c(N2C[C@H](CCCC)CC)cccc1)/C#N)C[C@H](CCCC)CC)CC,
431,CCCC[C@H](C[Si@]1(C[C@H](CCCC)CC)c2cc(sc2c2c1cc(s2)c1ccc(s1)c1ccc(s1)C[C@H](CCCC)CC)c1c(F)c(F)c(c2c1nsn2)c1sc2c(c1)[Si@](c1c2sc(c1)c1ccc(s1)c1ccc(s1)C[C@H](CCCC)CC)(C[C@@H](CCCC)CC)C[C@H](CCCC)CC)CC,
432,N#C[C]([C]1[C]([CH]c2ccc(s2)c2ccc(s2)c2ccc(s2)N(c2ccc(cc2)C)c2ccc(cc2)C)C(=O)c2c1cccc2)C#N,
433,CCCC[C@H](CN1C(=O)[C]([CH]c2ccc(s2)c2ccc(s2)c2ccc(s2)N(c2ccc(cc2)C)c2ccc(cc2)C)C(=C(C1=O)C#N)C)CC,
434,COCCOC(=O)/C(=C/c1ccc(s1)c1ccc(s1)c1ccc(s1)N(c1ccc(cc1)C)c1ccc(cc1)C)/C#N,
435,CCCCCCc1ccc(cc1)C1(c2ccc(cc2)CCCCCC)c2cc(sc2c2c1cc1c3sc(cc3C(c1c2)(c1ccc(cc1)CCCCCC)c1ccc(cc1)CCCCCC)c1c(F)c(F)c(c2c1nn(n2)CCCCCC)c1ccc(s1)c1n(C[C@@H](CCCC)CC)c(=O)c2c1c(=O)n(c2c1cccs1)C[C@H](CCCC)CC)c1c(F)c(F)c(c2c1nn(n2)CCCCCC)c1ccc(s1)c1n(C[C@@H](CCCC)CC)c(=O)c2c1c(=O)n(c2c1cccs1)C[C@H](CCCC)CC,
436,CCCCCCn1nc2c(n1)c(c1ccc(s1)c1n(C[C@@H](CCCC)CC)c(=O)c3c1c(=O)n(c3c1cccs1)C[C@H](CCCC)CC)c(c(c2c1ccc(s1)c1c(F)c(F)c(c2c1nn(n2)CCCCCC)c1ccc(s1)c1n(C[C@@H](CCCC)CC)c(=O)c2c1c(=O)n(c2c1cccs1)C[C@H](CCCC)CC)F)F,
437,Cl[Al]123N4C5N=c6n3c(=NC3N1C(=Nc1n2c(N=C4C2C5CCCC2)c2c1cccc2)C1C3CCCC1)c1c6cccc1,
438,CCCC[C@H](CN1C(=S)S/C(=C\2/[C@H]3C=C[C@H](C=C3C3=C[C@@H](C=C[C@H]23)N(c2ccc(cc2)OC)c2ccc(cc2)OC)N(c2ccc(cc2)OC)c2ccc(cc2)OC)/C1=O)CC,
439,CCCC[C@H](CN1C(=S)S/C(=C\2/[C@H]3C=C[C@H](C=C3C3=C[C@@H](C=C[C@H]23)N([C@@H]2C=CCC=C2)[C@@H]2C=CCC=C2)N([C@@H]2C=CCC=C2)[C@@H]2C=CCC=C2)/C1=O)CC,
442,Fc1ccc(cc1)c1oc2c(c1)n1c(c2)[CH]c2n([B]1(F)F)c1cc(oc1c2)c1ccc(cc1)F,
443,CCCCCCCCC1(CCCCCCCC)c2cc(C#Cc3ccc(s3)c3n(CCCCCCCC)c(=O)c4c3c(=O)n(c4c3ccc(s3)c3ccc4c(c3)C(=O)N(C4=O)C[C@H](CCCC)CC)CCCCCCCC)ccc2c2c1cc(C#Cc1ccc(s1)c1n(CCCCCCCC)c(=O)c3c1c(=O)n(c3c1ccc(s1)c1ccc3c(c1)C(=O)N(C3=O)C[C@H](CCCC)CC)CCCCCCCC)cc2,
444,CCCC[C@@H](Cc1ccc(s1)c1c2sc(cc2c(c2c1cc(s2)c1cc(c(s1)c1ccc(s1)c1sc(cc1CCCCCCCC)/C=C/C(=O)OCC)CCCCCCCC)c1ccc(s1)C[C@H](CCCC)CC)c1cc(c(s1)c1ccc(s1)c1sc(cc1CCCCCCCC)/C=C/C(=O)OCC)CCCCCCCC)CC,
445,CCCC[C@H](Cn1c(c2ccc(s2)c2cc(F)c(cc2F)c2ccc(s2)c2n(C[C@H](CCCC)CC)c(=O)c3c2c(=O)n(c3c2cccs2)C[C@@H](CCCC)CC)c2c(c1=O)c(n(c2=O)C[C@@H](CCCC)CC)c1cccs1)CC,
446,CCCC[C@H](Cn1c(c2ccc(s2)c2cc(c(s2)c2sc(cc2F)c2ccc(s2)c2n(C[C@H](CCCC)CC)c(=O)c3c2c(=O)n(c3c2cccs2)C[C@@H](CCCC)CC)F)c2c(c1=O)c(n(c2=O)C[C@H](CCCC)CC)c1cccs1)CC,
447,CCCCCCc1ccc(s1)c1ccc(s1)c1cc(F)c(c2c1nsn2)c1ccc(s1)c1ccc2c(c1)[C@](C[C@H](CCCC)CC)(C[C@@H](CCCC)CC)c1c2sc(c1)c1c(F)cc(c2c1nsn2)c1ccc(s1)c1ccc(s1)CCCCCC,
448,CCCCCCc1ccc(s1)c1ccc(s1)c1c(F)c(F)c(c2c1nsn2)c1ccc(s1)c1ccc2c(c1)[C@](C[C@H](CCCC)CC)(C[C@@H](CCCC)CC)c1c2sc(c1)c1c(F)c(F)c(c2c1nsn2)c1ccc(s1)c1ccc(s1)CCCCCC,
449,Cl[B]12n3c4nc5n2c(nc2n1c(nc3c1c4cccc1)c1c2cccc1)c1c5cccc1,
450,CCn1c(=O)c2c(c1c1ccc(s1)C#C/C/1=C\3/N=C(c4c3cccc4)/C=c/3\[nH]/c(=C(\C4=N/C(=C\c5[nH]c1c1ccccc51)/c1ccccc41)/C#Cc1ccc(s1)c1n(CC)c(=O)c4c1c(=O)n(c4c1cccs1)CC)/c1c3cccc1)c(=O)n(c2c1cccs1)CC,
451,CCCC[C@H](C[Ge]1(C[C@H](CCCC)CC)c2cc(sc2c2c1cc(s2)c1ccc(s1)c1c(F)cc(c2c1nsn2)c1ccc(s1)c1ccc(s1)CCCCCC)c1ccc(s1)c1c(F)cc(c2c1nsn2)c1ccc(s1)c1ccc(s1)CCCCCC)CC,
452,CCCC[C@H](CN1C(=O)/C(=C/2\c3sc(cc3N(C2=O)C[C@@H](CCCC)CC)c2ccc(s2)N(c2ccc(cc2)C)c2ccc(cc2)C)/c2c1cc(s2)c1ccc(s1)N(c1ccc(cc1)C)c1ccc(cc1)C)CC,
453,CCCC[C@H](CN1C(=O)/C(=C/2\c3sc(cc3N(C2=O)C[C@@H](CCCC)CC)c2ccc(cc2)N(c2ccc(cc2)C)c2ccc(cc2)C)/c2c1cc(s2)c1ccc(cc1)N(c1ccc(cc1)C)c1ccc(cc1)C)CC,
454,CCCC[C@H](CN1C(=O)/C(=C/2\c3sc(cc3N(C2=O)C[C@@H](CCCC)CC)c2ccc(cc2)n2c3ccccc3c3c2cccc3)/c2c1cc(s2)c1ccc(cc1)n1c2ccccc2c2c1cccc2)CC,
455,CCCC[C@H](CN1C(=O)/C(=C/2\c3sc(cc3N(C2=O)C[C@@H](CCCC)CC)n2c3ccccc3c3c2cccc3)/c2c1cc(s2)n1c2ccccc2c2c1cccc2)CC,
456,CCCC[C@H](Cc1ccc(s1)[C@]1(c2ccc(s2)C[C@H](CCCC)CC)c2cc(sc2c2c1cc1c3sc(cc3[C@@](c1c2)(c1ccc(s1)C[C@H](CCCC)CC)c1ccc(s1)C[C@H](CCCC)CC)c1ccc(s1)c1c(F)c(F)c(c2c1nsn2)c1ccc(s1)c1ccc(s1)CCCCCC)c1ccc(s1)c1c(F)c(F)c(c2c1nsn2)c1ccc(s1)c1ccc(s1)CCCCCC)CC,
457,CCCC[C@H](Cc1ccc(s1)[C@]1(c2ccc(s2)C[C@H](CCCC)CC)c2cc(sc2c2c1cc1c3sc(cc3[C@@](c1c2)(c1ccc(s1)C[C@H](CCCC)CC)c1ccc(s1)C[C@H](CCCC)CC)c1ccc([se]1)c1c(F)c(F)c(c2c1nsn2)c1ccc(s1)c1ccc(s1)CCCCCC)c1ccc([se]1)c1c(F)c(F)c(c2c1nsn2)c1ccc(s1)c1ccc(s1)CCCCCC)CC,
458,CCCCCCCCc1cc(sc1c1ccc(s1)c1sc(cc1CCCCCCCC)C=C1C(=O)c2c(C1=O)cccc2)c1cc2c(s1)c1c(C32c2cc(ccc2c2c3cc(cc2)C(C)(C)C)C(C)(C)C)cc(s1)c1cc(c(s1)c1ccc(s1)c1sc(cc1CCCCCCCC)C=C1C(=O)c2c(C1=O)cccc2)CCCCCCCC,
459,CCCCCCCCc1cc(sc1c1ccc(s1)c1sc(cc1CCCCCCCC)[CH]C1=[S]C(=S)N(C1=O)CC)c1sc2c(c1)C1(c3c2sc(c3)c2sc(c(c2)CCCCCCCC)c2ccc(s2)c2sc(cc2CCCCCCCC)/C=C/2\SC(=S)N(C2=O)CC)c2cc(ccc2c2c1cc(cc2)C(C)(C)C)C(C)(C)C,
460,CCCCCCCCc1cc(sc1c1ccc(s1)c1sc(cc1CCCCCCCC)/C=C/1\SC(N(C1=O)CC)[C](C#N)C#N)c1cc2c(s1)c1c(C32c2cc(ccc2c2c3cc(cc2)C(C)(C)C)C(C)(C)C)cc(s1)c1cc(c(s1)c1ccc(s1)c1sc(cc1CCCCCCCC)/C=C/1\SC(N(C1=O)CC)[C](C#N)C#N)CCCCCCCC,
461,CCCCCCCCCCCCOc1ccc(cc1)N1c2ccc(cc2Sc2c1ccc(c2)c1ccc(s1)C=C(C#N)C#N)c1ccc(s1)C=C(C#N)C#N,
463,CCCCCCCCCCCCOc1ccc(cc1)N1c2ccc(cc2Sc2c1ccc(c2)c1ccc(s1)/C=C(\C(=O)OCC)/C#N)c1ccc(s1)/C=C(\C(=O)OCC)/C#N,
464,CCCCCCCCCCCCOc1ccc(cc1)N1c2ccc(cc2Sc2c1ccc(c2)c1ccc(s1)/C=C(\C(=O)NCCCCCC)/C#N)c1ccc(s1)/C=C(\C(=O)NCCCCCC)/C#N,
465,CCCCCCCCCCCCOc1ccc(cc1)N1c2ccc(cc2Sc2c1ccc(c2)c1ccc(s1)C=C(C#N)C#N)c1ccc2c(c1)Sc1c(N2c2ccc(cc2)OCCCCCCCCCCCC)ccc(c1)c1ccc(s1)C=C(C#N)C#N,
466,CCCCCCCCCCCCOc1ccc(cc1)N1c2ccc(cc2Sc2c1ccc(c2)c1ccc(s1)/C=C(\C(=O)OCC)/C#N)c1ccc2c(c1)Sc1c(N2c2ccc(cc2)OCCCCCCCCCCCC)ccc(c1)c1ccc(s1)/C=C(\C(=O)OCC)/C#N,
468,CCCCCCNC(=O)/C(=C\c1ccc(s1)c1ccc2c(c1)Sc1c(N2c2ccc(cc2)OCCCCCCCCCCCC)ccc(c1)c1ccc2c(c1)Sc1c(N2c2ccc(cc2)OCCCCCCCCCCCC)ccc(c1)c1ccc(s1)/C=C(\C(=O)NCCCCCC)/C#N)/C#N,
469,CCCCCCCCn1c(=O)c2c(c1c1ccc(s1)C#Cc1ccc3c(c1)C(=O)N(C3=O)C[C@@H](CCCC)CC)c(=O)n(c2c1ccc(s1)C#Cc1ccc2c(c1)C(=O)N(C2=O)C[C@@H](CCCC)CC)CCCCCCCC,
470,N#C/C(=C/c1ccc(cc1)N(c1ccccc1)c1ccccc1)/c1ccc(cc1)c1ccc(s1)c1ccc(c2c1nc(c1ccccc1)c(n2)c1ccccc1)c1ccc(s1)c1ccc(cc1)/C(=C/c1ccc(cc1)N(c1ccccc1)c1ccccc1)/C#N,
473,CCCC[C@H](Cc1ccc(s1)c1c2sc(cc2c(c2c1cc(s2)C1=[S]c2c(C1)c(c1ccc(s1)C[C@H](CCCC)CC)c1c(c2c2ccc(s2)C[C@@H](CCCC)CC)cc(s1)[CH]C1=[S]C(=S)N(C1=O)CC)c1ccc(s1)C[C@H](CCCC)CC)c1sc2c(c1)c(c1ccc(s1)C[C@@H](CCCC)CC)c1c(c2c2ccc(s2)C[C@H](CCCC)CC)cc(s1)[CH]C1=[S]C(=S)N(C1=O)CC)CC,
474,CCCCCCCCc1cc(sc1c1ccc(s1)c1sc(cc1CCCCCCCC)[CH]C1=[S]C(=S)N(C1=O)CC)[C@H]1[S]=C(c2c1cc1C(=[S][C@H](c1c2)C[C@H](CCCC)CC)C[C@@H](CCCC)CC)c1sc(c(c1)CCCCCCCC)c1ccc(s1)c1sc(cc1CCCCCCCC)[CH]C1=[S]C(=S)N(C1=O)CC,
475,CCCC[C@H](Cc1ccc(s1)c1c2cc(sc2c(c2c1sc(c2)c1sc2c(c1CCCCCC)sc(c2)c1sc(cc1CCCCCC)C=C1C(=O)c2c(C1=O)cccc2)c1ccc(s1)C[C@@H](CCCC)CC)c1sc2c(c1CCCCCC)sc(c2)c1sc(cc1CCCCCC)C=C1C(=O)c2c(C1=O)cccc2)CC,
476,CCCCCC[C@@H](Cc1ccc(s1)c1c2cc(sc2c(c2c1sc(c2)c1sc2c(c1CCCCCC)sc(c2)c1sc(cc1CCCCCC)/C=C/1\C(=O)c2c(C1=O)cccc2F)c1ccc(s1)C[C@H](CCCCCC)CCCC)c1sc2c(c1CCCCCC)sc(c2)c1sc(cc1CCCCCC)/C=C/1\C(=O)c2c(C1=O)cccc2F)CCCC,
477,CCCCCCCC[C@H](Cc1ccc(s1)c1c2cc(sc2c(c2c1sc(c2)c1sc2c(c1CCCCCC)sc(c2)c1sc(cc1CCCCCC)C=C1C(=O)c2c(C1=O)c(F)ccc2F)c1ccc(s1)C[C@@H](CCCCCCCC)CCCCCC)c1sc2c(c1CCCCCC)sc(c2)c1sc(cc1CCCCCC)C=C1C(=O)c2c(C1=O)c(F)ccc2F)CCCCCC,
478,CCCCCCCCN1C(=S)S/C(=C\c2sc(c(c2)CCCCCCCC)c2ccc(s2)c2sc(c3c2cc(s3)C[C@H](CCCC)CC)c2sc(c3c2C(=O)N(C3=O)C[C@@H](CCCC)CC)c2sc(c3c2sc(c3)C[C@H](CCCC)CC)c2ccc(s2)c2sc(cc2CCCCCCCC)[CH]C2=[S]C(=S)N(C2=O)CCCCCCCC)/C1=O,
479,CCCCCCCCCCn1c2cc(sc2c2c(c1=O)cc(s2)c1c(F)c(F)c(c2c1nn(n2)CCCCCC)c1ccc(s1)c1n(C[C@@H](CCCC)CC)c(=O)c2c1c(=O)n(c2c1cccs1)C[C@H](CCCC)CC)c1c(F)c(F)c(c2c1nn(n2)CCCCCC)c1ccc(s1)c1n(C[C@@H](CCCC)CC)c(=O)c2c1c(=O)n(c2c1cccs1)C[C@H](CCCC)CC,
480,CCCCCCCC[C@H](CCc1ccc(s1)c1c2sc(cc2c(c2c1cc(s2)c1sc2c(c1CCCCCC)sc(c2)c1sc(cc1CCCCCC)C=C1C(=O)c2c(C1=O)c(F)ccc2F)c1ccc(s1)CC[C@H](CCCCCCCC)CCCCCC)c1sc2c(c1CCCCCC)sc(c2)c1sc(cc1CCCCCC)C=C1C(=O)c2c(C1=O)c(F)ccc2F)CCCCCC,
481,CCCCCCCCc1cc(sc1c1ccc(s1)c1sc(cc1CCCCCCCC)[CH]C1=[S]N(C(=S)C1=O)CC)c1cc2c(s1)c(c1ccc(s1)[Si](CCC)(CCC)CCC)c1c(c2c2ccc(s2)[Si](CCC)(CCC)CCC)sc(c1)c1sc(c(c1)CCCCCCCC)c1ccc(s1)c1sc(cc1CCCCCCCC)/C=C\1/SN(C(=S)C1=O)CC,
482,CCC[Si](c1ccc(s1)c1c2sc(cc2c(c2c1cc(s2)c1cc(c(s1)c1ccc(s1)c1sc(cc1CCCCCCCC)/C=C(/C(=O)OC[C@@H](CCCC)CC)\C#N)CCCCCCCC)c1ccc(s1)[Si](CCC)(CCC)CCC)c1cc(c(s1)c1ccc(s1)c1sc(cc1CCCCCCCC)/C=C(/C(=O)OC[C@@H](CCCC)CC)\C#N)CCCCCCCC)(CCC)CCC,
483,[H]C(C([H])C1C(CCC2SC(C([H])C2[H])C2C3C(O)N(C(C4SC([H])C([H])C4[H])C3C(O)N2C([H])([H])[C@]([H])(C([H])([H])C([H])([H])[H])C([H])([H])C([H])([H])C([H])([H])C([H])([H])[H])C([H])([H])[C@@]([H])(C([H])([H])C([H])([H])[H])C([H])([H])C([H])([H])C([H])([H])C([H])([H])[H])C(C2C(C3C(C(CCC4SC(C([H])C4[H])C4C5C(O)N(C(C6SC([H])C([H])C6[H])C5C(O)N4C([H])([H])[C@]([H])(C([H])([H])C([H])([H])[H])C([H])([H])C([H])([H])C([H])([H])C([H])([H])[H])C([H])([H])[C@]([H])(C([H])([H])C([H])([H])[H])C([H])([H])C([H])([H])C([H])([H])C([H])([H])[H])C(C([H])C([H])C4SC(C([H])C4[H])C4C5C([H])C([H])C6C(C7C([H])C([H])C8C(C9C([H])C([H])C%10C(C%11C([H])C([H])C4N%11[Zn](N56)(N78)N9%10)C4C([H])C([H])C([H])C([H])C4[H])C4C([H])C([H])C([H])C([H])C4[H])C4C([H])C([H])C([H])C([H])C4[H])N3[B](F)(F)N12)C([H])([H])[H])C1C(C([H])C(C([H])C1C([H])([H])[H])C([H])([H])[H])C([H])([H])[H])C([H])([H])[H])C1SC(C([H])C1[H])C1C2C([H])C([H])C3C(C4C([H])C([H])C5C(C6C([H])C([H])C7C(C8C([H])C([H])C1N8[Zn](N23)(N45)N67)C1C([H])C([H])C([H])C([H])C1[H])C1C([H])C([H])C([H])C([H])C1[H])C1C([H])C([H])C([H])C([H])C1[H],
484,Cc1ccc(s1)c1sc(cc1c1ccc(s1)C)/C=C/c1cc(c(s1)c1ccc(s1)C)c1ccc(s1)C,
486,CCCCCCCCC1(CCCCCCCC)c2cc(sc2c2c1cc(s2)c1ccc(c2c1nsn2)C#N)c1ccc(c2c1nsn2)C#N,
487,CCCCCCCCC1(CCCCCCCC)c2cc(sc2c2c1cc(s2)c1cc(F)c(c2c1nsn2)C#N)c1cc(F)c(c2c1nsn2)C#N,
488,CCCCCCCCC1(CCCCCCCC)c2cc(sc2c2c1cc(s2)c1c(F)cc(c2c1nsn2)C#N)c1c(F)cc(c2c1nsn2)C#N,
489,CCCCCCCCC1(CCCCCCCC)c2cc(sc2c2c1cc(s2)c1c(F)c(F)c(c2c1nsn2)C#N)c1c(F)c(F)c(c2c1nsn2)C#N,
490,CCCCCCCC[Si]1(CCCCCCCC)c2cc(sc2c2c1cc(s2)c1sc(cc1C[C@@H](CCCC)CC)C=C1C(=O)c2c(C1=O)cccc2)c1sc(cc1C[C@H](CCCC)CC)C=C1C(=O)c2c(C1=O)cccc2,
491,CCCCCCCC[Si]1(CCCCCCCC)c2cc(sc2c2c1cc(s2)c1sc2c(c1C[C@@H](CCCC)CC)sc(c2)C=C1C(=O)c2c(C1=O)cccc2)c1sc2c(c1C[C@H](CCCC)CC)sc(c2)C=C1C(=O)c2c(C1=O)cccc2,
492,CCCC[C@H](CN1C(=O)c2c(C1=O)cc(cc2)C#Cc1ccc(s1)c1c(F)c(F)c(c2c1nsn2)c1ccc(s1)C#Cc1ccc2c(c1)C(=O)N(C2=O)C[C@@H](CCCC)CC)CC,
493,CCCC[C@@H](COc1ccc2c3c1c1c(OC[C@@H](CCCC)CC)ccc4c1c1c3c(c3c2cc(s3)c2ccc(s2)c2n(C[C@@H](CCCC)CC)c(=O)c3c2c(=O)n(c3c2cccs2)C[C@@H](CCCC)CC)c2c(c1c1c4cc(s1)c1csc(c1)c1n(C[C@@H](CCCC)CC)c(=O)c3c1c(=O)n(c3c1cccs1)C[C@@H](CCCC)CC)nsn2)CC,
494,CCCC[C@@H](COc1ccc2c3c1c1c(OC[C@@H](CCCC)CC)ccc4c1c1c3c(c3c2cc(s3)c2ccc(s2)c2n(C[C@@H](CCCC)CC)c(=O)c3c2c(=O)n(c3c2cccs2)C[C@@H](CCCC)CC)c2c(c1c1c4cc(s1)c1csc(c1)c1n(C[C@@H](CCCC)CC)c(=O)c3c1c(=O)n(c3c1cccs1)C[C@@H](CCCC)CC)nn(n2)C[C@H](CCCC)CC)CC,
495,CCCCCCc1cc(sc1/C=C/c1sc(cc1CCCCCC)c1sc(cc1CCCCCC)[CH]C1=[S]C(=S)N(C1=O)CCCCCC)c1sc(cc1CCCCCC)[CH]C1=[S]C(=S)N(C1=O)CCCCCC,
496,CCCCCCN1C(=S)S/C(=C/c2cc(c(s2)c2ccc(s2)c2cc(c(s2)/C=C/c2sc(cc2CCCCCC)c2ccc(s2)c2sc(cc2CCCCCC)[CH]C2=[S]C(=S)N(C2=O)CCCCCC)CCCCCC)CCCCCC)/C1=O,
497,CCCCCCN1C(S/C(=C/c2sc(c(c2)CCCCCC)c2sc(c(c2)CCCCCC)/C=C/c2sc(cc2CCCCCC)c2sc(cc2CCCCCC)[CH]C2SC(=C(C#N)C#N)N(C2=O)CCCCCC)/C1=O)[C](C#N)C#N,
498,CCCCCCc1cc(sc1/C=C/c1sc(cc1CCCCCC)c1ccc(s1)c1sc(cc1CCCCCC)/C=C\1/SC(N(C1=O)CCCCCC)[C](C#N)C#N)c1ccc(s1)c1sc(cc1CCCCCC)/C=C/1\SC(N(C1=O)CCCCCC)[C](C#N)C#N,
499,CCCCCCCCCC[C@H](Cn1c(=O)c2c(c1c1ccc(s1)c1cc(c(s1)c1ccc(s1)[Si](C)(C)C)c1ccc(s1)[Si](C)(C)C)c(=O)n(c2c1ccc(s1)c1cc(c(s1)c1ccc(s1)[Si](C)(C)C)c1ccc(s1)[Si](C)(C)C)C[C@H](CCCCCCCCCC)CCCCCCCC)CCCCCCCC,
500,CCCCCCCCCC[C@H](Cn1c(=O)c2c(c1c1ccc(s1)c1cc(c(s1)c1cccs1)c1cccs1)c(=O)n(c2c1ccc(s1)c1cc(c(s1)c1cccs1)c1cccs1)C[C@H](CCCCCCCCCC)CCCCCCCC)CCCCCCCC,
501,CCCCCCCCCC[C@H](Cn1c(=O)c2c(c1c1ccc(s1)c1sc(c(c1)c1ccc(s1)c1sc(c(c1)c1ccc(s1)[Si](C)(C)C)c1ccc(s1)[Si](C)(C)C)c1ccc(s1)c1sc(c(c1)c1ccc(s1)[Si](C)(C)C)c1ccc(s1)[Si](C)(C)C)c(=O)n(c2c1ccc(s1)c1sc(c(c1)c1ccc(s1)c1sc(c(c1)c1ccc(s1)[Si](C)(C)C)c1ccc(s1)[Si](C)(C)C)c1ccc(s1)c1sc(c(c1)c1ccc(s1)[Si](C)(C)C)c1ccc(s1)[Si](C)(C)C)C[C@H](CCCCCCCCCC)CCCCCCCC)CCCCCCCC,
502,CCCCCCCCCC[C@H](Cn1c(=O)c2c(c1c1ccc(s1)c1sc(c(c1)c1ccc(s1)c1sc(c(c1)c1cccs1)c1cccs1)c1ccc(s1)c1sc(c(c1)c1cccs1)c1cccs1)c(=O)n(c2c1ccc(s1)c1sc(c(c1)c1ccc(s1)c1sc(c(c1)c1cccs1)c1cccs1)c1ccc(s1)c1sc(c(c1)c1cccs1)c1cccs1)C[C@H](CCCCCCCCCC)CCCCCCCC)CCCCCCCC,
503,CCCCCCCC[C@H](Cn1nc2c(n1)c(ccc2c1ccc(s1)/C=C(/C(=O)OC[C@@H](CCCC)CC)\C#N)c1ccc(s1)c1cc2c(s1)c(c1ccc(s1)/C=C/c1ccc(s1)SC[C@@H](CCCC)CC)c1c(c2c2ccc(s2)/C=C/c2ccc(s2)SC[C@H](CCCC)CC)sc(c1)c1ccc(s1)c1ccc(c2c1nn(n2)CCCC(CCCCCC)CCCCCC)c1ccc(s1)/C=C(/C(=O)OC[C@H](CCCC)CC)\C#N)CCCCCC,
504,CCCC[C@@H](CSc1ccc(s1)c1c2sc3c(c2c(c2c1c1sc(cc1s2)c1cc(c(s1)c1ccc(s1)c1sc(cc1CCCCCCCC)[CH]C1=[S]C(=S)N(C1=O)CC)CCCCCCCC)c1ccc(s1)SC[C@H](CCCC)CC)sc(c3)c1cc(c(s1)c1ccc(s1)c1sc(cc1CCCCCCCC)[CH]C1=[S]C(=S)N(C1=O)CC)CCCCCCCC)CC,
506,[H]C(C1SC(C([H])C1[H])C1SC(C2SC(C([H])C2[H])C2SC3C(C2[H])C(C2SC(SC([H])([H])[C@]([H])(C([H])([H])C([H])([H])[H])C([H])([H])C([H])([H])C([H])([H])C([H])([H])[H])C([H])C2[H])C2SC(C([H])C2C3C2SC(SC([H])([H])[C@]([H])(C([H])([H])C([H])([H])[H])C([H])([H])C([H])([H])C([H])([H])C([H])([H])[H])C([H])C2[H])C2SC(C([H])C2[H])C2SC(C3SC(C([H])C4SC(S)N(C4O)C([H])([H])C([H])([H])[H])C([H])C3[H])C3C2C(O)C2C(SC(C2C3O)C([H])([H])[C@]([H])(C([H])([H])C([H])([H])[H])C([H])([H])C([H])([H])C([H])([H])C([H])([H])[H])C([H])([H])[C@]([H])(C([H])([H])C([H])([H])[H])C([H])([H])C([H])([H])C([H])([H])C([H])([H])[H])C2C1C(O)C1C(SC(C1C2O)C([H])([H])[C@]([H])(C([H])([H])C([H])([H])[H])C([H])([H])C([H])([H])C([H])([H])C([H])([H])[H])C([H])([H])[C@@]([H])(C([H])([H])C([H])([H])[H])C([H])([H])C([H])([H])C([H])([H])C([H])([H])[H])C1SC(S)N(C1O)C([H])([H])C([H])([H])[H],
507,CCCCCCCC[C@@H](Cc1ccc(s1)/C=C/c1ccc(s1)c1c2cc(sc2c(c2c1sc(c2)c1sc(c(c1)CCCCCCCC)c1ccc(s1)c1sc(cc1CCCCCCCC)/C=C/1\SC(=S)N(C1=O)CC)c1ccc(s1)/C=C/c1ccc(s1)C[C@@H](CCCCCCCC)CCCCCC)c1sc(c(c1)CCCCCCCC)c1ccc(s1)c1sc(cc1CCCCCCCC)c1ccc(s1)/C=C/1\SC(=S)N(C1=O)CC)CCCCCC,
509,CCCCCCCC[C@@H](CSc1ccc(s1)/C=C/c1ccc(s1)c1c2cc(sc2c(c2c1sc(c2)c1cc(c(s1)c1ccc(s1)c1sc(cc1CCCCCCCC)[CH]C1=[S]C(=S)N(C1=O)CC)CCCCCCCC)c1ccc(s1)/C=C/c1ccc(s1)SC[C@@H](CCCCCCCC)CCCCCC)c1cc(c(s1)c1ccc(s1)c1sc(cc1CCCCCCCC)c1ccc(s1)[CH]C1=[S]C(=S)N(C1=O)CC)CCCCCCCC)CCCCCC,
512,CCCC[C@@H](Cn1c(c2ccc(s2)c2sc3c(c2)c(c2ccc(s2)/C=C/c2ccc(s2)C[C@@H](CCCC)CC)c2c(c3c3ccc(s3)/C=C/c3ccc(s3)C[C@H](CCCC)CC)cc(s2)c2ccc(s2)c2n(C[C@H](CCCC)CC)c(=O)c3c2c(=O)n(c3c2cccs2)C[C@H](CCCC)CC)c2c(c1=O)c(n(c2=O)C[C@H](CCCC)CC)c1cccs1)CC,
513,CCCCCCCCCCc1sc(cc1CCCCCCCCCC)c1c2sc3c(c2c(c2c1c1sc(cc1s2)c1cc(c(s1)c1ccc(s1)c1sc(cc1CCCCCCCC)/C=C(\C(=O)OCC)/C#N)CCCCCCCC)c1cc(c(s1)CCCCCCCCCC)CCCCCCCCCC)sc(c3)c1cc(c(s1)c1ccc(s1)c1sc(cc1CCCCCCCC)/C=C(/C(=O)OCC)\C#N)CCCCCCCC,
514,CCCCCCCCCCc1sc(cc1CCCCCCCCCC)c1c2sc3c(c2c(c2c1c1sc(cc1s2)c1cc(c(s1)c1ccc(s1)c1sc(cc1CCCCCCCC)C=C(C#N)C#N)CCCCCCCC)c1cc(c(s1)CCCCCCCCCC)CCCCCCCCCC)sc(c3)c1cc(c(s1)c1ccc(s1)c1sc(cc1CCCCCCCC)C=C(C#N)C#N)CCCCCCCC,
515,CCCC[C@H](Cc1ccc(s1)c1c2cc(sc2c(c2c1sc(c2)c1sc(cc1CCCCCC)C=C1C(=O)c2c(C1=O)cccc2)c1ccc(s1)C[C@@H](CCCC)CC)c1sc(cc1CCCCCC)C=C1C(=O)c2c(C1=O)cccc2)CC,
516,CCCC[C@H](Cc1ccc(s1)c1c2cc(sc2c(c2c1sc(c2)c1sc(cc1CCCCCC)c1sc(cc1CCCCCC)C=C1C(=O)c2c(C1=O)cccc2)c1ccc(s1)C[C@@H](CCCC)CC)c1sc(cc1CCCCCC)c1sc(cc1CCCCCC)C=C1C(=O)c2c(C1=O)cccc2)CC,
517,CCCC[C@H](Cc1ccc(s1)c1c2cc(sc2c(c2c1sc(c2)c1sc(cc1CCCCCC)c1sc(cc1CCCCCC)c1sc(cc1CCCCCC)C=C1C(=O)c2c(C1=O)cccc2)c1ccc(s1)C[C@@H](CCCC)CC)c1sc(cc1CCCCCC)c1sc(cc1CCCCCC)c1sc(cc1CCCCCC)C=C1C(=O)c2c(C1=O)cccc2)CC,
518,CCCC[C@H](Cc1ccc(s1)C1=C2CCC3N2[Zn@]24n5c1ccc5C(=C1N2C(CC1)C(=c1n4c(=C3C#Cc2ccc(s2)c2n(C[C@@H](CCCC)CC)c(=O)c3c2c(=O)n(c3c2cccs2)C[C@@H](CCCC)CC)cc1)c1ccc(s1)C[C@H](CCCC)CC)C#CC1=C2CCC3N2[Zn@@]24n5c1ccc5C(=C1N2C(CC1)C(=c1n4c(=C3c2ccc(s2)C[C@@H](CCCC)CC)cc1)C#Cc1ccc(s1)c1n(C[C@@H](CCCC)CC)c(=O)c2c1c(=O)n(c2c1cccs1)C[C@@H](CCCC)CC)c1ccc(s1)C[C@@H](CCCC)CC)CC,
519,CCCCCCCCOC(=O)/C(=C/c1sc(c(c1)CCCCCCCC)C1=CCC(=[S]1)C1=[S]C(=C[C@H]1CCCCCCCC)c1oc2c(c1)cc(c1c2c(cc2c1oc(c2)C1=[S][C@H](C(=C1)CCCCCCCC)c1ccc(s1)c1sc(cc1CCCCCCCC)/C=C(/C(=O)OCCCCCCCC)\C#N)c1ccc(cc1)OC[C@H](CCCC)CC)c1ccc(cc1)OC[C@H](CCCC)CC)/C#N,
520,CCCCCCCCOc1ccc(cc1)[C]1c2cc(cn2[B](n2c1cc(c2)C#Cc1sc2c(c1)c(OCCCCCCCC)c1c(c2OCCCCCCCC)ccs1)(F)F)C#Cc1sc2c(c1)c(OCCCCCCCC)c1c(c2OCCCCCCCC)ccs1,
521,CCCC[C@H](COC(=O)/C(=C/c1ccc(s1)c1ccc(s1)c1sc(c2c1OCCO2)c1ccc(s1)c1ccc(s1)/C=C(/C(=O)OC[C@H](CCCC)CC)\C#N)/C#N)CC,
522,CCCC[C@H](CN1C(=O)c2c(C1=O)cc(cc2)C#Cc1ccc(s1)c1cc(F)c(c2c1nsn2)c1ccc(s1)C#Cc1ccc2c(c1)C(=O)N(C2=O)C[C@@H](CCCC)CC)CC,
523,CCCCCCCC[Si]1(CCCCCCCC)c2cc(sc2c2c1cc(s2)c1ccc(s1)c1ccc(s1)C(=C(C#N)C#N)C)c1ccc(s1)c1ccc(s1)C(=C(C#N)C#N)C,
524,CCCCCCCC[Si]1(CCCCCCCC)c2cc(sc2c2c1cc(s2)c1ccc(s1)c1ccc(s1)/C=C/1\SC(=S)N(C1=O)CC)c1ccc(s1)c1ccc(s1)[CH]C1=[S]C(=S)N(C1=O)CC,
525,CCCCCCCCC(n1c2CC(=[S]c2c2c1cc(s2)c1ccc(s1)c1ccc(s1)C(=C(C#N)C#N)C)c1ccc(s1)c1ccc(s1)C(=C(C#N)C#N)C)CCCCCCCC,
526,CCCCCCCCC(n1c2cc(sc2c2c1cc(s2)c1ccc(s1)c1ccc(s1)/C=C/1\SC(=S)N(C1=O)CC)c1ccc(s1)c1ccc(s1)/C=C/1\SC(=S)N(C1=O)CC)CCCCCCCC,
527,CCCCCCOc1ccc(cc1)N(c1ccc(cc1)OCCCCCC)c1ccc(cc1)c1cc2c(s1)c1c(n2CCCCCC)c2c(s1)c1c(n2CCCCCC)cc(s1)C=C(C#N)C#N,
528,CCCC[C@H](CN1C(=O)c2c(C1=O)cc(cc2)C#Cc1ccc(s1)c1ccc(c2c1nsn2)c1ccc(s1)C#Cc1ccc2c(c1)C(=O)N(C2=O)C[C@@H](CCCC)CC)CC,
529,CCCCCCn1c2cc(ccc2c2c1c1ccc(cc1n2CCCCCC)c1c(F)cc(c2c1nsn2)c1ccc(s1)c1ccc(s1)c1ccc(s1)CCCCCC)c1c(F)cc(c2c1nsn2)c1ccc(s1)c1ccc(s1)c1ccc(s1)CCCCCC,
531,Cc1ccc(cc1)N(c1ccc(cc1)C)c1ccc(s1)c1ccc(c2c1nccn2)C=C1C(=O)c2c(C1=O)cccc2,
532,CCN1C(=S)[S]=C(C1=O)[CH]c1ccc(c2c1nccn2)c1ccc(s1)N(c1ccc(cc1)C)c1ccc(cc1)C,
533,CCCCCCCCOc1c(c2ccc(s2)c2cc3c(s2)c(c2ccc(s2)SC[C@H](CCCC)CC)c2c(c3c3ccc(s3)SC[C@@H](CCCC)CC)sc(c2)c2ccc(s2)c2c(OCCCCCCCC)c(OCCCCCCCC)c(c3c2nsn3)c2ccc(s2)/C=C(/C(=O)OC[C@@H](CCCC)CC)\C#N)c2nsnc2c(c1OCCCCCCCC)c1ccc(s1)/C=C(/C(=O)OC[C@H](CCCC)CC)\C#N,
534,CCCCCCCC[C@@H](Cn1c(c2ccc(s2)c2cc(OC)c(cc2OC)c2ccc(s2)c2n(C[C@H](CCCCCCCC)CCCCCC)c(=O)c3c2c(=O)n(c3c2ccc(s2)c2ccc3c4c2ccc2c4c(cc3)ccc2)C[C@H](CCCCCCCC)CCCCCC)c2c(c1=O)c(n(c2=O)C[C@H](CCCCCCCC)CCCCCC)c1ccc(s1)c1ccc2c3c1ccc1c3c(cc2)ccc1)CCCCCC,
535,CCCCCCCC[C@@H](Cn1c(c2ccc(s2)c2cc(F)c(cc2F)c2ccc(s2)c2n(C[C@H](CCCCCCCC)CCCCCC)c(=O)c3c2c(=O)n(c3c2ccc(s2)c2ccc3c4c2ccc2c4c(cc3)ccc2)C[C@H](CCCCCCCC)CCCCCC)c2c(c1=O)c(n(c2=O)C[C@H](CCCCCCCC)CCCCCC)c1ccc(s1)c1ccc2c3c1ccc1c3c(cc2)ccc1)CCCCCC,
536,CCCC[C@H](COc1c2sc(cc2c(c2c1cc(s2)c1ccc2c(c1)Sc1c(N2C[C@@H](CCCC)CC)ccc(c1)C=C(C#N)C#N)OC[C@@H](CCCC)CC)c1ccc2c(c1)Sc1c(N2C[C@H](CCCC)CC)ccc(c1)C=C(C#N)C#N)CC,
537,CCCC[C@H](COc1c2sc(cc2c(c2c1cc(s2)c1ccc2c(c1)Sc1c(N2C[C@@H](CCCC)CC)ccc(c1)C=C1C(=O)c2c(C1=O)cccc2)OC[C@@H](CCCC)CC)c1ccc2c(c1)Sc1c(N2C[C@H](CCCC)CC)ccc(c1)C=C1C(=O)c2c(C1=O)cccc2)CC,
538,CCCN1c2ccc(cc2Sc2c1ccc(c2)C(=C(C#N)C#N)C(=C(C#N)C#N)c1ccc(cc1)N(c1ccccc1)c1ccccc1)C#Cc1ccc(cc1)N(c1ccccc1)c1ccccc1,
539,CCCN1c2ccc(cc2Sc2c1ccc(c2)C(=C(C#N)C#N)[C](c1ccc(cc1)N(c1ccccc1)c1ccccc1)c1ccc(cc1)[C](C#N)C#N)C#Cc1ccc(cc1)N(c1ccccc1)c1ccccc1,
540,CCCC[C@H](Cn1c(=O)c2c(c1c1ccc(s1)C1SC3N(C1)[B](c1c3sc(c1)c1ccc(s1)c1n(C[C@@H](CCCC)CC)c(=O)c3c1c(=O)n(c3c1cccs1)C[C@H](CCCC)CC)(c1c(C)cc(cc1C)C)c1c(C)cc(cc1C)C)c(=O)n(c2c1cccs1)C[C@H](CCCC)CC)CC,
541,CCCCCCCCc1cc2c(s1)CC(=[S]2)c1ccc(s1)c1c2c(=O)n(c(c2c(=O)n1C[C@H](CCCC)CC)c1ccc(s1)c1sc2c(c1)[B](N1C2SC(C1)c1ccc(s1)c1n(C[C@@H](CCCC)CC)c(=O)c2c1c(=O)n(c2c1ccc(s1)c1sc2c(c1)sc(c2)CCCCCCCC)C[C@H](CCCC)CC)(c1c(C)cc(cc1C)C)c1c(C)cc(cc1C)C)C[C@@H](CCCC)CC,
542,CCCCCCc1ccc(cc1)C1(c2ccc(cc2)CCCCCC)c2cc(sc2c2c1cc1c(c2)[nH]c2c1cc1c(c2)c2c(C1(c1ccc(cc1)CCCCCC)c1ccc(cc1)CCCCCC)cc(s2)c1sc(c(c1)CCCCCCCC)c1ccc(s1)c1sc(cc1CCCCCCCC)/C=C\1/SC(=S)N(C1=O)CC)c1sc(c(c1)CCCCCCCC)c1ccc(s1)c1sc(cc1CCCCCCCC)/C=C\1/SC(=S)N(C1=O)CC,
543,CCCCCCc1ccc(cc1)C1(c2ccc(cc2)CCCCCC)c2cc(sc2c2c1cc1c(c2)[nH]c2c1cc1c(c2)c2c(C1(c1ccc(cc1)CCCCCC)c1ccc(cc1)CCCCCC)cc(s2)c1ccc(s1)/C=C/1\SC(=S)N(C1=O)CC)c1ccc(s1)/C=C/1\SC(=S)N(C1=O)CC,
544,CCCCCCc1c(/C=C/c2sc(c(c2CCCCCC)CCCCCC)C=O)sc(c1CCCCCC)C#CC1=C2CCC3N2[Ni@@]24n5c1ccc5C(=C1N2C(CC1)C(=c1n4c(=C3c2c(C)cc(cc2C)C)cc1)C#Cc1sc(c(c1CCCCCC)CCCCCC)/C=C/c1sc(c(c1CCCCCC)CCCCCC)C=O)c1c(C)cc(cc1C)C,
545,CCCCN(c1ccc(c(c1)O)C1=C(O)C(=C1O)c1c(O)cc(cc1O)N1c2cc3ccccc3cc2[C@H]2[C@H]1CCC2)CCCC,
546,CCCCN(c1cc(O)c(c(c1)O)C1=C(O)C(=C1O)c1c(O)cc(cc1O)N1c2cc3ccccc3cc2[C@H]2[C@H]1CCC2)CCCC,
547,CCCCN(c1ccc(cc1)C1=C(O)/C(=C\[C@H]2Sc3c(N2CCCC)cccc3)/C1=C(C#N)C#N)CCCC,
548,CCCCN(c1ccc(c(c1)O)C1=C(O)/C(=C\[C@H]2Sc3c(N2CCCC)cccc3)/C1=C(C#N)C#N)CCCC,
549,CCCCN1[C@@H]([CH]C2=C(C(=C2O)c2ccc(cc2O)N2c3ccccc3[C@H]3[C@H]2CCC3)[C](C#N)C#N)Sc2c1cc1ccccc1c2,
550,CCCCCCC1(CCCCCC)c2cc(ccc2c2c1cc(cc2)N(c1cc(O)c(c(c1)O)C1=C(O)/C(=C/[C@H]2N(C)c3c(C2(C)C)c2ccccc2cc3)/C1=O)c1ccccc1)N(c1cc(O)c(c(c1)O)C1=C(O)/C(=C/[C@H]2N(C)c3c(C2(C)C)c2ccccc2cc3)/C1=O)c1ccccc1,
551,CCCCCCCC[C@H](Cn1c2cc(ccc2c2c1cc(cc2)N(c1cc(O)c(c(c1)O)C1=C(O)/C(=C/[C@H]2N(C)c3c(C2(C)C)c2ccccc2cc3)/C1=O)c1ccccc1)N(c1cc(O)c(c(c1)O)C1=C(O)/C(=C/[C@H]2N(C)c3c(C2(C)C)c2ccccc2cc3)/C1=O)c1ccccc1)CCCCCC,
552,CCCCCCCCc1cc(sc1C#Cc1ccc(s1)c1n(C[C@H](CCCC)CC)c(=O)c2c1c(=O)n(c2c1ccc(s1)c1cc2c(o1)cccc2)C[C@@H](CCCC)CC)c1cc(c(s1)C#Cc1ccc(s1)c1n(C[C@H](CCCC)CC)c(=O)c2c1c(=O)n(c2c1ccc(s1)c1cc2c(o1)cccc2)C[C@@H](CCCC)CC)CCCCCCCC,
553,OC1=C([CH]C2=CC(=[S]C(=C2)c2ccccc2)c2ccccc2)C(=O)/C/1=C\[C@H]1N(C)c2c(C1(C)C)c1ccccc1cc2,
554,COc1ccc(cc1)C1=CC(=CC(=[S]1)c1ccc(cc1)OC)[CH]C1=C(O)/C(=C/[C@H]2N(C)c3c(C2(C)C)c2ccccc2cc3)/C1=O,
555,OC1=C([CH]C2=CC(=[S]C(=C2)c2ccccc2)c2ccccc2)C(=O)/C/1=C\[C@H]1N(C)c2c(C1(C)C)ccc1c2cccc1,
556,COc1ccc(cc1)C1=CC(=CC(=[S]1)c1ccc(cc1)OC)[CH]C1=C(O)/C(=C/[C@H]2N(C)c3c(C2(C)C)ccc2c3cccc2)/C1=O,
557,Oc1cc(cc(c1C1=C(O)C(=C1O)N(c1ccccc1)c1ccccc1)O)N1CCc2c1cccc2,
558,CCCCN(c1ccccc1)c1cc(O)c(c(c1)O)C1=C(O)C(=C1O)c1c(O)cc(cc1O)N(c1ccccc1)CCCC,
559,CCCC[C@H](Cc1ccc(s1)c1c2cc(sc2c(c2c1sc(c2)c1sc(cc1CCCCCCCC)c1sc(cc1CCCCCCCC)c1sc(cc1CCCCCCCC)/C=C\1/C(=O)N(c2c1cccc2)CC)c1ccc(s1)C[C@@H](CCCC)CC)c1sc(cc1CCCCCCCC)c1sc(cc1CCCCCCCC)c1sc(cc1CCCCCCCC)/C=C/1\C(=O)N(c2c1cccc2)CC)CC,
560,CCCC[C@H](Cc1ccc(s1)c1c2cc(sc2c(c2c1sc(c2)c1sc(cc1CCCCCCCC)c1sc(cc1CCCCCCCC)c1sc(cc1CCCCCCCC)/C=C\1/C(=O)N(c2c1cc(F)c(c2)F)CC)c1ccc(s1)C[C@@H](CCCC)CC)c1sc(cc1CCCCCCCC)c1sc(cc1CCCCCCCC)c1sc(cc1CCCCCCCC)/C=C/1\C(=O)N(c2c1cc(F)c(c2)F)CC)CC,
